BUILD: BOOTIQ_BACKTEST_V5_SOMBRA_ESTADISTICA_2026_08_01

===== DATASETS SELECCIONADOS PARA BACKTEST =====
Modo: FILTRADO
Total datasets cargados: 19
Datasets válidos técnicamente: 15
Compatibles con filtro oficial: 15
Datasets usados: 15
CANNABIS-OTC | tipo: turbo | filtro: 160.0 | mercado: TENDENCIA_ALCISTA | calidad: LIMPIO | score mercado: 90.0 | tendencia: ALCISTA_FUERTE | fuerza: 75.05 | compatible: True | exclusión: 
USNDAQ100-OTC | tipo: turbo | filtro: 147.0 | mercado: TENDENCIA_ALCISTA | calidad: LIMPIO | score mercado: 77.0 | tendencia: ALCISTA_FUERTE | fuerza: 81.35 | compatible: True | exclusión: 
AUS200-OTC | tipo: turbo | filtro: 127.0 | mercado: TENDENCIA_BAJISTA | calidad: NORMAL | score mercado: 67.0 | tendencia: BAJISTA_FUERTE | fuerza: 70.04 | compatible: True | exclusión: 
SATSUSD-OTC | tipo: turbo | filtro: 127.0 | mercado: TENDENCIA_BAJISTA | calidad: NORMAL | score mercado: 67.0 | tendencia: BAJISTA_FUERTE | fuerza: 87.29 | compatible: True | exclusión: 
EURCAD-OTC | tipo: turbo | filtro: 126.0 | mercado: TENDENCIA_BAJISTA | calidad: NORMAL | score mercado: 66.0 | tendencia: BAJISTA_FUERTE | fuerza: 79.7 | compatible: True | exclusión: 
EURAUD-OTC | tipo: turbo | filtro: 125.0 | mercado: TENDENCIA_BAJISTA | calidad: NORMAL | score mercado: 65.0 | tendencia: BAJISTA_FUERTE | fuerza: 70.47 | compatible: True | exclusión: 
CHFJPY-OTC | tipo: turbo | filtro: 121.0 | mercado: TENDENCIA_ALCISTA | calidad: NORMAL | score mercado: 61.0 | tendencia: ALCISTA_FUERTE | fuerza: 74.63 | compatible: True | exclusión: 
USDNOK-OTC | tipo: turbo | filtro: 121.0 | mercado: TENDENCIA_ALCISTA | calidad: NORMAL | score mercado: 71.0 | tendencia: ALCISTA_NORMAL | fuerza: 63.78 | compatible: True | exclusión: 
NZDCAD-OTC | tipo: turbo | filtro: 120.0 | mercado: TENDENCIA_BAJISTA | calidad: NORMAL | score mercado: 70.0 | tendencia: BAJISTA_NORMAL | fuerza: 50.43 | compatible: True | exclusión: 
CASINOS-OTC | tipo: turbo | filtro: 115.0 | mercado: TENDENCIA_BAJISTA | calidad: NORMAL | score mercado: 65.0 | tendencia: BAJISTA_NORMAL | fuerza: 57.86 | compatible: True | exclusión: 
USDDOP-OTC | tipo: turbo | filtro: 115.0 | mercado: TENDENCIA_ALCISTA | calidad: NORMAL | score mercado: 65.0 | tendencia: ALCISTA_NORMAL | fuerza: 55.97 | compatible: True | exclusión: 
EURUSD-OTC | tipo: turbo | filtro: 114.0 | mercado: TENDENCIA_ALCISTA | calidad: NORMAL | score mercado: 64.0 | tendencia: ALCISTA_NORMAL | fuerza: 59.5 | compatible: True | exclusión: 
USDMXN-OTC | tipo: turbo | filtro: 110.0 | mercado: TENDENCIA_BAJISTA | calidad: NORMAL | score mercado: 60.0 | tendencia: BAJISTA_NORMAL | fuerza: 58.61 | compatible: True | exclusión: 
NIKE-OTC | tipo: turbo | filtro: 107.0 | mercado: TENDENCIA_BAJISTA | calidad: NORMAL | score mercado: 57.0 | tendencia: BAJISTA_NORMAL | fuerza: 50.35 | compatible: True | exclusión: 
JUPUSD-OTC | tipo: turbo | filtro: 105.0 | mercado: TENDENCIA_BAJISTA | calidad: NORMAL | score mercado: 55.0 | tendencia: BAJISTA_NORMAL | fuerza: 60.9 | compatible: True | exclusión: 

===== AUDITORIA DE DATASETS =====
Modo ejecutado: FILTRADO
Datasets cargados: 19
Válidos técnicamente: 15
Compatibles con filtro: 15
Datasets seleccionados: 15

Exclusiones detectadas:
TENDENCIA_DEBIL_SCORE_MENOR_62 | total: 2
CALIDAD_MERCADO_NO_COMPATIBLE | total: 1
TENDENCIA_INDEFINIDA | total: 1

===== SPLIT EXPERIMENTAL AUTOMATICO =====
Universo: 15
TRAIN: 11
VALIDACION: 4
----------------------------------------
TRAIN:
  CANNABIS-OTC
  USNDAQ100-OTC
  AUS200-OTC
  EURCAD-OTC
  CHFJPY-OTC
  NZDCAD-OTC
  CASINOS-OTC
  USDDOP-OTC
  EURUSD-OTC
  NIKE-OTC
  JUPUSD-OTC
----------------------------------------
VALIDACION:
  SATSUSD-OTC
  EURAUD-OTC
  USDNOK-OTC
  USDMXN-OTC
========================================


===== CONFIGURACION EXPERIMENTO =====
Modo: AUDITORIA_TRAIN
Universo experimental: 15
TRAIN reservados: 11
VALIDACION reservados: 4
Datasets usados ahora: 11
====================================

TRAIN:
 - CANNABIS-OTC
 - USNDAQ100-OTC
 - AUS200-OTC
 - EURCAD-OTC
 - CHFJPY-OTC
 - NZDCAD-OTC
 - CASINOS-OTC
 - USDDOP-OTC
 - EURUSD-OTC
 - NIKE-OTC
 - JUPUSD-OTC

VALIDACION RESERVADA:
 - SATSUSD-OTC
 - EURAUD-OTC
 - USDNOK-OTC
 - USDMXN-OTC

Datasets cargados para esta ejecución: 11
Política ranking: MOTOR_CANDIDATOS_V3 | TOP señales por ronda: 20
Ejecutando backtest usando analizar_activo() real...
RANKING DE SEÑALES:
USNDAQ100-OTC | call | pullback alcista a EMA | puntaje: 16 | prioridad: 3 | consenso: 50.0 MEDIO | score final: 105
USNDAQ100-OTC | call | continuación alcista con tendencia | puntaje: 13 | prioridad: 2 | consenso: 50.0 MEDIO | score final: 56
CONTEXTO FINAL: USNDAQ100-OTC call pullback alcista a EMA | MERCADO: TENDENCIA_ALCISTA | CALIDAD: NORMAL 72 | TENDENCIA: ALCISTA_NORMAL 59.81 | ACCION: CALL_RESISTENCIA_CERCA_SIN_RUPTURA
CONTEXTO FINAL: USNDAQ100-OTC call continuación alcista con tendencia | MERCADO: TENDENCIA_ALCISTA | CALIDAD: NORMAL 72 | TENDENCIA: ALCISTA_NORMAL 59.81 | ACCION: CALL_RESISTENCIA_CERCA_SIN_RUPTURA
RANKING DE SEÑALES:
AUS200-OTC | call | liquidity sweep alcista | puntaje: 24 | prioridad: 4 | consenso: 50.0 MEDIO | score final: 226
CANDIDATOS BOOTIQ V2: 1
CONTEXTO FINAL: AUS200-OTC call liquidity sweep alcista | MERCADO: TENDENCIA_BAJISTA | CALIDAD: NORMAL 63 | TENDENCIA: BAJISTA_NORMAL 52.52 | ACCION: RECHAZO_COMPRADOR_SOPORTE
RANKING DE SEÑALES:
AUS200-OTC | call | liquidity sweep alcista | puntaje: 24 | prioridad: 4 | consenso: 50.0 MEDIO | score final: 226
CANDIDATOS BOOTIQ V2: 1
CONTEXTO FINAL: AUS200-OTC call liquidity sweep alcista | MERCADO: TENDENCIA_BAJISTA | CALIDAD: NORMAL 57 | TENDENCIA: BAJISTA_NORMAL 50.51 | ACCION: RECHAZO_COMPRADOR_SOPORTE
RANKING DE SEÑALES:
NZDCAD-OTC | put | liquidity sweep bajista | puntaje: 23 | prioridad: 4 | consenso: 50.0 MEDIO | score final: 212
CONTEXTO FINAL: NZDCAD-OTC put liquidity sweep bajista | MERCADO: TENDENCIA_ALCISTA | CALIDAD: NORMAL 60 | TENDENCIA: ALCISTA_NORMAL 57.43 | ACCION: PUT_SOPORTE_CERCA_SIN_RUPTURA
RANKING DE SEÑALES:
CANNABIS-OTC | put | CHOCH bajista | puntaje: 19 | prioridad: 3 | consenso: 50.0 MEDIO | score final: 131
CONTEXTO FINAL: CANNABIS-OTC put CHOCH bajista | MERCADO: TENDENCIA_BAJISTA | CALIDAD: NORMAL 59 | TENDENCIA: BAJISTA_FUERTE 73.36 | ACCION: PUT_SOPORTE_CERCA_SIN_RUPTURA
RANKING DE SEÑALES:
CANNABIS-OTC | call | liquidity sweep alcista | puntaje: 22 | prioridad: 4 | consenso: 50.0 MEDIO | score final: 200
CANDIDATOS BOOTIQ V2: 1
CONTEXTO FINAL: CANNABIS-OTC call liquidity sweep alcista | MERCADO: TENDENCIA_BAJISTA | CALIDAD: NORMAL 59 | TENDENCIA: BAJISTA_FUERTE 72.99 | ACCION: CALL_RESISTENCIA_CERCA_SIN_RUPTURA
RANKING DE SEÑALES:
EURCAD-OTC | put | pullback bajista a EMA | puntaje: 19 | prioridad: 4 | consenso: 50.0 MEDIO | score final: 126
CONTEXTO FINAL: EURCAD-OTC put pullback bajista a EMA | MERCADO: TENDENCIA_BAJISTA | CALIDAD: NORMAL 57 | TENDENCIA: BAJISTA_NORMAL 55.69 | ACCION: ABSORCION_COMPRADORA
RANKING DE SEÑALES:
CASINOS-OTC | call | liquidity sweep alcista | puntaje: 22 | prioridad: 4 | consenso: 50.0 MEDIO | score final: 200
CANDIDATOS BOOTIQ V2: 1
CONTEXTO FINAL: CASINOS-OTC call liquidity sweep alcista | MERCADO: TENDENCIA_BAJISTA | CALIDAD: NORMAL 66 | TENDENCIA: BAJISTA_FUERTE 78.64 | ACCION: CALL_RESISTENCIA_CERCA_SIN_RUPTURA
RANKING DE SEÑALES:
AUS200-OTC | put | pullback bajista a EMA | puntaje: 20 | prioridad: 4 | consenso: 50.0 MEDIO | score final: 118
CONTEXTO FINAL: AUS200-OTC put pullback bajista a EMA | MERCADO: TENDENCIA_BAJISTA | CALIDAD: NORMAL 68 | TENDENCIA: BAJISTA_NORMAL 50.77 | ACCION: PUT_SOPORTE_CERCA_SIN_RUPTURA
Progreso: 25 / 2818
RANKING DE SEÑALES:
AUS200-OTC | put | pullback bajista a EMA | puntaje: 17 | prioridad: 3 | consenso: 50.0 MEDIO | score final: 99
CONTEXTO FINAL: AUS200-OTC put pullback bajista a EMA | MERCADO: TENDENCIA_BAJISTA | CALIDAD: NORMAL 68 | TENDENCIA: BAJISTA_NORMAL 66.42 | ACCION: PUT_SOPORTE_CERCA_SIN_RUPTURA
RANKING DE SEÑALES:
AUS200-OTC | put | pullback bajista a EMA | puntaje: 16 | prioridad: 3 | consenso: 50.0 MEDIO | score final: 107
CONTEXTO FINAL: AUS200-OTC put pullback bajista a EMA | MERCADO: TENDENCIA_BAJISTA | CALIDAD: NORMAL 61 | TENDENCIA: BAJISTA_NORMAL 50.91 | ACCION: PUT_SOPORTE_CERCA_SIN_RUPTURA
RANKING DE SEÑALES:
JUPUSD-OTC | call | continuación alcista con tendencia | puntaje: 11 | prioridad: 2 | consenso: 50.0 MEDIO | score final: 52
CONTEXTO FINAL: JUPUSD-OTC call continuación alcista con tendencia | MERCADO: TENDENCIA_ALCISTA | CALIDAD: NORMAL 62 | TENDENCIA: ALCISTA_NORMAL 50.21 | ACCION: CALL_RESISTENCIA_CERCA_SIN_RUPTURA
RANKING DE SEÑALES:
JUPUSD-OTC | call | continuación alcista con tendencia | puntaje: 11 | prioridad: 2 | consenso: 50.0 MEDIO | score final: 62
CONTEXTO FINAL: JUPUSD-OTC call continuación alcista con tendencia | MERCADO: TENDENCIA_ALCISTA | CALIDAD: NORMAL 71 | TENDENCIA: ALCISTA_NORMAL 67.81 | ACCION: CALL_RESISTENCIA_CERCA_SIN_RUPTURA
RANKING DE SEÑALES:
CHFJPY-OTC | call | pullback alcista a EMA | puntaje: 20 | prioridad: 4 | consenso: 50.0 MEDIO | score final: 138
CONTEXTO FINAL: CHFJPY-OTC call pullback alcista a EMA | MERCADO: TENDENCIA_ALCISTA | CALIDAD: NORMAL 63 | TENDENCIA: ALCISTA_NORMAL 54.09 | ACCION: ABSORCION_VENDEDORA
RANKING DE SEÑALES:
CHFJPY-OTC | call | reacción compradora en soporte | puntaje: 18 | prioridad: 0 | consenso: 50.0 MEDIO | score final: 125
CONTEXTO FINAL: CHFJPY-OTC call reacción compradora en soporte | MERCADO: TENDENCIA_ALCISTA | CALIDAD: NORMAL 63 | TENDENCIA: ALCISTA_NORMAL 59.08 | ACCION: CALL_RESISTENCIA_CERCA_SIN_RUPTURA
Progreso: 50 / 2818
RANKING DE SEÑALES:
CASINOS-OTC | call | liquidity sweep alcista | puntaje: 24 | prioridad: 4 | consenso: 50.0 MEDIO | score final: 214
CANDIDATOS BOOTIQ V2: 1
CONTEXTO FINAL: CASINOS-OTC call liquidity sweep alcista | MERCADO: TENDENCIA_BAJISTA | CALIDAD: NORMAL 67 | TENDENCIA: BAJISTA_FUERTE 77.24 | ACCION: CALL_RESISTENCIA_CERCA_SIN_RUPTURA
RANKING DE SEÑALES:
JUPUSD-OTC | put | liquidity sweep bajista | puntaje: 20 | prioridad: 4 | consenso: 50.0 MEDIO | score final: 196
CONTEXTO FINAL: JUPUSD-OTC put liquidity sweep bajista | MERCADO: TENDENCIA_ALCISTA | CALIDAD: NORMAL 66 | TENDENCIA: ALCISTA_NORMAL 69.7 | ACCION: PUT_SOPORTE_CERCA_SIN_RUPTURA
RANKING DE SEÑALES:
CASINOS-OTC | put | pullback bajista a EMA | puntaje: 19 | prioridad: 4 | consenso: 50.0 MEDIO | score final: 126
CONTEXTO FINAL: CASINOS-OTC put pullback bajista a EMA | MERCADO: TENDENCIA_BAJISTA | CALIDAD: NORMAL 56 | TENDENCIA: BAJISTA_NORMAL 58.54 | ACCION: ABSORCION_COMPRADORA
RANKING DE SEÑALES:
AUS200-OTC | put | liquidity sweep bajista | puntaje: 26 | prioridad: 4 | consenso: 50.0 MEDIO | score final: 230
CONTEXTO FINAL: AUS200-OTC put liquidity sweep bajista | MERCADO: TENDENCIA_ALCISTA | CALIDAD: NORMAL 61 | TENDENCIA: ALCISTA_NORMAL 58.85 | ACCION: RECHAZO_VENDEDOR_RESISTENCIA
RANKING DE SEÑALES:
AUS200-OTC | call | pullback alcista a EMA | puntaje: 19 | prioridad: 4 | consenso: 50.0 MEDIO | score final: 134
CONTEXTO FINAL: AUS200-OTC call pullback alcista a EMA | MERCADO: TENDENCIA_ALCISTA | CALIDAD: NORMAL 70 | TENDENCIA: ALCISTA_NORMAL 59.17 | ACCION: CALL_RESISTENCIA_CERCA_SIN_RUPTURA
RANKING DE SEÑALES:
AUS200-OTC | put | liquidity sweep bajista | puntaje: 23 | prioridad: 4 | consenso: 50.0 MEDIO | score final: 212
CONTEXTO FINAL: AUS200-OTC put liquidity sweep bajista | MERCADO: TENDENCIA_ALCISTA | CALIDAD: NORMAL 59 | TENDENCIA: ALCISTA_NORMAL 55.4 | ACCION: PUT_SOPORTE_CERCA_SIN_RUPTURA
RANKING DE SEÑALES:
CANNABIS-OTC | call | liquidity sweep alcista | puntaje: 22 | prioridad: 4 | consenso: 50.0 MEDIO | score final: 212
CANNABIS-OTC | put | continuación bajista con tendencia | puntaje: 13 | prioridad: 2 | consenso: 50.0 MEDIO | score final: 56
CANDIDATOS BOOTIQ V2: 1
CONTEXTO FINAL: CANNABIS-OTC call liquidity sweep alcista | MERCADO: TENDENCIA_BAJISTA | CALIDAD: LIMPIO 75 | TENDENCIA: BAJISTA_FUERTE 70.72 | ACCION: RECHAZO_COMPRADOR_SOPORTE
CONTEXTO FINAL: CANNABIS-OTC put continuación bajista con tendencia | MERCADO: TENDENCIA_BAJISTA | CALIDAD: LIMPIO 75 | TENDENCIA: BAJISTA_FUERTE 70.72 | ACCION: ABSORCION_COMPRADORA
RANKING DE SEÑALES:
JUPUSD-OTC | put | CHOCH bajista | puntaje: 19 | prioridad: 3 | consenso: 50.0 MEDIO | score final: 131
JUPUSD-OTC | put | continuación bajista con tendencia | puntaje: 11 | prioridad: 2 | consenso: 50.0 MEDIO | score final: 52
CONTEXTO FINAL: JUPUSD-OTC put CHOCH bajista | MERCADO: TENDENCIA_BAJISTA | CALIDAD: LIMPIO 78 | TENDENCIA: BAJISTA_FUERTE 71.4 | ACCION: PUT_SOPORTE_CERCA_SIN_RUPTURA
CONTEXTO FINAL: JUPUSD-OTC put continuación bajista con tendencia | MERCADO: TENDENCIA_BAJISTA | CALIDAD: LIMPIO 78 | TENDENCIA: BAJISTA_FUERTE 71.4 | ACCION: PUT_SOPORTE_CERCA_SIN_RUPTURA
Progreso: 75 / 2818
RANKING DE SEÑALES:
NZDCAD-OTC | call | pullback alcista a EMA | puntaje: 17 | prioridad: 3 | consenso: 50.0 MEDIO | score final: 117
CONTEXTO FINAL: NZDCAD-OTC call pullback alcista a EMA | MERCADO: TENDENCIA_ALCISTA | CALIDAD: NORMAL 67 | TENDENCIA: ALCISTA_DEBIL 40.64 | ACCION: CALL_RESISTENCIA_CERCA_SIN_RUPTURA
RANKING DE SEÑALES:
CANNABIS-OTC | put | continuación bajista con tendencia | puntaje: 11 | prioridad: 2 | consenso: 50.0 MEDIO | score final: 62
CONTEXTO FINAL: CANNABIS-OTC put continuación bajista con tendencia | MERCADO: TENDENCIA_BAJISTA | CALIDAD: NORMAL 58 | TENDENCIA: BAJISTA_FUERTE 70.2 | ACCION: ABSORCION_COMPRADORA
RANKING DE SEÑALES:
NIKE-OTC | put | continuación bajista con tendencia | puntaje: 11 | prioridad: 2 | consenso: 50.0 MEDIO | score final: 52
CONTEXTO FINAL: NIKE-OTC put continuación bajista con tendencia | MERCADO: TENDENCIA_BAJISTA | CALIDAD: NORMAL 56 | TENDENCIA: BAJISTA_NORMAL 58.07 | ACCION: PUT_SOPORTE_CERCA_SIN_RUPTURA
RANKING DE SEÑALES:
NZDCAD-OTC | call | pullback alcista a EMA | puntaje: 16 | prioridad: 3 | consenso: 50.0 MEDIO | score final: 105
CONTEXTO FINAL: NZDCAD-OTC call pullback alcista a EMA | MERCADO: TENDENCIA_ALCISTA | CALIDAD: NORMAL 67 | TENDENCIA: ALCISTA_DEBIL 44.72 | ACCION: CALL_RESISTENCIA_CERCA_SIN_RUPTURA
RANKING DE SEÑALES:
CANNABIS-OTC | put | pullback bajista a EMA | puntaje: 16 | prioridad: 3 | consenso: 50.0 MEDIO | score final: 107
CANNABIS-OTC | put | continuación bajista con tendencia | puntaje: 13 | prioridad: 2 | consenso: 50.0 MEDIO | score final: 66
CONTEXTO FINAL: CANNABIS-OTC put pullback bajista a EMA | MERCADO: TENDENCIA_BAJISTA | CALIDAD: NORMAL 56 | TENDENCIA: BAJISTA_NORMAL 62.94 | ACCION: ABSORCION_COMPRADORA
CONTEXTO FINAL: CANNABIS-OTC put continuación bajista con tendencia | MERCADO: TENDENCIA_BAJISTA | CALIDAD: NORMAL 56 | TENDENCIA: BAJISTA_NORMAL 62.94 | ACCION: ABSORCION_COMPRADORA
RANKING DE SEÑALES:
NIKE-OTC | put | continuación bajista con tendencia | puntaje: 11 | prioridad: 2 | consenso: 50.0 MEDIO | score final: 52
CONTEXTO FINAL: NIKE-OTC put continuación bajista con tendencia | MERCADO: TENDENCIA_BAJISTA | CALIDAD: NORMAL 56 | TENDENCIA: BAJISTA_NORMAL 58.34 | ACCION: PUT_SOPORTE_CERCA_SIN_RUPTURA
RANKING DE SEÑALES:
NIKE-OTC | put | continuación bajista con tendencia | puntaje: 11 | prioridad: 2 | consenso: 50.0 MEDIO | score final: 52
CONTEXTO FINAL: NIKE-OTC put continuación bajista con tendencia | MERCADO: TENDENCIA_BAJISTA | CALIDAD: NORMAL 56 | TENDENCIA: BAJISTA_NORMAL 64.08 | ACCION: PUT_SOPORTE_CERCA_SIN_RUPTURA
RANKING DE SEÑALES:
AUS200-OTC | call | liquidity sweep alcista | puntaje: 26 | prioridad: 4 | consenso: 50.0 MEDIO | score final: 230
CANDIDATOS BOOTIQ V2: 1
CONTEXTO FINAL: AUS200-OTC call liquidity sweep alcista | MERCADO: TENDENCIA_BAJISTA | CALIDAD: NORMAL 70 | TENDENCIA: BAJISTA_NORMAL 53.41 | ACCION: RECHAZO_COMPRADOR_SOPORTE
RANKING DE SEÑALES:
AUS200-OTC | put | pullback bajista a EMA | puntaje: 18 | prioridad: 4 | consenso: 50.0 MEDIO | score final: 124
CONTEXTO FINAL: AUS200-OTC put pullback bajista a EMA | MERCADO: TENDENCIA_BAJISTA | CALIDAD: NORMAL 63 | TENDENCIA: BAJISTA_FUERTE 77.24 | ACCION: ABSORCION_COMPRADORA
Progreso: 100 / 2818
Ronda: 100 Señales: 0
RANKING DE SEÑALES:
EURCAD-OTC | put | liquidity sweep bajista | puntaje: 23 | prioridad: 4 | consenso: 50.0 MEDIO | score final: 212
CONTEXTO FINAL: EURCAD-OTC put liquidity sweep bajista | MERCADO: TENDENCIA_ALCISTA | CALIDAD: NORMAL 59 | TENDENCIA: ALCISTA_NORMAL 68.37 | ACCION: PUT_SOPORTE_CERCA_SIN_RUPTURA
RANKING DE SEÑALES:
EURCAD-OTC | put | CHOCH bajista | puntaje: 21 | prioridad: 4 | consenso: 50.0 MEDIO | score final: 148
CONTEXTO FINAL: EURCAD-OTC put CHOCH bajista | MERCADO: TENDENCIA_BAJISTA | CALIDAD: NORMAL 63 | TENDENCIA: BAJISTA_NORMAL 54.74 | ACCION: ABSORCION_COMPRADORA
RANKING DE SEÑALES:
NZDCAD-OTC | put | pullback bajista a EMA | puntaje: 16 | prioridad: 3 | consenso: 50.0 MEDIO | score final: 107
CONTEXTO FINAL: NZDCAD-OTC put pullback bajista a EMA | MERCADO: TENDENCIA_BAJISTA | CALIDAD: NORMAL 56 | TENDENCIA: BAJISTA_NORMAL 53.18 | ACCION: PUT_ZONA_NEUTRA
Progreso: 125 / 2818
RANKING DE SEÑALES:
CHFJPY-OTC | put | pullback bajista a EMA | puntaje: 20 | prioridad: 4 | consenso: 50.0 MEDIO | score final: 128
CONTEXTO FINAL: CHFJPY-OTC put pullback bajista a EMA | MERCADO: TENDENCIA_BAJISTA | CALIDAD: NORMAL 58 | TENDENCIA: BAJISTA_NORMAL 69.26 | ACCION: PUT_SOPORTE_CERCA_SIN_RUPTURA
RANKING DE SEÑALES:
EURCAD-OTC | call | liquidity sweep alcista | puntaje: 22 | prioridad: 4 | consenso: 50.0 MEDIO | score final: 212
CANDIDATOS BOOTIQ V2: 1
CONTEXTO FINAL: EURCAD-OTC call liquidity sweep alcista | MERCADO: TENDENCIA_BAJISTA | CALIDAD: NORMAL 62 | TENDENCIA: BAJISTA_DEBIL 39.5 | ACCION: RECHAZO_COMPRADOR_SOPORTE
RANKING DE SEÑALES:
CHFJPY-OTC | put | reacción vendedora en resistencia | puntaje: 18 | prioridad: 0 | consenso: 50.0 MEDIO | score final: 106
CONTEXTO FINAL: CHFJPY-OTC put reacción vendedora en resistencia | MERCADO: TENDENCIA_BAJISTA | CALIDAD: NORMAL 56 | TENDENCIA: BAJISTA_FUERTE 70.99 | ACCION: PUT_SOPORTE_CERCA_SIN_RUPTURA
RANKING DE SEÑALES:
USDDOP-OTC | call | continuación alcista con tendencia | puntaje: 11 | prioridad: 2 | consenso: 50.0 MEDIO | score final: 52
CONTEXTO FINAL: USDDOP-OTC call continuación alcista con tendencia | MERCADO: TENDENCIA_ALCISTA | CALIDAD: NORMAL 66 | TENDENCIA: ALCISTA_DEBIL 39.47 | ACCION: CALL_RESISTENCIA_CERCA_SIN_RUPTURA
Progreso: 150 / 2818
RANKING DE SEÑALES:
NZDCAD-OTC | call | pullback alcista a EMA | puntaje: 16 | prioridad: 3 | consenso: 50.0 MEDIO | score final: 117
CONTEXTO FINAL: NZDCAD-OTC call pullback alcista a EMA | MERCADO: TENDENCIA_ALCISTA | CALIDAD: NORMAL 56 | TENDENCIA: ALCISTA_NORMAL 57.03 | ACCION: RECHAZO_COMPRADOR_SOPORTE
RANKING DE SEÑALES:
AUS200-OTC | put | pullback bajista a EMA | puntaje: 16 | prioridad: 3 | consenso: 50.0 MEDIO | score final: 107
CONTEXTO FINAL: AUS200-OTC put pullback bajista a EMA | MERCADO: TENDENCIA_BAJISTA | CALIDAD: NORMAL 55 | TENDENCIA: BAJISTA_NORMAL 53.36 | ACCION: PUT_SOPORTE_CERCA_SIN_RUPTURA
RANKING DE SEÑALES:
AUS200-OTC | call | liquidity sweep alcista | puntaje: 25 | prioridad: 4 | consenso: 50.0 MEDIO | score final: 216
CANDIDATOS BOOTIQ V2: 1
CONTEXTO FINAL: AUS200-OTC call liquidity sweep alcista | MERCADO: TENDENCIA_BAJISTA | CALIDAD: NORMAL 62 | TENDENCIA: BAJISTA_NORMAL 65.1 | ACCION: CALL_RESISTENCIA_CERCA_SIN_RUPTURA
RANKING DE SEÑALES:
AUS200-OTC | put | continuación bajista con tendencia | puntaje: 11 | prioridad: 2 | consenso: 50.0 MEDIO | score final: 52
CONTEXTO FINAL: AUS200-OTC put continuación bajista con tendencia | MERCADO: TENDENCIA_BAJISTA | CALIDAD: NORMAL 60 | TENDENCIA: BAJISTA_FUERTE 78.44 | ACCION: PUT_SOPORTE_CERCA_SIN_RUPTURA
RANKING DE SEÑALES:
EURUSD-OTC | call | liquidity sweep alcista | puntaje: 23 | prioridad: 4 | consenso: 50.0 MEDIO | score final: 212
CANDIDATOS BOOTIQ V2: 1
CONTEXTO FINAL: EURUSD-OTC call liquidity sweep alcista | MERCADO: TENDENCIA_BAJISTA | CALIDAD: NORMAL 57 | TENDENCIA: BAJISTA_NORMAL 50.57 | ACCION: CALL_RESISTENCIA_CERCA_SIN_RUPTURA
Progreso: 175 / 2818
RANKING DE SEÑALES:
CANNABIS-OTC | call | liquidity sweep alcista | puntaje: 24 | prioridad: 4 | consenso: 50.0 MEDIO | score final: 214
CANNABIS-OTC | call | pullback alcista a EMA | puntaje: 16 | prioridad: 3 | consenso: 50.0 MEDIO | score final: 115
CANDIDATOS BOOTIQ V2: 1
CONTEXTO FINAL: CANNABIS-OTC call liquidity sweep alcista | MERCADO: TENDENCIA_ALCISTA | CALIDAD: NORMAL 60 | TENDENCIA: ALCISTA_NORMAL 62.27 | ACCION: CALL_RESISTENCIA_CERCA_SIN_RUPTURA
CONTEXTO FINAL: CANNABIS-OTC call pullback alcista a EMA | MERCADO: TENDENCIA_ALCISTA | CALIDAD: NORMAL 60 | TENDENCIA: ALCISTA_NORMAL 62.27 | ACCION: CALL_RESISTENCIA_CERCA_SIN_RUPTURA
RANKING DE SEÑALES:
EURUSD-OTC | put | pullback bajista a EMA | puntaje: 16 | prioridad: 3 | consenso: 50.0 MEDIO | score final: 107
CONTEXTO FINAL: EURUSD-OTC put pullback bajista a EMA | MERCADO: TENDENCIA_BAJISTA | CALIDAD: NORMAL 73 | TENDENCIA: BAJISTA_NORMAL 58.29 | ACCION: ABSORCION_COMPRADORA
RANKING DE SEÑALES:
CASINOS-OTC | call | continuación alcista con tendencia | puntaje: 13 | prioridad: 2 | consenso: 50.0 MEDIO | score final: 56
CONTEXTO FINAL: CASINOS-OTC call continuación alcista con tendencia | MERCADO: TENDENCIA_ALCISTA | CALIDAD: NORMAL 55 | TENDENCIA: ALCISTA_NORMAL 53.77 | ACCION: CALL_RESISTENCIA_CERCA_SIN_RUPTURA
RANKING DE SEÑALES:
NIKE-OTC | put | reacción vendedora en resistencia | puntaje: 18 | prioridad: 0 | consenso: 50.0 MEDIO | score final: 116
CONTEXTO FINAL: NIKE-OTC put reacción vendedora en resistencia | MERCADO: TENDENCIA_ALCISTA | CALIDAD: NORMAL 57 | TENDENCIA: ALCISTA_NORMAL 69.9 | ACCION: PUT_ZONA_NEUTRA
Progreso: 200 / 2818
Ronda: 200 Señales: 0
RANKING DE SEÑALES:
AUS200-OTC | put | liquidity sweep bajista | puntaje: 20 | prioridad: 4 | consenso: 50.0 MEDIO | score final: 196
CONTEXTO FINAL: AUS200-OTC put liquidity sweep bajista | MERCADO: TENDENCIA_ALCISTA | CALIDAD: NORMAL 62 | TENDENCIA: ALCISTA_NORMAL 65.54 | ACCION: PUT_SOPORTE_CERCA_SIN_RUPTURA
RANKING DE SEÑALES:
AUS200-OTC | put | liquidity sweep bajista | puntaje: 20 | prioridad: 4 | consenso: 50.0 MEDIO | score final: 196
CONTEXTO FINAL: AUS200-OTC put liquidity sweep bajista | MERCADO: TENDENCIA_ALCISTA | CALIDAD: LIMPIO 78 | TENDENCIA: ALCISTA_NORMAL 62.64 | ACCION: ABSORCION_COMPRADORA
RANKING DE SEÑALES:
NIKE-OTC | call | continuación alcista con tendencia | puntaje: 11 | prioridad: 2 | consenso: 50.0 MEDIO | score final: 52
CONTEXTO FINAL: NIKE-OTC call continuación alcista con tendencia | MERCADO: TENDENCIA_ALCISTA | CALIDAD: NORMAL 65 | TENDENCIA: ALCISTA_NORMAL 69.67 | ACCION: CALL_RESISTENCIA_CERCA_SIN_RUPTURA
RANKING DE SEÑALES:
NIKE-OTC | call | continuación alcista con tendencia | puntaje: 11 | prioridad: 2 | consenso: 50.0 MEDIO | score final: 62
CONTEXTO FINAL: NIKE-OTC call continuación alcista con tendencia | MERCADO: TENDENCIA_ALCISTA | CALIDAD: NORMAL 63 | TENDENCIA: ALCISTA_NORMAL 66.76 | ACCION: CALL_RESISTENCIA_CERCA_SIN_RUPTURA
RANKING DE SEÑALES:
EURUSD-OTC | put | continuación bajista con tendencia | puntaje: 15 | prioridad: 3 | consenso: 50.0 MEDIO | score final: 89
CONTEXTO FINAL: EURUSD-OTC put continuación bajista con tendencia | MERCADO: TENDENCIA_BAJISTA | CALIDAD: NORMAL 59 | TENDENCIA: BAJISTA_FUERTE 80.82 | ACCION: RECHAZO_VENDEDOR_RESISTENCIA
RANKING DE SEÑALES:
CANNABIS-OTC | put | liquidity sweep bajista | puntaje: 22 | prioridad: 4 | consenso: 50.0 MEDIO | score final: 200
CONTEXTO FINAL: CANNABIS-OTC put liquidity sweep bajista | MERCADO: TENDENCIA_BAJISTA | CALIDAD: NORMAL 63 | TENDENCIA: BAJISTA_DEBIL 43.35 | ACCION: PUT_SOPORTE_CERCA_SIN_RUPTURA
RANKING DE SEÑALES:
CASINOS-OTC | put | CHOCH bajista | puntaje: 19 | prioridad: 3 | consenso: 50.0 MEDIO | score final: 131
CONTEXTO FINAL: CASINOS-OTC put CHOCH bajista | MERCADO: TENDENCIA_BAJISTA | CALIDAD: LIMPIO 79 | TENDENCIA: BAJISTA_NORMAL 52.67 | ACCION: PUT_SOPORTE_CERCA_SIN_RUPTURA
RANKING DE SEÑALES:
NZDCAD-OTC | put | pullback bajista a EMA | puntaje: 16 | prioridad: 3 | consenso: 50.0 MEDIO | score final: 107
CONTEXTO FINAL: NZDCAD-OTC put pullback bajista a EMA | MERCADO: TENDENCIA_BAJISTA | CALIDAD: NORMAL 64 | TENDENCIA: BAJISTA_NORMAL 65.65 | ACCION: PUT_SOPORTE_CERCA_SIN_RUPTURA
RANKING DE SEÑALES:
AUS200-OTC | put | liquidity sweep bajista | puntaje: 22 | prioridad: 4 | consenso: 50.0 MEDIO | score final: 200
CONTEXTO FINAL: AUS200-OTC put liquidity sweep bajista | MERCADO: TENDENCIA_ALCISTA | CALIDAD: NORMAL 66 | TENDENCIA: ALCISTA_FUERTE 82.93 | ACCION: PUT_SOPORTE_CERCA_SIN_RUPTURA
RANKING DE SEÑALES:
NZDCAD-OTC | put | pullback bajista a EMA | puntaje: 17 | prioridad: 3 | consenso: 50.0 MEDIO | score final: 109
CONTEXTO FINAL: NZDCAD-OTC put pullback bajista a EMA | MERCADO: TENDENCIA_BAJISTA | CALIDAD: NORMAL 55 | TENDENCIA: BAJISTA_NORMAL 53.17 | ACCION: PUT_SOPORTE_CERCA_SIN_RUPTURA
Progreso: 225 / 2818
RANKING DE SEÑALES:
CANNABIS-OTC | put | pullback bajista a EMA | puntaje: 16 | prioridad: 3 | consenso: 50.0 MEDIO | score final: 107
CONTEXTO FINAL: CANNABIS-OTC put pullback bajista a EMA | MERCADO: TENDENCIA_BAJISTA | CALIDAD: NORMAL 56 | TENDENCIA: BAJISTA_NORMAL 56.26 | ACCION: ABSORCION_COMPRADORA
RANKING DE SEÑALES:
AUS200-OTC | put | reacción vendedora en resistencia | puntaje: 23 | prioridad: 4 | consenso: 50.0 MEDIO | score final: 154
CONTEXTO FINAL: AUS200-OTC put reacción vendedora en resistencia | MERCADO: TENDENCIA_ALCISTA | CALIDAD: NORMAL 58 | TENDENCIA: ALCISTA_NORMAL 69.14 | ACCION: PUT_SOPORTE_CERCA_SIN_RUPTURA
Progreso: 250 / 2818
RANKING DE SEÑALES:
EURCAD-OTC | put | CHOCH bajista | puntaje: 21 | prioridad: 4 | consenso: 50.0 MEDIO | score final: 148
CONTEXTO FINAL: EURCAD-OTC put CHOCH bajista | MERCADO: TENDENCIA_BAJISTA | CALIDAD: NORMAL 65 | TENDENCIA: BAJISTA_NORMAL 68.45 | ACCION: PUT_SOPORTE_CERCA_SIN_RUPTURA
RANKING DE SEÑALES:
USDDOP-OTC | put | continuación bajista con tendencia | puntaje: 11 | prioridad: 2 | consenso: 50.0 MEDIO | score final: 52
CONTEXTO FINAL: USDDOP-OTC put continuación bajista con tendencia | MERCADO: TENDENCIA_BAJISTA | CALIDAD: NORMAL 55 | TENDENCIA: BAJISTA_NORMAL 63.97 | ACCION: PUT_SOPORTE_CERCA_SIN_RUPTURA
RANKING DE SEÑALES:
USDDOP-OTC | put | pullback bajista a EMA | puntaje: 16 | prioridad: 3 | consenso: 50.0 MEDIO | score final: 97
USDDOP-OTC | put | continuación bajista con tendencia | puntaje: 13 | prioridad: 2 | consenso: 50.0 MEDIO | score final: 56
CONTEXTO FINAL: USDDOP-OTC put pullback bajista a EMA | MERCADO: TENDENCIA_BAJISTA | CALIDAD: NORMAL 64 | TENDENCIA: BAJISTA_FUERTE 73.75 | ACCION: PUT_SOPORTE_CERCA_SIN_RUPTURA
CONTEXTO FINAL: USDDOP-OTC put continuación bajista con tendencia | MERCADO: TENDENCIA_BAJISTA | CALIDAD: NORMAL 64 | TENDENCIA: BAJISTA_FUERTE 73.75 | ACCION: PUT_SOPORTE_CERCA_SIN_RUPTURA
RANKING DE SEÑALES:
USDDOP-OTC | call | liquidity sweep alcista | puntaje: 24 | prioridad: 4 | consenso: 50.0 MEDIO | score final: 226
CANDIDATOS BOOTIQ V2: 1
CONTEXTO FINAL: USDDOP-OTC call liquidity sweep alcista | MERCADO: TENDENCIA_BAJISTA | CALIDAD: NORMAL 62 | TENDENCIA: BAJISTA_NORMAL 63.66 | ACCION: RECHAZO_COMPRADOR_SOPORTE
RANKING DE SEÑALES:
NIKE-OTC | put | pullback bajista a EMA | puntaje: 17 | prioridad: 3 | consenso: 50.0 MEDIO | score final: 109
CONTEXTO FINAL: NIKE-OTC put pullback bajista a EMA | MERCADO: TENDENCIA_BAJISTA | CALIDAD: NORMAL 55 | TENDENCIA: BAJISTA_NORMAL 52.19 | ACCION: PUT_SOPORTE_CERCA_SIN_RUPTURA
RANKING DE SEÑALES:
USDDOP-OTC | put | pullback bajista a EMA | puntaje: 17 | prioridad: 3 | consenso: 50.0 MEDIO | score final: 109
CONTEXTO FINAL: USDDOP-OTC put pullback bajista a EMA | MERCADO: TENDENCIA_BAJISTA | CALIDAD: NORMAL 66 | TENDENCIA: BAJISTA_NORMAL 66.94 | ACCION: PUT_SOPORTE_CERCA_SIN_RUPTURA
Progreso: 275 / 2818
RANKING DE SEÑALES:
USNDAQ100-OTC | call | liquidity sweep alcista | puntaje: 22 | prioridad: 4 | consenso: 50.0 MEDIO | score final: 200
USNDAQ100-OTC | call | pullback alcista a EMA | puntaje: 16 | prioridad: 3 | consenso: 50.0 MEDIO | score final: 115
CANDIDATOS BOOTIQ V2: 1
CONTEXTO FINAL: USNDAQ100-OTC call liquidity sweep alcista | MERCADO: TENDENCIA_ALCISTA | CALIDAD: NORMAL 63 | TENDENCIA: ALCISTA_DEBIL 49.36 | ACCION: CALL_RESISTENCIA_CERCA_SIN_RUPTURA
CONTEXTO FINAL: USNDAQ100-OTC call pullback alcista a EMA | MERCADO: TENDENCIA_ALCISTA | CALIDAD: NORMAL 63 | TENDENCIA: ALCISTA_DEBIL 49.36 | ACCION: CALL_RESISTENCIA_CERCA_SIN_RUPTURA
RANKING DE SEÑALES:
CASINOS-OTC | call | pullback alcista a EMA | puntaje: 19 | prioridad: 4 | consenso: 50.0 MEDIO | score final: 124
CONTEXTO FINAL: CASINOS-OTC call pullback alcista a EMA | MERCADO: TENDENCIA_ALCISTA | CALIDAD: NORMAL 67 | TENDENCIA: ALCISTA_NORMAL 59.62 | ACCION: CALL_RESISTENCIA_CERCA_SIN_RUPTURA
RANKING DE SEÑALES:
JUPUSD-OTC | call | pullback alcista a EMA | puntaje: 16 | prioridad: 3 | consenso: 50.0 MEDIO | score final: 105
CONTEXTO FINAL: JUPUSD-OTC call pullback alcista a EMA | MERCADO: TENDENCIA_ALCISTA | CALIDAD: NORMAL 73 | TENDENCIA: ALCISTA_NORMAL 69.11 | ACCION: CALL_ZONA_NEUTRA
RANKING DE SEÑALES:
JUPUSD-OTC | call | continuación alcista con tendencia | puntaje: 11 | prioridad: 2 | consenso: 50.0 MEDIO | score final: 62
CONTEXTO FINAL: JUPUSD-OTC call continuación alcista con tendencia | MERCADO: TENDENCIA_ALCISTA | CALIDAD: LIMPIO 80 | TENDENCIA: ALCISTA_FUERTE 70.02 | ACCION: CALL_RESISTENCIA_CERCA_SIN_RUPTURA
RANKING DE SEÑALES:
JUPUSD-OTC | call | continuación alcista con tendencia | puntaje: 15 | prioridad: 3 | consenso: 50.0 MEDIO | score final: 77
CONTEXTO FINAL: JUPUSD-OTC call continuación alcista con tendencia | MERCADO: TENDENCIA_ALCISTA | CALIDAD: NORMAL 69 | TENDENCIA: ALCISTA_NORMAL 59.41 | ACCION: RECHAZO_COMPRADOR_SOPORTE
Progreso: 300 / 2818
RANKING DE SEÑALES:
JUPUSD-OTC | call | continuación alcista con tendencia | puntaje: 11 | prioridad: 2 | consenso: 50.0 MEDIO | score final: 62
CONTEXTO FINAL: JUPUSD-OTC call continuación alcista con tendencia | MERCADO: RANGO | CALIDAD: NORMAL 71 | TENDENCIA: ALCISTA_NORMAL 53.45 | ACCION: CALL_RESISTENCIA_CERCA_SIN_RUPTURA
Ronda: 300 Señales: 1
RANKING DE SEÑALES:
JUPUSD-OTC | call | continuación alcista con tendencia | puntaje: 11 | prioridad: 2 | consenso: 50.0 MEDIO | score final: 62
CONTEXTO FINAL: JUPUSD-OTC call continuación alcista con tendencia | MERCADO: TENDENCIA_ALCISTA | CALIDAD: NORMAL 71 | TENDENCIA: ALCISTA_FUERTE 72.57 | ACCION: CALL_RESISTENCIA_CERCA_SIN_RUPTURA
RANKING DE SEÑALES:
CANNABIS-OTC | call | continuación alcista con tendencia | puntaje: 11 | prioridad: 2 | consenso: 50.0 MEDIO | score final: 62
CONTEXTO FINAL: CANNABIS-OTC call continuación alcista con tendencia | MERCADO: TENDENCIA_ALCISTA | CALIDAD: NORMAL 57 | TENDENCIA: ALCISTA_NORMAL 54.08 | ACCION: CALL_RESISTENCIA_CERCA_SIN_RUPTURA
Progreso: 325 / 2818
RANKING DE SEÑALES:
USNDAQ100-OTC | put | continuación bajista con tendencia | puntaje: 11 | prioridad: 2 | consenso: 50.0 MEDIO | score final: 62
CONTEXTO FINAL: USNDAQ100-OTC put continuación bajista con tendencia | MERCADO: TENDENCIA_BAJISTA | CALIDAD: NORMAL 68 | TENDENCIA: BAJISTA_NORMAL 54.44 | ACCION: PUT_SOPORTE_CERCA_SIN_RUPTURA
RANKING DE SEÑALES:
USNDAQ100-OTC | put | pullback bajista a EMA | puntaje: 16 | prioridad: 3 | consenso: 50.0 MEDIO | score final: 119
USNDAQ100-OTC | put | continuación bajista con tendencia | puntaje: 13 | prioridad: 2 | consenso: 50.0 MEDIO | score final: 78
CONTEXTO FINAL: USNDAQ100-OTC put pullback bajista a EMA | MERCADO: TENDENCIA_BAJISTA | CALIDAD: NORMAL 61 | TENDENCIA: BAJISTA_NORMAL 59.84 | ACCION: RECHAZO_VENDEDOR_RESISTENCIA
CONTEXTO FINAL: USNDAQ100-OTC put continuación bajista con tendencia | MERCADO: TENDENCIA_BAJISTA | CALIDAD: NORMAL 61 | TENDENCIA: BAJISTA_NORMAL 59.84 | ACCION: RECHAZO_VENDEDOR_RESISTENCIA
RANKING DE SEÑALES:
USNDAQ100-OTC | put | reacción vendedora en resistencia | puntaje: 18 | prioridad: 4 | consenso: 50.0 MEDIO | score final: 144
USNDAQ100-OTC | put | continuación bajista con tendencia | puntaje: 11 | prioridad: 2 | consenso: 50.0 MEDIO | score final: 62
CONTEXTO FINAL: USNDAQ100-OTC put reacción vendedora en resistencia | MERCADO: TENDENCIA_BAJISTA | CALIDAD: NORMAL 59 | TENDENCIA: BAJISTA_NORMAL 56.21 | ACCION: PUT_ZONA_NEUTRA
CONTEXTO FINAL: USNDAQ100-OTC put continuación bajista con tendencia | MERCADO: TENDENCIA_BAJISTA | CALIDAD: NORMAL 59 | TENDENCIA: BAJISTA_NORMAL 56.21 | ACCION: PUT_ZONA_NEUTRA
RANKING DE SEÑALES:
USNDAQ100-OTC | put | continuación bajista con tendencia | puntaje: 11 | prioridad: 2 | consenso: 50.0 MEDIO | score final: 52
CONTEXTO FINAL: USNDAQ100-OTC put continuación bajista con tendencia | MERCADO: TENDENCIA_BAJISTA | CALIDAD: NORMAL 59 | TENDENCIA: BAJISTA_NORMAL 58.85 | ACCION: PUT_SOPORTE_CERCA_SIN_RUPTURA
RANKING DE SEÑALES:
CANNABIS-OTC | call | liquidity sweep alcista | puntaje: 22 | prioridad: 4 | consenso: 50.0 MEDIO | score final: 212
CANDIDATOS BOOTIQ V2: 1
CONTEXTO FINAL: CANNABIS-OTC call liquidity sweep alcista | MERCADO: TENDENCIA_ALCISTA | CALIDAD: NORMAL 61 | TENDENCIA: ALCISTA_NORMAL 52.41 | ACCION: RECHAZO_COMPRADOR_SOPORTE
RANKING DE SEÑALES:
USDDOP-OTC | put | reacción vendedora en resistencia | puntaje: 18 | prioridad: 4 | consenso: 50.0 MEDIO | score final: 144
CONTEXTO FINAL: USDDOP-OTC put reacción vendedora en resistencia | MERCADO: TENDENCIA_ALCISTA | CALIDAD: NORMAL 61 | TENDENCIA: ALCISTA_FUERTE 73.73 | ACCION: PUT_ZONA_NEUTRA
Progreso: 350 / 2818
RANKING DE SEÑALES:
USNDAQ100-OTC | call | reacción compradora en soporte | puntaje: 18 | prioridad: 0 | consenso: 50.0 MEDIO | score final: 118
CONTEXTO FINAL: USNDAQ100-OTC call reacción compradora en soporte | MERCADO: TENDENCIA_ALCISTA | CALIDAD: NORMAL 56 | TENDENCIA: ALCISTA_NORMAL 50.63 | ACCION: CALL_RESISTENCIA_CERCA_SIN_RUPTURA
RANKING DE SEÑALES:
EURUSD-OTC | put | liquidity sweep bajista | puntaje: 25 | prioridad: 4 | consenso: 50.0 MEDIO | score final: 216
CONTEXTO FINAL: EURUSD-OTC put liquidity sweep bajista | MERCADO: TENDENCIA_ALCISTA | CALIDAD: NORMAL 69 | TENDENCIA: ALCISTA_NORMAL 65.67 | ACCION: PUT_SOPORTE_CERCA_SIN_RUPTURA
RANKING DE SEÑALES:
EURUSD-OTC | put | CHOCH bajista | puntaje: 19 | prioridad: 3 | consenso: 50.0 MEDIO | score final: 131
CONTEXTO FINAL: EURUSD-OTC put CHOCH bajista | MERCADO: TENDENCIA_BAJISTA | CALIDAD: LIMPIO 75 | TENDENCIA: BAJISTA_NORMAL 65.35 | ACCION: PUT_SOPORTE_CERCA_SIN_RUPTURA
RANKING DE SEÑALES:
EURUSD-OTC | call | liquidity sweep alcista | puntaje: 22 | prioridad: 4 | consenso: 50.0 MEDIO | score final: 200
CANDIDATOS BOOTIQ V2: 1
CONTEXTO FINAL: EURUSD-OTC call liquidity sweep alcista | MERCADO: TENDENCIA_BAJISTA | CALIDAD: NORMAL 73 | TENDENCIA: BAJISTA_NORMAL 65.16 | ACCION: CALL_RESISTENCIA_CERCA_SIN_RUPTURA
Progreso: 375 / 2818
RANKING DE SEÑALES:
USNDAQ100-OTC | call | pullback alcista a EMA | puntaje: 16 | prioridad: 3 | consenso: 50.0 MEDIO | score final: 115
CONTEXTO FINAL: USNDAQ100-OTC call pullback alcista a EMA | MERCADO: TENDENCIA_ALCISTA | CALIDAD: NORMAL 57 | TENDENCIA: ALCISTA_NORMAL 54.35 | ACCION: CALL_RESISTENCIA_CERCA_SIN_RUPTURA
RANKING DE SEÑALES:
AUS200-OTC | call | reacción compradora en soporte | puntaje: 25 | prioridad: 4 | consenso: 50.0 MEDIO | score final: 158
AUS200-OTC | call | pullback alcista a EMA | puntaje: 21 | prioridad: 4 | consenso: 50.0 MEDIO | score final: 128
CONTEXTO FINAL: AUS200-OTC call reacción compradora en soporte | MERCADO: TENDENCIA_ALCISTA | CALIDAD: NORMAL 59 | TENDENCIA: ALCISTA_NORMAL 64.37 | ACCION: ABSORCION_VENDEDORA
CONTEXTO FINAL: AUS200-OTC call pullback alcista a EMA | MERCADO: TENDENCIA_ALCISTA | CALIDAD: NORMAL 59 | TENDENCIA: ALCISTA_NORMAL 64.37 | ACCION: ABSORCION_VENDEDORA
RANKING DE SEÑALES:
AUS200-OTC | call | CHOCH alcista | puntaje: 24 | prioridad: 4 | consenso: 50.0 MEDIO | score final: 192
CONTEXTO FINAL: AUS200-OTC call CHOCH alcista | MERCADO: TENDENCIA_ALCISTA | CALIDAD: NORMAL 66 | TENDENCIA: ALCISTA_FUERTE 75.73 | ACCION: ABSORCION_VENDEDORA
RANKING DE SEÑALES:
EURUSD-OTC | put | pullback bajista a EMA | puntaje: 16 | prioridad: 3 | consenso: 50.0 MEDIO | score final: 107
CONTEXTO FINAL: EURUSD-OTC put pullback bajista a EMA | MERCADO: TENDENCIA_BAJISTA | CALIDAD: NORMAL 67 | TENDENCIA: BAJISTA_NORMAL 68.41 | ACCION: PUT_SOPORTE_CERCA_SIN_RUPTURA
RANKING DE SEÑALES:
EURUSD-OTC | put | pullback bajista a EMA | puntaje: 19 | prioridad: 4 | consenso: 50.0 MEDIO | score final: 128
CONTEXTO FINAL: EURUSD-OTC put pullback bajista a EMA | MERCADO: TENDENCIA_BAJISTA | CALIDAD: NORMAL 60 | TENDENCIA: BAJISTA_NORMAL 65.02 | ACCION: RECHAZO_VENDEDOR_RESISTENCIA
RANKING DE SEÑALES:
JUPUSD-OTC | put | reacción vendedora en resistencia | puntaje: 18 | prioridad: 0 | consenso: 50.0 MEDIO | score final: 106
JUPUSD-OTC | call | continuación alcista con tendencia | puntaje: 11 | prioridad: 2 | consenso: 50.0 MEDIO | score final: 62
CONTEXTO FINAL: JUPUSD-OTC put reacción vendedora en resistencia | MERCADO: TENDENCIA_ALCISTA | CALIDAD: NORMAL 61 | TENDENCIA: ALCISTA_NORMAL 50.65 | ACCION: PUT_SOPORTE_CERCA_SIN_RUPTURA
CONTEXTO FINAL: JUPUSD-OTC call continuación alcista con tendencia | MERCADO: TENDENCIA_ALCISTA | CALIDAD: NORMAL 61 | TENDENCIA: ALCISTA_NORMAL 50.65 | ACCION: ABSORCION_VENDEDORA
RANKING DE SEÑALES:
JUPUSD-OTC | call | continuación alcista con tendencia | puntaje: 11 | prioridad: 2 | consenso: 50.0 MEDIO | score final: 52
CONTEXTO FINAL: JUPUSD-OTC call continuación alcista con tendencia | MERCADO: TENDENCIA_ALCISTA | CALIDAD: NORMAL 66 | TENDENCIA: ALCISTA_NORMAL 51.97 | ACCION: ABSORCION_VENDEDORA
RANKING DE SEÑALES:
USNDAQ100-OTC | put | CHOCH bajista | puntaje: 20 | prioridad: 3 | consenso: 50.0 MEDIO | score final: 133
CONTEXTO FINAL: USNDAQ100-OTC put CHOCH bajista | MERCADO: TENDENCIA_BAJISTA | CALIDAD: NORMAL 57 | TENDENCIA: BAJISTA_FUERTE 70.72 | ACCION: PUT_SOPORTE_CERCA_SIN_RUPTURA
RANKING DE SEÑALES:
USNDAQ100-OTC | call | liquidity sweep alcista | puntaje: 25 | prioridad: 4 | consenso: 50.0 MEDIO | score final: 206
CANDIDATOS BOOTIQ V2: 1
CONTEXTO FINAL: USNDAQ100-OTC call liquidity sweep alcista | MERCADO: TENDENCIA_BAJISTA | CALIDAD: NORMAL 57 | TENDENCIA: BAJISTA_NORMAL 53.15 | ACCION: CALL_RESISTENCIA_CERCA_SIN_RUPTURA
Progreso: 400 / 2818
Ronda: 400 Señales: 0
RANKING DE SEÑALES:
USDDOP-OTC | call | liquidity sweep alcista | puntaje: 25 | prioridad: 4 | consenso: 50.0 MEDIO | score final: 216
CANDIDATOS BOOTIQ V2: 1
CONTEXTO FINAL: USDDOP-OTC call liquidity sweep alcista | MERCADO: TENDENCIA_BAJISTA | CALIDAD: NORMAL 58 | TENDENCIA: BAJISTA_NORMAL 63.4 | ACCION: CALL_RESISTENCIA_CERCA_SIN_RUPTURA
RANKING DE SEÑALES:
CASINOS-OTC | call | liquidity sweep alcista | puntaje: 26 | prioridad: 4 | consenso: 50.0 MEDIO | score final: 230
CANDIDATOS BOOTIQ V2: 1
CONTEXTO FINAL: CASINOS-OTC call liquidity sweep alcista | MERCADO: TENDENCIA_BAJISTA | CALIDAD: NORMAL 57 | TENDENCIA: BAJISTA_FUERTE 70.2 | ACCION: RECHAZO_COMPRADOR_SOPORTE
Progreso: 425 / 2818
RANKING DE SEÑALES:
USDDOP-OTC | put | liquidity sweep bajista | puntaje: 27 | prioridad: 4 | consenso: 50.0 MEDIO | score final: 210
CONTEXTO FINAL: USDDOP-OTC put liquidity sweep bajista | MERCADO: TENDENCIA_ALCISTA | CALIDAD: NORMAL 60 | TENDENCIA: ALCISTA_NORMAL 52.76 | ACCION: ABSORCION_COMPRADORA
RANKING DE SEÑALES:
USDDOP-OTC | put | CHOCH bajista | puntaje: 22 | prioridad: 4 | consenso: 50.0 MEDIO | score final: 150
CONTEXTO FINAL: USDDOP-OTC put CHOCH bajista | MERCADO: RANGO | CALIDAD: NORMAL 72 | TENDENCIA: ALCISTA_NORMAL 55.9 | ACCION: PUT_SOPORTE_CERCA_SIN_RUPTURA
RANKING DE SEÑALES:
EURCAD-OTC | put | pullback bajista a EMA | puntaje: 16 | prioridad: 3 | consenso: 50.0 MEDIO | score final: 97
CONTEXTO FINAL: EURCAD-OTC put pullback bajista a EMA | MERCADO: TENDENCIA_BAJISTA | CALIDAD: NORMAL 62 | TENDENCIA: BAJISTA_NORMAL 63.52 | ACCION: PUT_SOPORTE_CERCA_SIN_RUPTURA
RANKING DE SEÑALES:
AUS200-OTC | put | liquidity sweep bajista | puntaje: 20 | prioridad: 4 | consenso: 50.0 MEDIO | score final: 196
AUS200-OTC | put | continuación bajista con tendencia | puntaje: 11 | prioridad: 2 | consenso: 50.0 MEDIO | score final: 62
CONTEXTO FINAL: AUS200-OTC put liquidity sweep bajista | MERCADO: TENDENCIA_BAJISTA | CALIDAD: NORMAL 62 | TENDENCIA: BAJISTA_NORMAL 65.6 | ACCION: PUT_SOPORTE_CERCA_SIN_RUPTURA
CONTEXTO FINAL: AUS200-OTC put continuación bajista con tendencia | MERCADO: TENDENCIA_BAJISTA | CALIDAD: NORMAL 62 | TENDENCIA: BAJISTA_NORMAL 65.6 | ACCION: PUT_SOPORTE_CERCA_SIN_RUPTURA
RANKING DE SEÑALES:
AUS200-OTC | put | pullback bajista a EMA | puntaje: 16 | prioridad: 3 | consenso: 50.0 MEDIO | score final: 107
CONTEXTO FINAL: AUS200-OTC put pullback bajista a EMA | MERCADO: TENDENCIA_BAJISTA | CALIDAD: NORMAL 67 | TENDENCIA: BAJISTA_NORMAL 61.24 | ACCION: PUT_SOPORTE_CERCA_SIN_RUPTURA
Progreso: 450 / 2818
RANKING DE SEÑALES:
CASINOS-OTC | call | liquidity sweep alcista | puntaje: 22 | prioridad: 4 | consenso: 50.0 MEDIO | score final: 200
CANDIDATOS BOOTIQ V2: 1
CONTEXTO FINAL: CASINOS-OTC call liquidity sweep alcista | MERCADO: TENDENCIA_BAJISTA | CALIDAD: NORMAL 63 | TENDENCIA: BAJISTA_NORMAL 64.12 | ACCION: CALL_RESISTENCIA_CERCA_SIN_RUPTURA
RANKING DE SEÑALES:
AUS200-OTC | put | pullback bajista a EMA | puntaje: 16 | prioridad: 3 | consenso: 50.0 MEDIO | score final: 107
CONTEXTO FINAL: AUS200-OTC put pullback bajista a EMA | MERCADO: TENDENCIA_BAJISTA | CALIDAD: NORMAL 63 | TENDENCIA: BAJISTA_NORMAL 52.23 | ACCION: PUT_SOPORTE_CERCA_SIN_RUPTURA
Progreso: 475 / 2818
RANKING DE SEÑALES:
NIKE-OTC | put | liquidity sweep bajista | puntaje: 24 | prioridad: 4 | consenso: 50.0 MEDIO | score final: 226
NIKE-OTC | put | pullback bajista a EMA | puntaje: 18 | prioridad: 4 | consenso: 50.0 MEDIO | score final: 136
CONTEXTO FINAL: NIKE-OTC put liquidity sweep bajista | MERCADO: TENDENCIA_BAJISTA | CALIDAD: NORMAL 74 | TENDENCIA: BAJISTA_DEBIL 49.44 | ACCION: RECHAZO_VENDEDOR_RESISTENCIA
CONTEXTO FINAL: NIKE-OTC put pullback bajista a EMA | MERCADO: TENDENCIA_BAJISTA | CALIDAD: NORMAL 74 | TENDENCIA: BAJISTA_DEBIL 49.44 | ACCION: RECHAZO_VENDEDOR_RESISTENCIA
RANKING DE SEÑALES:
AUS200-OTC | call | pullback alcista a EMA | puntaje: 20 | prioridad: 4 | consenso: 50.0 MEDIO | score final: 148
CONTEXTO FINAL: AUS200-OTC call pullback alcista a EMA | MERCADO: TENDENCIA_ALCISTA | CALIDAD: NORMAL 73 | TENDENCIA: ALCISTA_NORMAL 55.85 | ACCION: RECHAZO_COMPRADOR_SOPORTE
RANKING DE SEÑALES:
NIKE-OTC | put | pullback bajista a EMA | puntaje: 16 | prioridad: 3 | consenso: 50.0 MEDIO | score final: 119
CONTEXTO FINAL: NIKE-OTC put pullback bajista a EMA | MERCADO: TENDENCIA_BAJISTA | CALIDAD: NORMAL 74 | TENDENCIA: BAJISTA_DEBIL 47.25 | ACCION: RECHAZO_VENDEDOR_RESISTENCIA
RANKING DE SEÑALES:
AUS200-OTC | call | pullback alcista a EMA | puntaje: 16 | prioridad: 3 | consenso: 50.0 MEDIO | score final: 117
CONTEXTO FINAL: AUS200-OTC call pullback alcista a EMA | MERCADO: TENDENCIA_ALCISTA | CALIDAD: NORMAL 70 | TENDENCIA: ALCISTA_NORMAL 62.49 | ACCION: RECHAZO_COMPRADOR_SOPORTE
RANKING DE SEÑALES:
EURCAD-OTC | call | CHOCH alcista | puntaje: 21 | prioridad: 4 | consenso: 50.0 MEDIO | score final: 148
CONTEXTO FINAL: EURCAD-OTC call CHOCH alcista | MERCADO: TENDENCIA_ALCISTA | CALIDAD: NORMAL 61 | TENDENCIA: ALCISTA_NORMAL 55.78 | ACCION: CALL_RESISTENCIA_CERCA_SIN_RUPTURA
RANKING DE SEÑALES:
EURCAD-OTC | call | CHOCH alcista | puntaje: 19 | prioridad: 3 | consenso: 50.0 MEDIO | score final: 131
CONTEXTO FINAL: EURCAD-OTC call CHOCH alcista | MERCADO: TENDENCIA_ALCISTA | CALIDAD: NORMAL 68 | TENDENCIA: ALCISTA_FUERTE 75.18 | ACCION: CALL_RESISTENCIA_CERCA_SIN_RUPTURA
RANKING DE SEÑALES:
CASINOS-OTC | put | liquidity sweep bajista | puntaje: 23 | prioridad: 4 | consenso: 50.0 MEDIO | score final: 202
CONTEXTO FINAL: CASINOS-OTC put liquidity sweep bajista | MERCADO: TENDENCIA_ALCISTA | CALIDAD: NORMAL 67 | TENDENCIA: ALCISTA_NORMAL 68.39 | ACCION: PUT_SOPORTE_CERCA_SIN_RUPTURA
RANKING DE SEÑALES:
AUS200-OTC | call | pullback alcista a EMA | puntaje: 16 | prioridad: 3 | consenso: 50.0 MEDIO | score final: 105
CONTEXTO FINAL: AUS200-OTC call pullback alcista a EMA | MERCADO: TENDENCIA_ALCISTA | CALIDAD: NORMAL 65 | TENDENCIA: ALCISTA_NORMAL 69.9 | ACCION: CALL_RESISTENCIA_CERCA_SIN_RUPTURA
RANKING DE SEÑALES:
CASINOS-OTC | call | pullback alcista a EMA | puntaje: 16 | prioridad: 3 | consenso: 50.0 MEDIO | score final: 105
CONTEXTO FINAL: CASINOS-OTC call pullback alcista a EMA | MERCADO: TENDENCIA_ALCISTA | CALIDAD: NORMAL 65 | TENDENCIA: ALCISTA_NORMAL 65.94 | ACCION: CALL_RESISTENCIA_CERCA_SIN_RUPTURA
RANKING DE SEÑALES:
NZDCAD-OTC | put | liquidity sweep bajista | puntaje: 20 | prioridad: 4 | consenso: 50.0 MEDIO | score final: 196
CONTEXTO FINAL: NZDCAD-OTC put liquidity sweep bajista | MERCADO: TENDENCIA_ALCISTA | CALIDAD: NORMAL 64 | TENDENCIA: ALCISTA_DEBIL 36.3 | ACCION: PUT_SOPORTE_CERCA_SIN_RUPTURA
RANKING DE SEÑALES:
CASINOS-OTC | call | pullback alcista a EMA | puntaje: 19 | prioridad: 4 | consenso: 50.0 MEDIO | score final: 124
CONTEXTO FINAL: CASINOS-OTC call pullback alcista a EMA | MERCADO: TENDENCIA_ALCISTA | CALIDAD: NORMAL 56 | TENDENCIA: ALCISTA_NORMAL 55.36 | ACCION: ABSORCION_VENDEDORA
RANKING DE SEÑALES:
CANNABIS-OTC | put | reacción vendedora en resistencia | puntaje: 18 | prioridad: 0 | consenso: 50.0 MEDIO | score final: 118
CONTEXTO FINAL: CANNABIS-OTC put reacción vendedora en resistencia | MERCADO: TENDENCIA_ALCISTA | CALIDAD: NORMAL 73 | TENDENCIA: ALCISTA_DEBIL 45.92 | ACCION: PUT_SOPORTE_CERCA_SIN_RUPTURA
RANKING DE SEÑALES:
NZDCAD-OTC | put | liquidity sweep bajista | puntaje: 24 | prioridad: 4 | consenso: 50.0 MEDIO | score final: 214
CONTEXTO FINAL: NZDCAD-OTC put liquidity sweep bajista | MERCADO: TENDENCIA_ALCISTA | CALIDAD: NORMAL 58 | TENDENCIA: ALCISTA_NORMAL 58.24 | ACCION: PUT_SOPORTE_CERCA_SIN_RUPTURA
RANKING DE SEÑALES:
NZDCAD-OTC | put | liquidity sweep bajista | puntaje: 26 | prioridad: 4 | consenso: 50.0 MEDIO | score final: 220
CONTEXTO FINAL: NZDCAD-OTC put liquidity sweep bajista | MERCADO: TENDENCIA_ALCISTA | CALIDAD: NORMAL 67 | TENDENCIA: ALCISTA_NORMAL 50.95 | ACCION: RECHAZO_VENDEDOR_RESISTENCIA
RANKING DE SEÑALES:
EURCAD-OTC | call | pullback alcista a EMA | puntaje: 16 | prioridad: 3 | consenso: 50.0 MEDIO | score final: 105
CONTEXTO FINAL: EURCAD-OTC call pullback alcista a EMA | MERCADO: TENDENCIA_ALCISTA | CALIDAD: NORMAL 55 | TENDENCIA: ALCISTA_NORMAL 59.13 | ACCION: CALL_RESISTENCIA_CERCA_SIN_RUPTURA
RANKING DE SEÑALES:
EURUSD-OTC | call | liquidity sweep alcista | puntaje: 22 | prioridad: 4 | consenso: 50.0 MEDIO | score final: 212
CANDIDATOS BOOTIQ V2: 1
CONTEXTO FINAL: EURUSD-OTC call liquidity sweep alcista | MERCADO: TENDENCIA_BAJISTA | CALIDAD: NORMAL 55 | TENDENCIA: BAJISTA_FUERTE 70.86 | ACCION: RECHAZO_COMPRADOR_SOPORTE
Progreso: 500 / 2818
Ronda: 500 Señales: 0
RANKING DE SEÑALES:
CANNABIS-OTC | put | CHOCH bajista | puntaje: 19 | prioridad: 3 | consenso: 50.0 MEDIO | score final: 131
CONTEXTO FINAL: CANNABIS-OTC put CHOCH bajista | MERCADO: TENDENCIA_BAJISTA | CALIDAD: NORMAL 64 | TENDENCIA: BAJISTA_FUERTE 74.05 | ACCION: PUT_SOPORTE_CERCA_SIN_RUPTURA
RANKING DE SEÑALES:
CANNABIS-OTC | put | pullback bajista a EMA | puntaje: 16 | prioridad: 3 | consenso: 50.0 MEDIO | score final: 97
CONTEXTO FINAL: CANNABIS-OTC put pullback bajista a EMA | MERCADO: TENDENCIA_BAJISTA | CALIDAD: NORMAL 55 | TENDENCIA: BAJISTA_FUERTE 77.43 | ACCION: PUT_SOPORTE_CERCA_SIN_RUPTURA
RANKING DE SEÑALES:
NZDCAD-OTC | put | reacción vendedora en resistencia | puntaje: 23 | prioridad: 4 | consenso: 50.0 MEDIO | score final: 166
CONTEXTO FINAL: NZDCAD-OTC put reacción vendedora en resistencia | MERCADO: TENDENCIA_ALCISTA | CALIDAD: NORMAL 55 | TENDENCIA: ALCISTA_NORMAL 52.09 | ACCION: PUT_SOPORTE_CERCA_SIN_RUPTURA
Progreso: 525 / 2818
RANKING DE SEÑALES:
AUS200-OTC | call | liquidity sweep alcista | puntaje: 25 | prioridad: 4 | consenso: 50.0 MEDIO | score final: 206
CANDIDATOS BOOTIQ V2: 1
CONTEXTO FINAL: AUS200-OTC call liquidity sweep alcista | MERCADO: TENDENCIA_BAJISTA | CALIDAD: NORMAL 56 | TENDENCIA: BAJISTA_NORMAL 54.53 | ACCION: CALL_RESISTENCIA_CERCA_SIN_RUPTURA
RANKING DE SEÑALES:
AUS200-OTC | put | pullback bajista a EMA | puntaje: 16 | prioridad: 3 | consenso: 50.0 MEDIO | score final: 97
CONTEXTO FINAL: AUS200-OTC put pullback bajista a EMA | MERCADO: TENDENCIA_BAJISTA | CALIDAD: NORMAL 60 | TENDENCIA: BAJISTA_NORMAL 56.75 | ACCION: PUT_SOPORTE_CERCA_SIN_RUPTURA
RANKING DE SEÑALES:
USDDOP-OTC | call | liquidity sweep alcista | puntaje: 24 | prioridad: 4 | consenso: 50.0 MEDIO | score final: 214
CANDIDATOS BOOTIQ V2: 1
CONTEXTO FINAL: USDDOP-OTC call liquidity sweep alcista | MERCADO: TENDENCIA_BAJISTA | CALIDAD: NORMAL 67 | TENDENCIA: BAJISTA_NORMAL 64.72 | ACCION: CALL_RESISTENCIA_CERCA_SIN_RUPTURA
RANKING DE SEÑALES:
CASINOS-OTC | call | continuación alcista con tendencia | puntaje: 11 | prioridad: 2 | consenso: 50.0 MEDIO | score final: 64
CONTEXTO FINAL: CASINOS-OTC call continuación alcista con tendencia | MERCADO: TENDENCIA_ALCISTA | CALIDAD: NORMAL 65 | TENDENCIA: ALCISTA_NORMAL 53.74 | ACCION: RECHAZO_COMPRADOR_SOPORTE
RANKING DE SEÑALES:
CASINOS-OTC | call | continuación alcista con tendencia | puntaje: 11 | prioridad: 2 | consenso: 50.0 MEDIO | score final: 52
CONTEXTO FINAL: CASINOS-OTC call continuación alcista con tendencia | MERCADO: TENDENCIA_ALCISTA | CALIDAD: NORMAL 65 | TENDENCIA: ALCISTA_NORMAL 68.23 | ACCION: CALL_RESISTENCIA_CERCA_SIN_RUPTURA
RANKING DE SEÑALES:
AUS200-OTC | put | pullback bajista a EMA | puntaje: 16 | prioridad: 3 | consenso: 50.0 MEDIO | score final: 107
CONTEXTO FINAL: AUS200-OTC put pullback bajista a EMA | MERCADO: TENDENCIA_BAJISTA | CALIDAD: NORMAL 57 | TENDENCIA: BAJISTA_NORMAL 51.07 | ACCION: PUT_SOPORTE_CERCA_SIN_RUPTURA
RANKING DE SEÑALES:
CASINOS-OTC | call | continuación alcista con tendencia | puntaje: 11 | prioridad: 2 | consenso: 50.0 MEDIO | score final: 52
CONTEXTO FINAL: CASINOS-OTC call continuación alcista con tendencia | MERCADO: TENDENCIA_ALCISTA | CALIDAD: NORMAL 60 | TENDENCIA: ALCISTA_NORMAL 64.08 | ACCION: ABSORCION_VENDEDORA
RANKING DE SEÑALES:
USDDOP-OTC | put | continuación bajista con tendencia | puntaje: 11 | prioridad: 2 | consenso: 50.0 MEDIO | score final: 52
CONTEXTO FINAL: USDDOP-OTC put continuación bajista con tendencia | MERCADO: TENDENCIA_BAJISTA | CALIDAD: LIMPIO 76 | TENDENCIA: BAJISTA_FUERTE 76.89 | ACCION: PUT_SOPORTE_CERCA_SIN_RUPTURA
RANKING DE SEÑALES:
USDDOP-OTC | put | continuación bajista con tendencia | puntaje: 11 | prioridad: 2 | consenso: 50.0 MEDIO | score final: 52
CONTEXTO FINAL: USDDOP-OTC put continuación bajista con tendencia | MERCADO: TENDENCIA_BAJISTA | CALIDAD: NORMAL 74 | TENDENCIA: BAJISTA_NORMAL 59.5 | ACCION: PUT_SOPORTE_CERCA_SIN_RUPTURA
RANKING DE SEÑALES:
JUPUSD-OTC | put | continuación bajista con tendencia | puntaje: 11 | prioridad: 2 | consenso: 50.0 MEDIO | score final: 52
CONTEXTO FINAL: JUPUSD-OTC put continuación bajista con tendencia | MERCADO: TENDENCIA_BAJISTA | CALIDAD: NORMAL 64 | TENDENCIA: BAJISTA_FUERTE 72.28 | ACCION: PUT_SOPORTE_CERCA_SIN_RUPTURA
RANKING DE SEÑALES:
JUPUSD-OTC | put | CHOCH bajista | puntaje: 19 | prioridad: 3 | consenso: 50.0 MEDIO | score final: 131
JUPUSD-OTC | put | continuación bajista con tendencia | puntaje: 11 | prioridad: 2 | consenso: 50.0 MEDIO | score final: 52
CONTEXTO FINAL: JUPUSD-OTC put CHOCH bajista | MERCADO: TENDENCIA_BAJISTA | CALIDAD: NORMAL 71 | TENDENCIA: BAJISTA_FUERTE 81.45 | ACCION: PUT_SOPORTE_CERCA_SIN_RUPTURA
CONTEXTO FINAL: JUPUSD-OTC put continuación bajista con tendencia | MERCADO: TENDENCIA_BAJISTA | CALIDAD: NORMAL 71 | TENDENCIA: BAJISTA_FUERTE 81.45 | ACCION: PUT_SOPORTE_CERCA_SIN_RUPTURA
Progreso: 550 / 2818
RANKING DE SEÑALES:
JUPUSD-OTC | call | liquidity sweep alcista | puntaje: 22 | prioridad: 4 | consenso: 50.0 MEDIO | score final: 212
JUPUSD-OTC | put | continuación bajista con tendencia | puntaje: 11 | prioridad: 2 | consenso: 50.0 MEDIO | score final: 52
CANDIDATOS BOOTIQ V2: 1
CONTEXTO FINAL: JUPUSD-OTC call liquidity sweep alcista | MERCADO: TENDENCIA_BAJISTA | CALIDAD: NORMAL 66 | TENDENCIA: BAJISTA_FUERTE 71.55 | ACCION: RECHAZO_COMPRADOR_SOPORTE
CONTEXTO FINAL: JUPUSD-OTC put continuación bajista con tendencia | MERCADO: TENDENCIA_BAJISTA | CALIDAD: NORMAL 66 | TENDENCIA: BAJISTA_FUERTE 71.55 | ACCION: PUT_SOPORTE_CERCA_SIN_RUPTURA
RANKING DE SEÑALES:
NZDCAD-OTC | call | continuación alcista con tendencia | puntaje: 11 | prioridad: 2 | consenso: 50.0 MEDIO | score final: 52
CONTEXTO FINAL: NZDCAD-OTC call continuación alcista con tendencia | MERCADO: TENDENCIA_ALCISTA | CALIDAD: NORMAL 62 | TENDENCIA: ALCISTA_DEBIL 43.35 | ACCION: CALL_RESISTENCIA_CERCA_SIN_RUPTURA
RANKING DE SEÑALES:
NZDCAD-OTC | call | continuación alcista con tendencia | puntaje: 11 | prioridad: 2 | consenso: 50.0 MEDIO | score final: 52
CONTEXTO FINAL: NZDCAD-OTC call continuación alcista con tendencia | MERCADO: TENDENCIA_ALCISTA | CALIDAD: NORMAL 67 | TENDENCIA: ALCISTA_DEBIL 43.66 | ACCION: CALL_RESISTENCIA_CERCA_SIN_RUPTURA
RANKING DE SEÑALES:
CANNABIS-OTC | call | liquidity sweep alcista | puntaje: 24 | prioridad: 4 | consenso: 50.0 MEDIO | score final: 214
CANDIDATOS BOOTIQ V2: 1
CONTEXTO FINAL: CANNABIS-OTC call liquidity sweep alcista | MERCADO: TENDENCIA_BAJISTA | CALIDAD: NORMAL 68 | TENDENCIA: BAJISTA_NORMAL 53.1 | ACCION: CALL_RESISTENCIA_CERCA_SIN_RUPTURA
RANKING DE SEÑALES:
NIKE-OTC | call | continuación alcista con tendencia | puntaje: 11 | prioridad: 2 | consenso: 50.0 MEDIO | score final: 62
CONTEXTO FINAL: NIKE-OTC call continuación alcista con tendencia | MERCADO: TENDENCIA_ALCISTA | CALIDAD: NORMAL 61 | TENDENCIA: ALCISTA_NORMAL 57.23 | ACCION: CALL_RESISTENCIA_CERCA_SIN_RUPTURA
RANKING DE SEÑALES:
USNDAQ100-OTC | put | continuación bajista con tendencia | puntaje: 11 | prioridad: 2 | consenso: 50.0 MEDIO | score final: 62
CONTEXTO FINAL: USNDAQ100-OTC put continuación bajista con tendencia | MERCADO: TENDENCIA_BAJISTA | CALIDAD: NORMAL 61 | TENDENCIA: BAJISTA_NORMAL 56.29 | ACCION: ABSORCION_COMPRADORA
RANKING DE SEÑALES:
USNDAQ100-OTC | put | pullback bajista a EMA | puntaje: 19 | prioridad: 4 | consenso: 50.0 MEDIO | score final: 126
USNDAQ100-OTC | put | continuación bajista con tendencia | puntaje: 14 | prioridad: 3 | consenso: 50.0 MEDIO | score final: 73
CONTEXTO FINAL: USNDAQ100-OTC put pullback bajista a EMA | MERCADO: TENDENCIA_BAJISTA | CALIDAD: NORMAL 63 | TENDENCIA: BAJISTA_NORMAL 56.36 | ACCION: ABSORCION_COMPRADORA
CONTEXTO FINAL: USNDAQ100-OTC put continuación bajista con tendencia | MERCADO: TENDENCIA_BAJISTA | CALIDAD: NORMAL 63 | TENDENCIA: BAJISTA_NORMAL 56.36 | ACCION: ABSORCION_COMPRADORA
RANKING DE SEÑALES:
CANNABIS-OTC | put | pullback bajista a EMA | puntaje: 16 | prioridad: 3 | consenso: 50.0 MEDIO | score final: 97
CONTEXTO FINAL: CANNABIS-OTC put pullback bajista a EMA | MERCADO: TENDENCIA_BAJISTA | CALIDAD: NORMAL 63 | TENDENCIA: BAJISTA_NORMAL 60.57 | ACCION: PUT_SOPORTE_CERCA_SIN_RUPTURA
RANKING DE SEÑALES:
NZDCAD-OTC | call | pullback alcista a EMA | puntaje: 19 | prioridad: 4 | consenso: 50.0 MEDIO | score final: 134
CONTEXTO FINAL: NZDCAD-OTC call pullback alcista a EMA | MERCADO: TENDENCIA_ALCISTA | CALIDAD: NORMAL 56 | TENDENCIA: ALCISTA_NORMAL 55.92 | ACCION: CALL_RESISTENCIA_CERCA_SIN_RUPTURA
RANKING DE SEÑALES:
NZDCAD-OTC | call | pullback alcista a EMA | puntaje: 16 | prioridad: 3 | consenso: 50.0 MEDIO | score final: 127
CONTEXTO FINAL: NZDCAD-OTC call pullback alcista a EMA | MERCADO: TENDENCIA_ALCISTA | CALIDAD: NORMAL 59 | TENDENCIA: ALCISTA_NORMAL 51.87 | ACCION: RECHAZO_COMPRADOR_SOPORTE
Progreso: 575 / 2818
RANKING DE SEÑALES:
CHFJPY-OTC | call | liquidity sweep alcista | puntaje: 22 | prioridad: 4 | consenso: 50.0 MEDIO | score final: 200
CANDIDATOS BOOTIQ V2: 1
CONTEXTO FINAL: CHFJPY-OTC call liquidity sweep alcista | MERCADO: TENDENCIA_BAJISTA | CALIDAD: NORMAL 60 | TENDENCIA: BAJISTA_FUERTE 70.08 | ACCION: CALL_RESISTENCIA_CERCA_SIN_RUPTURA
RANKING DE SEÑALES:
EURCAD-OTC | call | pullback alcista a EMA | puntaje: 18 | prioridad: 4 | consenso: 50.0 MEDIO | score final: 134
CONTEXTO FINAL: EURCAD-OTC call pullback alcista a EMA | MERCADO: TENDENCIA_ALCISTA | CALIDAD: NORMAL 62 | TENDENCIA: ALCISTA_NORMAL 61.09 | ACCION: RECHAZO_COMPRADOR_SOPORTE
RANKING DE SEÑALES:
CHFJPY-OTC | put | pullback bajista a EMA | puntaje: 16 | prioridad: 3 | consenso: 50.0 MEDIO | score final: 107
CONTEXTO FINAL: CHFJPY-OTC put pullback bajista a EMA | MERCADO: TENDENCIA_BAJISTA | CALIDAD: NORMAL 55 | TENDENCIA: BAJISTA_AGOTADA 52.8 | ACCION: ABSORCION_COMPRADORA
RANKING DE SEÑALES:
EURCAD-OTC | put | liquidity sweep bajista | puntaje: 22 | prioridad: 4 | consenso: 50.0 MEDIO | score final: 200
CONTEXTO FINAL: EURCAD-OTC put liquidity sweep bajista | MERCADO: TENDENCIA_ALCISTA | CALIDAD: NORMAL 59 | TENDENCIA: ALCISTA_NORMAL 59.65 | ACCION: PUT_SOPORTE_CERCA_SIN_RUPTURA
RANKING DE SEÑALES:
USDDOP-OTC | put | liquidity sweep bajista | puntaje: 22 | prioridad: 4 | consenso: 50.0 MEDIO | score final: 200
CONTEXTO FINAL: USDDOP-OTC put liquidity sweep bajista | MERCADO: TENDENCIA_ALCISTA | CALIDAD: NORMAL 55 | TENDENCIA: ALCISTA_NORMAL 52.66 | ACCION: PUT_SOPORTE_CERCA_SIN_RUPTURA
Progreso: 600 / 2818
RANKING DE SEÑALES:
NIKE-OTC | put | pullback bajista a EMA | puntaje: 20 | prioridad: 4 | consenso: 50.0 MEDIO | score final: 130
CONTEXTO FINAL: NIKE-OTC put pullback bajista a EMA | MERCADO: TENDENCIA_BAJISTA | CALIDAD: NORMAL 66 | TENDENCIA: BAJISTA_DEBIL 45.09 | ACCION: RECHAZO_VENDEDOR_RESISTENCIA
Ronda: 600 Señales: 1
RANKING DE SEÑALES:
USDDOP-OTC | put | liquidity sweep bajista | puntaje: 25 | prioridad: 4 | consenso: 50.0 MEDIO | score final: 216
CONTEXTO FINAL: USDDOP-OTC put liquidity sweep bajista | MERCADO: TENDENCIA_ALCISTA | CALIDAD: NORMAL 63 | TENDENCIA: ALCISTA_FUERTE 71.04 | ACCION: PUT_SOPORTE_CERCA_SIN_RUPTURA
RANKING DE SEÑALES:
USDDOP-OTC | call | continuación alcista con tendencia | puntaje: 11 | prioridad: 2 | consenso: 50.0 MEDIO | score final: 52
CONTEXTO FINAL: USDDOP-OTC call continuación alcista con tendencia | MERCADO: TENDENCIA_ALCISTA | CALIDAD: NORMAL 61 | TENDENCIA: ALCISTA_FUERTE 81.95 | ACCION: CALL_RESISTENCIA_CERCA_SIN_RUPTURA
RANKING DE SEÑALES:
NZDCAD-OTC | call | liquidity sweep alcista | puntaje: 22 | prioridad: 4 | consenso: 50.0 MEDIO | score final: 200
CANDIDATOS BOOTIQ V2: 1
CONTEXTO FINAL: NZDCAD-OTC call liquidity sweep alcista | MERCADO: TENDENCIA_BAJISTA | CALIDAD: NORMAL 62 | TENDENCIA: BAJISTA_NORMAL 65.03 | ACCION: CALL_RESISTENCIA_CERCA_SIN_RUPTURA
RANKING DE SEÑALES:
NIKE-OTC | call | liquidity sweep alcista | puntaje: 22 | prioridad: 4 | consenso: 50.0 MEDIO | score final: 200
CANDIDATOS BOOTIQ V2: 1
CONTEXTO FINAL: NIKE-OTC call liquidity sweep alcista | MERCADO: TENDENCIA_BAJISTA | CALIDAD: NORMAL 62 | TENDENCIA: BAJISTA_DEBIL 45.83 | ACCION: CALL_RESISTENCIA_CERCA_SIN_RUPTURA
RANKING DE SEÑALES:
NIKE-OTC | call | liquidity sweep alcista | puntaje: 25 | prioridad: 4 | consenso: 50.0 MEDIO | score final: 228
CANDIDATOS BOOTIQ V2: 1
CONTEXTO FINAL: NIKE-OTC call liquidity sweep alcista | MERCADO: TENDENCIA_BAJISTA | CALIDAD: NORMAL 55 | TENDENCIA: BAJISTA_NORMAL 52.0 | ACCION: RECHAZO_COMPRADOR_SOPORTE
RANKING DE SEÑALES:
NZDCAD-OTC | call | liquidity sweep alcista | puntaje: 26 | prioridad: 4 | consenso: 50.0 MEDIO | score final: 230
CANDIDATOS BOOTIQ V2: 1
CONTEXTO FINAL: NZDCAD-OTC call liquidity sweep alcista | MERCADO: TENDENCIA_BAJISTA | CALIDAD: NORMAL 57 | TENDENCIA: BAJISTA_NORMAL 52.96 | ACCION: RECHAZO_COMPRADOR_SOPORTE
RANKING DE SEÑALES:
USNDAQ100-OTC | put | pullback bajista a EMA | puntaje: 16 | prioridad: 3 | consenso: 50.0 MEDIO | score final: 97
USNDAQ100-OTC | put | continuación bajista con tendencia | puntaje: 13 | prioridad: 2 | consenso: 50.0 MEDIO | score final: 56
CONTEXTO FINAL: USNDAQ100-OTC put pullback bajista a EMA | MERCADO: TENDENCIA_BAJISTA | CALIDAD: NORMAL 55 | TENDENCIA: BAJISTA_NORMAL 53.24 | ACCION: ABSORCION_COMPRADORA
CONTEXTO FINAL: USNDAQ100-OTC put continuación bajista con tendencia | MERCADO: TENDENCIA_BAJISTA | CALIDAD: NORMAL 55 | TENDENCIA: BAJISTA_NORMAL 53.24 | ACCION: ABSORCION_COMPRADORA
RANKING DE SEÑALES:
EURCAD-OTC | call | pullback alcista a EMA | puntaje: 17 | prioridad: 3 | consenso: 50.0 MEDIO | score final: 107
CONTEXTO FINAL: EURCAD-OTC call pullback alcista a EMA | MERCADO: TENDENCIA_ALCISTA | CALIDAD: NORMAL 55 | TENDENCIA: ALCISTA_NORMAL 52.69 | ACCION: ABSORCION_VENDEDORA
RANKING DE SEÑALES:
AUS200-OTC | call | pullback alcista a EMA | puntaje: 16 | prioridad: 3 | consenso: 50.0 MEDIO | score final: 105
CONTEXTO FINAL: AUS200-OTC call pullback alcista a EMA | MERCADO: TENDENCIA_ALCISTA | CALIDAD: NORMAL 59 | TENDENCIA: ALCISTA_NORMAL 57.14 | ACCION: CALL_RESISTENCIA_CERCA_SIN_RUPTURA
Progreso: 625 / 2818
RANKING DE SEÑALES:
CANNABIS-OTC | put | CHOCH bajista | puntaje: 19 | prioridad: 3 | consenso: 50.0 MEDIO | score final: 131
CONTEXTO FINAL: CANNABIS-OTC put CHOCH bajista | MERCADO: TENDENCIA_BAJISTA | CALIDAD: NORMAL 57 | TENDENCIA: BAJISTA_NORMAL 62.19 | ACCION: PUT_SOPORTE_CERCA_SIN_RUPTURA
RANKING DE SEÑALES:
JUPUSD-OTC | call | continuación alcista con tendencia | puntaje: 13 | prioridad: 2 | consenso: 50.0 MEDIO | score final: 68
CONTEXTO FINAL: JUPUSD-OTC call continuación alcista con tendencia | MERCADO: TENDENCIA_ALCISTA | CALIDAD: NORMAL 72 | TENDENCIA: ALCISTA_NORMAL 60.88 | ACCION: RECHAZO_COMPRADOR_SOPORTE
RANKING DE SEÑALES:
JUPUSD-OTC | call | continuación alcista con tendencia | puntaje: 11 | prioridad: 2 | consenso: 50.0 MEDIO | score final: 52
CONTEXTO FINAL: JUPUSD-OTC call continuación alcista con tendencia | MERCADO: TENDENCIA_ALCISTA | CALIDAD: NORMAL 63 | TENDENCIA: ALCISTA_NORMAL 68.87 | ACCION: CALL_RESISTENCIA_CERCA_SIN_RUPTURA
Progreso: 650 / 2818
RANKING DE SEÑALES:
JUPUSD-OTC | call | continuación alcista con tendencia | puntaje: 14 | prioridad: 3 | consenso: 50.0 MEDIO | score final: 73
CONTEXTO FINAL: JUPUSD-OTC call continuación alcista con tendencia | MERCADO: TENDENCIA_ALCISTA | CALIDAD: NORMAL 56 | TENDENCIA: ALCISTA_NORMAL 64.88 | ACCION: CALL_RESISTENCIA_CERCA_SIN_RUPTURA
RANKING DE SEÑALES:
AUS200-OTC | put | CHOCH bajista | puntaje: 19 | prioridad: 3 | consenso: 50.0 MEDIO | score final: 141
CONTEXTO FINAL: AUS200-OTC put CHOCH bajista | MERCADO: TENDENCIA_BAJISTA | CALIDAD: NORMAL 56 | TENDENCIA: BAJISTA_NORMAL 55.56 | ACCION: PUT_SOPORTE_CERCA_SIN_RUPTURA
RANKING DE SEÑALES:
AUS200-OTC | put | pullback bajista a EMA | puntaje: 20 | prioridad: 4 | consenso: 50.0 MEDIO | score final: 130
CONTEXTO FINAL: AUS200-OTC put pullback bajista a EMA | MERCADO: TENDENCIA_BAJISTA | CALIDAD: NORMAL 58 | TENDENCIA: BAJISTA_NORMAL 51.25 | ACCION: RECHAZO_VENDEDOR_RESISTENCIA
Progreso: 675 / 2818
RANKING DE SEÑALES:
CASINOS-OTC | put | liquidity sweep bajista | puntaje: 25 | prioridad: 4 | consenso: 50.0 MEDIO | score final: 216
CONTEXTO FINAL: CASINOS-OTC put liquidity sweep bajista | MERCADO: TENDENCIA_ALCISTA | CALIDAD: NORMAL 66 | TENDENCIA: ALCISTA_NORMAL 67.25 | ACCION: PUT_SOPORTE_CERCA_SIN_RUPTURA
RANKING DE SEÑALES:
JUPUSD-OTC | call | continuación alcista con tendencia | puntaje: 11 | prioridad: 2 | consenso: 50.0 MEDIO | score final: 52
CONTEXTO FINAL: JUPUSD-OTC call continuación alcista con tendencia | MERCADO: TENDENCIA_ALCISTA | CALIDAD: NORMAL 64 | TENDENCIA: ALCISTA_NORMAL 62.53 | ACCION: CALL_RESISTENCIA_CERCA_SIN_RUPTURA
RANKING DE SEÑALES:
CANNABIS-OTC | put | liquidity sweep bajista | puntaje: 26 | prioridad: 4 | consenso: 50.0 MEDIO | score final: 218
CANNABIS-OTC | put | pullback bajista a EMA | puntaje: 20 | prioridad: 4 | consenso: 50.0 MEDIO | score final: 128
CONTEXTO FINAL: CANNABIS-OTC put liquidity sweep bajista | MERCADO: TENDENCIA_BAJISTA | CALIDAD: NORMAL 62 | TENDENCIA: BAJISTA_NORMAL 52.22 | ACCION: PUT_SOPORTE_CERCA_SIN_RUPTURA
CONTEXTO FINAL: CANNABIS-OTC put pullback bajista a EMA | MERCADO: TENDENCIA_BAJISTA | CALIDAD: NORMAL 62 | TENDENCIA: BAJISTA_NORMAL 52.22 | ACCION: PUT_SOPORTE_CERCA_SIN_RUPTURA
RANKING DE SEÑALES:
USNDAQ100-OTC | call | continuación alcista con tendencia | puntaje: 11 | prioridad: 2 | consenso: 50.0 MEDIO | score final: 62
CONTEXTO FINAL: USNDAQ100-OTC call continuación alcista con tendencia | MERCADO: TENDENCIA_ALCISTA | CALIDAD: NORMAL 69 | TENDENCIA: ALCISTA_FUERTE 74.57 | ACCION: ABSORCION_VENDEDORA
RANKING DE SEÑALES:
USNDAQ100-OTC | call | continuación alcista con tendencia | puntaje: 11 | prioridad: 2 | consenso: 50.0 MEDIO | score final: 62
CONTEXTO FINAL: USNDAQ100-OTC call continuación alcista con tendencia | MERCADO: TENDENCIA_ALCISTA | CALIDAD: NORMAL 58 | TENDENCIA: ALCISTA_FUERTE 74.48 | ACCION: ABSORCION_VENDEDORA
RANKING DE SEÑALES:
USNDAQ100-OTC | call | CHOCH alcista | puntaje: 21 | prioridad: 4 | consenso: 50.0 MEDIO | score final: 148
USNDAQ100-OTC | call | continuación alcista con tendencia | puntaje: 13 | prioridad: 2 | consenso: 50.0 MEDIO | score final: 56
CONTEXTO FINAL: USNDAQ100-OTC call CHOCH alcista | MERCADO: TENDENCIA_ALCISTA | CALIDAD: NORMAL 58 | TENDENCIA: ALCISTA_FUERTE 71.01 | ACCION: ABSORCION_VENDEDORA
CONTEXTO FINAL: USNDAQ100-OTC call continuación alcista con tendencia | MERCADO: TENDENCIA_ALCISTA | CALIDAD: NORMAL 58 | TENDENCIA: ALCISTA_FUERTE 71.01 | ACCION: ABSORCION_VENDEDORA
RANKING DE SEÑALES:
USNDAQ100-OTC | call | continuación alcista con tendencia | puntaje: 11 | prioridad: 2 | consenso: 50.0 MEDIO | score final: 52
CONTEXTO FINAL: USNDAQ100-OTC call continuación alcista con tendencia | MERCADO: TENDENCIA_ALCISTA | CALIDAD: NORMAL 60 | TENDENCIA: ALCISTA_FUERTE 73.98 | ACCION: CALL_RESISTENCIA_CERCA_SIN_RUPTURA
RANKING DE SEÑALES:
NIKE-OTC | call | continuación alcista con tendencia | puntaje: 11 | prioridad: 2 | consenso: 50.0 MEDIO | score final: 52
CONTEXTO FINAL: NIKE-OTC call continuación alcista con tendencia | MERCADO: TENDENCIA_ALCISTA | CALIDAD: NORMAL 60 | TENDENCIA: ALCISTA_NORMAL 69.84 | ACCION: CALL_RESISTENCIA_CERCA_SIN_RUPTURA
RANKING DE SEÑALES:
NIKE-OTC | call | continuación alcista con tendencia | puntaje: 11 | prioridad: 2 | consenso: 50.0 MEDIO | score final: 52
CONTEXTO FINAL: NIKE-OTC call continuación alcista con tendencia | MERCADO: TENDENCIA_ALCISTA | CALIDAD: NORMAL 56 | TENDENCIA: ALCISTA_NORMAL 69.85 | ACCION: CALL_RESISTENCIA_CERCA_SIN_RUPTURA
RANKING DE SEÑALES:
USDDOP-OTC | put | pullback bajista a EMA | puntaje: 16 | prioridad: 3 | consenso: 50.0 MEDIO | score final: 97
CONTEXTO FINAL: USDDOP-OTC put pullback bajista a EMA | MERCADO: TENDENCIA_BAJISTA | CALIDAD: NORMAL 63 | TENDENCIA: BAJISTA_NORMAL 55.19 | ACCION: PUT_SOPORTE_CERCA_SIN_RUPTURA
RANKING DE SEÑALES:
JUPUSD-OTC | call | liquidity sweep alcista | puntaje: 26 | prioridad: 4 | consenso: 50.0 MEDIO | score final: 230
CANDIDATOS BOOTIQ V2: 1
CONTEXTO FINAL: JUPUSD-OTC call liquidity sweep alcista | MERCADO: TENDENCIA_ALCISTA | CALIDAD: NORMAL 61 | TENDENCIA: ALCISTA_NORMAL 58.94 | ACCION: RECHAZO_COMPRADOR_SOPORTE
Progreso: 700 / 2818
RANKING DE SEÑALES:
NZDCAD-OTC | put | liquidity sweep bajista | puntaje: 23 | prioridad: 4 | consenso: 50.0 MEDIO | score final: 212
CONTEXTO FINAL: NZDCAD-OTC put liquidity sweep bajista | MERCADO: TENDENCIA_ALCISTA | CALIDAD: NORMAL 62 | TENDENCIA: ALCISTA_NORMAL 53.17 | ACCION: PUT_SOPORTE_CERCA_SIN_RUPTURA
Ronda: 700 Señales: 1
RANKING DE SEÑALES:
CASINOS-OTC | call | pullback alcista a EMA | puntaje: 19 | prioridad: 4 | consenso: 50.0 MEDIO | score final: 134
CONTEXTO FINAL: CASINOS-OTC call pullback alcista a EMA | MERCADO: TENDENCIA_ALCISTA | CALIDAD: NORMAL 59 | TENDENCIA: ALCISTA_NORMAL 58.23 | ACCION: ABSORCION_VENDEDORA
RANKING DE SEÑALES:
AUS200-OTC | call | liquidity sweep alcista | puntaje: 24 | prioridad: 4 | consenso: 50.0 MEDIO | score final: 214
CANDIDATOS BOOTIQ V2: 1
CONTEXTO FINAL: AUS200-OTC call liquidity sweep alcista | MERCADO: TENDENCIA_BAJISTA | CALIDAD: NORMAL 62 | TENDENCIA: BAJISTA_NORMAL 58.78 | ACCION: CALL_RESISTENCIA_CERCA_SIN_RUPTURA
RANKING DE SEÑALES:
CASINOS-OTC | call | continuación alcista con tendencia | puntaje: 11 | prioridad: 2 | consenso: 50.0 MEDIO | score final: 52
CONTEXTO FINAL: CASINOS-OTC call continuación alcista con tendencia | MERCADO: TENDENCIA_ALCISTA | CALIDAD: NORMAL 55 | TENDENCIA: ALCISTA_NORMAL 54.84 | ACCION: CALL_RESISTENCIA_CERCA_SIN_RUPTURA
RANKING DE SEÑALES:
CANNABIS-OTC | put | liquidity sweep bajista | puntaje: 24 | prioridad: 4 | consenso: 50.0 MEDIO | score final: 214
CONTEXTO FINAL: CANNABIS-OTC put liquidity sweep bajista | MERCADO: TENDENCIA_ALCISTA | CALIDAD: NORMAL 55 | TENDENCIA: ALCISTA_FUERTE 70.71 | ACCION: PUT_SOPORTE_CERCA_SIN_RUPTURA
Progreso: 725 / 2818
RANKING DE SEÑALES:
JUPUSD-OTC | call | continuación alcista con tendencia | puntaje: 11 | prioridad: 2 | consenso: 50.0 MEDIO | score final: 52
CONTEXTO FINAL: JUPUSD-OTC call continuación alcista con tendencia | MERCADO: TENDENCIA_ALCISTA | CALIDAD: NORMAL 57 | TENDENCIA: ALCISTA_NORMAL 53.96 | ACCION: ABSORCION_VENDEDORA
RANKING DE SEÑALES:
AUS200-OTC | put | pullback bajista a EMA | puntaje: 16 | prioridad: 3 | consenso: 50.0 MEDIO | score final: 97
AUS200-OTC | put | continuación bajista con tendencia | puntaje: 13 | prioridad: 2 | consenso: 50.0 MEDIO | score final: 56
CONTEXTO FINAL: AUS200-OTC put pullback bajista a EMA | MERCADO: TENDENCIA_BAJISTA | CALIDAD: NORMAL 59 | TENDENCIA: BAJISTA_FUERTE 73.66 | ACCION: PUT_SOPORTE_CERCA_SIN_RUPTURA
CONTEXTO FINAL: AUS200-OTC put continuación bajista con tendencia | MERCADO: TENDENCIA_BAJISTA | CALIDAD: NORMAL 59 | TENDENCIA: BAJISTA_FUERTE 73.66 | ACCION: PUT_SOPORTE_CERCA_SIN_RUPTURA
RANKING DE SEÑALES:
JUPUSD-OTC | call | continuación alcista con tendencia | puntaje: 11 | prioridad: 2 | consenso: 50.0 MEDIO | score final: 52
CONTEXTO FINAL: JUPUSD-OTC call continuación alcista con tendencia | MERCADO: TENDENCIA_ALCISTA | CALIDAD: NORMAL 59 | TENDENCIA: ALCISTA_NORMAL 54.13 | ACCION: ABSORCION_VENDEDORA
RANKING DE SEÑALES:
AUS200-OTC | put | CHOCH bajista | puntaje: 19 | prioridad: 3 | consenso: 50.0 MEDIO | score final: 131
AUS200-OTC | put | continuación bajista con tendencia | puntaje: 11 | prioridad: 2 | consenso: 50.0 MEDIO | score final: 52
CONTEXTO FINAL: AUS200-OTC put CHOCH bajista | MERCADO: TENDENCIA_BAJISTA | CALIDAD: NORMAL 66 | TENDENCIA: BAJISTA_FUERTE 74.99 | ACCION: PUT_SOPORTE_CERCA_SIN_RUPTURA
CONTEXTO FINAL: AUS200-OTC put continuación bajista con tendencia | MERCADO: TENDENCIA_BAJISTA | CALIDAD: NORMAL 66 | TENDENCIA: BAJISTA_FUERTE 74.99 | ACCION: PUT_SOPORTE_CERCA_SIN_RUPTURA
RANKING DE SEÑALES:
CANNABIS-OTC | put | continuación bajista con tendencia | puntaje: 11 | prioridad: 2 | consenso: 50.0 MEDIO | score final: 52
CONTEXTO FINAL: CANNABIS-OTC put continuación bajista con tendencia | MERCADO: TENDENCIA_BAJISTA | CALIDAD: NORMAL 59 | TENDENCIA: BAJISTA_NORMAL 62.48 | ACCION: ABSORCION_COMPRADORA
RANKING DE SEÑALES:
AUS200-OTC | put | continuación bajista con tendencia | puntaje: 11 | prioridad: 2 | consenso: 50.0 MEDIO | score final: 52
CONTEXTO FINAL: AUS200-OTC put continuación bajista con tendencia | MERCADO: TENDENCIA_BAJISTA | CALIDAD: NORMAL 64 | TENDENCIA: BAJISTA_NORMAL 61.98 | ACCION: PUT_SOPORTE_CERCA_SIN_RUPTURA
RANKING DE SEÑALES:
CANNABIS-OTC | put | CHOCH bajista | puntaje: 19 | prioridad: 3 | consenso: 50.0 MEDIO | score final: 131
CANNABIS-OTC | put | continuación bajista con tendencia | puntaje: 11 | prioridad: 2 | consenso: 50.0 MEDIO | score final: 52
CONTEXTO FINAL: CANNABIS-OTC put CHOCH bajista | MERCADO: TENDENCIA_BAJISTA | CALIDAD: NORMAL 66 | TENDENCIA: BAJISTA_FUERTE 75.15 | ACCION: PUT_SOPORTE_CERCA_SIN_RUPTURA
CONTEXTO FINAL: CANNABIS-OTC put continuación bajista con tendencia | MERCADO: TENDENCIA_BAJISTA | CALIDAD: NORMAL 66 | TENDENCIA: BAJISTA_FUERTE 75.15 | ACCION: PUT_SOPORTE_CERCA_SIN_RUPTURA
RANKING DE SEÑALES:
CANNABIS-OTC | call | liquidity sweep alcista | puntaje: 22 | prioridad: 4 | consenso: 50.0 MEDIO | score final: 200
CANDIDATOS BOOTIQ V2: 1
CONTEXTO FINAL: CANNABIS-OTC call liquidity sweep alcista | MERCADO: TENDENCIA_BAJISTA | CALIDAD: NORMAL 71 | TENDENCIA: BAJISTA_NORMAL 65.18 | ACCION: CALL_RESISTENCIA_CERCA_SIN_RUPTURA
RANKING DE SEÑALES:
USNDAQ100-OTC | call | liquidity sweep alcista | puntaje: 24 | prioridad: 4 | consenso: 50.0 MEDIO | score final: 214
CANDIDATOS BOOTIQ V2: 1
CONTEXTO FINAL: USNDAQ100-OTC call liquidity sweep alcista | MERCADO: TENDENCIA_BAJISTA | CALIDAD: NORMAL 62 | TENDENCIA: BAJISTA_FUERTE 72.97 | ACCION: CALL_RESISTENCIA_CERCA_SIN_RUPTURA
RANKING DE SEÑALES:
AUS200-OTC | call | liquidity sweep alcista | puntaje: 22 | prioridad: 4 | consenso: 50.0 MEDIO | score final: 200
AUS200-OTC | put | continuación bajista con tendencia | puntaje: 11 | prioridad: 2 | consenso: 50.0 MEDIO | score final: 62
CANDIDATOS BOOTIQ V2: 1
CONTEXTO FINAL: AUS200-OTC call liquidity sweep alcista | MERCADO: TENDENCIA_BAJISTA | CALIDAD: NORMAL 58 | TENDENCIA: BAJISTA_NORMAL 65.81 | ACCION: ABSORCION_VENDEDORA
CONTEXTO FINAL: AUS200-OTC put continuación bajista con tendencia | MERCADO: TENDENCIA_BAJISTA | CALIDAD: NORMAL 58 | TENDENCIA: BAJISTA_NORMAL 65.81 | ACCION: PUT_SOPORTE_CERCA_SIN_RUPTURA
RANKING DE SEÑALES:
CANNABIS-OTC | put | continuación bajista con tendencia | puntaje: 11 | prioridad: 2 | consenso: 50.0 MEDIO | score final: 52
CONTEXTO FINAL: CANNABIS-OTC put continuación bajista con tendencia | MERCADO: TENDENCIA_BAJISTA | CALIDAD: NORMAL 74 | TENDENCIA: BAJISTA_FUERTE 71.59 | ACCION: PUT_SOPORTE_CERCA_SIN_RUPTURA
RANKING DE SEÑALES:
CANNABIS-OTC | put | continuación bajista con tendencia | puntaje: 11 | prioridad: 2 | consenso: 50.0 MEDIO | score final: 52
CONTEXTO FINAL: CANNABIS-OTC put continuación bajista con tendencia | MERCADO: TENDENCIA_BAJISTA | CALIDAD: LIMPIO 76 | TENDENCIA: BAJISTA_NORMAL 69.1 | ACCION: PUT_SOPORTE_CERCA_SIN_RUPTURA
Progreso: 750 / 2818
RANKING DE SEÑALES:
CANNABIS-OTC | put | pullback bajista a EMA | puntaje: 16 | prioridad: 3 | consenso: 50.0 MEDIO | score final: 97
CANNABIS-OTC | put | continuación bajista con tendencia | puntaje: 13 | prioridad: 2 | consenso: 50.0 MEDIO | score final: 56
CONTEXTO FINAL: CANNABIS-OTC put pullback bajista a EMA | MERCADO: TENDENCIA_BAJISTA | CALIDAD: NORMAL 74 | TENDENCIA: BAJISTA_NORMAL 58.25 | ACCION: PUT_SOPORTE_CERCA_SIN_RUPTURA
CONTEXTO FINAL: CANNABIS-OTC put continuación bajista con tendencia | MERCADO: TENDENCIA_BAJISTA | CALIDAD: NORMAL 74 | TENDENCIA: BAJISTA_NORMAL 58.25 | ACCION: PUT_SOPORTE_CERCA_SIN_RUPTURA
RANKING DE SEÑALES:
CANNABIS-OTC | put | continuación bajista con tendencia | puntaje: 11 | prioridad: 2 | consenso: 50.0 MEDIO | score final: 52
CONTEXTO FINAL: CANNABIS-OTC put continuación bajista con tendencia | MERCADO: TENDENCIA_BAJISTA | CALIDAD: LIMPIO 76 | TENDENCIA: BAJISTA_NORMAL 58.1 | ACCION: PUT_SOPORTE_CERCA_SIN_RUPTURA
RANKING DE SEÑALES:
CHFJPY-OTC | call | pullback alcista a EMA | puntaje: 16 | prioridad: 3 | consenso: 50.0 MEDIO | score final: 105
CONTEXTO FINAL: CHFJPY-OTC call pullback alcista a EMA | MERCADO: TENDENCIA_ALCISTA | CALIDAD: NORMAL 58 | TENDENCIA: ALCISTA_NORMAL 67.57 | ACCION: CALL_RESISTENCIA_CERCA_SIN_RUPTURA
RANKING DE SEÑALES:
CHFJPY-OTC | call | continuación alcista con tendencia | puntaje: 11 | prioridad: 2 | consenso: 50.0 MEDIO | score final: 64
CONTEXTO FINAL: CHFJPY-OTC call continuación alcista con tendencia | MERCADO: TENDENCIA_ALCISTA | CALIDAD: NORMAL 58 | TENDENCIA: ALCISTA_FUERTE 70.2 | ACCION: CALL_RESISTENCIA_CERCA_SIN_RUPTURA
RANKING DE SEÑALES:
CHFJPY-OTC | call | continuación alcista con tendencia | puntaje: 11 | prioridad: 2 | consenso: 50.0 MEDIO | score final: 64
CONTEXTO FINAL: CHFJPY-OTC call continuación alcista con tendencia | MERCADO: TENDENCIA_ALCISTA | CALIDAD: NORMAL 58 | TENDENCIA: ALCISTA_FUERTE 78.17 | ACCION: CALL_RESISTENCIA_CERCA_SIN_RUPTURA
RANKING DE SEÑALES:
NIKE-OTC | call | liquidity sweep alcista | puntaje: 22 | prioridad: 4 | consenso: 50.0 MEDIO | score final: 200
CANDIDATOS BOOTIQ V2: 1
CONTEXTO FINAL: NIKE-OTC call liquidity sweep alcista | MERCADO: TENDENCIA_BAJISTA | CALIDAD: NORMAL 74 | TENDENCIA: BAJISTA_DEBIL 41.92 | ACCION: ABSORCION_VENDEDORA
RANKING DE SEÑALES:
NIKE-OTC | put | pullback bajista a EMA | puntaje: 19 | prioridad: 4 | consenso: 50.0 MEDIO | score final: 116
CONTEXTO FINAL: NIKE-OTC put pullback bajista a EMA | MERCADO: TENDENCIA_BAJISTA | CALIDAD: NORMAL 72 | TENDENCIA: BAJISTA_NORMAL 51.24 | ACCION: PUT_SOPORTE_CERCA_SIN_RUPTURA
RANKING DE SEÑALES:
NIKE-OTC | call | liquidity sweep alcista | puntaje: 22 | prioridad: 4 | consenso: 50.0 MEDIO | score final: 200
CANDIDATOS BOOTIQ V2: 1
CONTEXTO FINAL: NIKE-OTC call liquidity sweep alcista | MERCADO: TENDENCIA_BAJISTA | CALIDAD: LIMPIO 79 | TENDENCIA: BAJISTA_NORMAL 53.52 | ACCION: CALL_RESISTENCIA_CERCA_SIN_RUPTURA
RANKING DE SEÑALES:
CANNABIS-OTC | put | pullback bajista a EMA | puntaje: 17 | prioridad: 3 | consenso: 50.0 MEDIO | score final: 99
CONTEXTO FINAL: CANNABIS-OTC put pullback bajista a EMA | MERCADO: TENDENCIA_BAJISTA | CALIDAD: NORMAL 69 | TENDENCIA: BAJISTA_NORMAL 66.66 | ACCION: PUT_SOPORTE_CERCA_SIN_RUPTURA
RANKING DE SEÑALES:
CHFJPY-OTC | put | reacción vendedora en resistencia | puntaje: 20 | prioridad: 4 | consenso: 50.0 MEDIO | score final: 148
CONTEXTO FINAL: CHFJPY-OTC put reacción vendedora en resistencia | MERCADO: TENDENCIA_ALCISTA | CALIDAD: NORMAL 68 | TENDENCIA: ALCISTA_NORMAL 67.24 | ACCION: PUT_ZONA_NEUTRA
RANKING DE SEÑALES:
CANNABIS-OTC | put | pullback bajista a EMA | puntaje: 17 | prioridad: 3 | consenso: 50.0 MEDIO | score final: 111
CONTEXTO FINAL: CANNABIS-OTC put pullback bajista a EMA | MERCADO: TENDENCIA_BAJISTA | CALIDAD: NORMAL 67 | TENDENCIA: BAJISTA_NORMAL 62.64 | ACCION: PUT_SOPORTE_CERCA_SIN_RUPTURA
Progreso: 775 / 2818
RANKING DE SEÑALES:
CHFJPY-OTC | call | liquidity sweep alcista | puntaje: 23 | prioridad: 3 | consenso: 50.0 MEDIO | score final: 207
CANDIDATOS BOOTIQ V2: 1
CONTEXTO FINAL: CHFJPY-OTC call liquidity sweep alcista | MERCADO: TENDENCIA_BAJISTA | CALIDAD: NORMAL 73 | TENDENCIA: BAJISTA_FUERTE 76.45 | ACCION: CALL_RESISTENCIA_CERCA_SIN_RUPTURA
RANKING DE SEÑALES:
AUS200-OTC | call | pullback alcista a EMA | puntaje: 20 | prioridad: 4 | consenso: 50.0 MEDIO | score final: 136
CONTEXTO FINAL: AUS200-OTC call pullback alcista a EMA | MERCADO: TENDENCIA_ALCISTA | CALIDAD: NORMAL 64 | TENDENCIA: ALCISTA_NORMAL 65.63 | ACCION: ABSORCION_VENDEDORA
RANKING DE SEÑALES:
CANNABIS-OTC | put | continuación bajista con tendencia | puntaje: 11 | prioridad: 2 | consenso: 50.0 MEDIO | score final: 62
CONTEXTO FINAL: CANNABIS-OTC put continuación bajista con tendencia | MERCADO: TENDENCIA_BAJISTA | CALIDAD: NORMAL 66 | TENDENCIA: BAJISTA_NORMAL 54.09 | ACCION: ABSORCION_COMPRADORA
RANKING DE SEÑALES:
CANNABIS-OTC | put | continuación bajista con tendencia | puntaje: 11 | prioridad: 2 | consenso: 50.0 MEDIO | score final: 62
CONTEXTO FINAL: CANNABIS-OTC put continuación bajista con tendencia | MERCADO: TENDENCIA_BAJISTA | CALIDAD: NORMAL 66 | TENDENCIA: BAJISTA_NORMAL 62.91 | ACCION: ABSORCION_COMPRADORA
Progreso: 800 / 2818
Ronda: 800 Señales: 0
RANKING DE SEÑALES:
CANNABIS-OTC | put | pullback bajista a EMA | puntaje: 19 | prioridad: 4 | consenso: 50.0 MEDIO | score final: 116
CONTEXTO FINAL: CANNABIS-OTC put pullback bajista a EMA | MERCADO: TENDENCIA_BAJISTA | CALIDAD: NORMAL 63 | TENDENCIA: BAJISTA_NORMAL 52.06 | ACCION: ABSORCION_COMPRADORA
RANKING DE SEÑALES:
CANNABIS-OTC | put | continuación bajista con tendencia | puntaje: 11 | prioridad: 2 | consenso: 50.0 MEDIO | score final: 52
CONTEXTO FINAL: CANNABIS-OTC put continuación bajista con tendencia | MERCADO: TENDENCIA_BAJISTA | CALIDAD: NORMAL 66 | TENDENCIA: BAJISTA_DEBIL 39.92 | ACCION: PUT_SOPORTE_CERCA_SIN_RUPTURA
RANKING DE SEÑALES:
AUS200-OTC | put | pullback bajista a EMA | puntaje: 20 | prioridad: 4 | consenso: 50.0 MEDIO | score final: 128
CONTEXTO FINAL: AUS200-OTC put pullback bajista a EMA | MERCADO: TENDENCIA_BAJISTA | CALIDAD: NORMAL 65 | TENDENCIA: BAJISTA_NORMAL 53.36 | ACCION: PUT_SOPORTE_CERCA_SIN_RUPTURA
RANKING DE SEÑALES:
EURUSD-OTC | put | pullback bajista a EMA | puntaje: 16 | prioridad: 3 | consenso: 50.0 MEDIO | score final: 97
CONTEXTO FINAL: EURUSD-OTC put pullback bajista a EMA | MERCADO: TENDENCIA_BAJISTA | CALIDAD: NORMAL 64 | TENDENCIA: BAJISTA_DEBIL 45.79 | ACCION: PUT_SOPORTE_CERCA_SIN_RUPTURA
RANKING DE SEÑALES:
EURUSD-OTC | put | pullback bajista a EMA | puntaje: 17 | prioridad: 3 | consenso: 50.0 MEDIO | score final: 109
CONTEXTO FINAL: EURUSD-OTC put pullback bajista a EMA | MERCADO: TENDENCIA_BAJISTA | CALIDAD: NORMAL 62 | TENDENCIA: BAJISTA_DEBIL 45.01 | ACCION: PUT_ZONA_NEUTRA
RANKING DE SEÑALES:
EURUSD-OTC | call | CHOCH alcista | puntaje: 21 | prioridad: 4 | consenso: 50.0 MEDIO | score final: 148
CONTEXTO FINAL: EURUSD-OTC call CHOCH alcista | MERCADO: TENDENCIA_ALCISTA | CALIDAD: NORMAL 69 | TENDENCIA: ALCISTA_NORMAL 62.3 | ACCION: CALL_RESISTENCIA_CERCA_SIN_RUPTURA
Progreso: 825 / 2818
RANKING DE SEÑALES:
EURUSD-OTC | call | pullback alcista a EMA | puntaje: 16 | prioridad: 3 | consenso: 50.0 MEDIO | score final: 105
CONTEXTO FINAL: EURUSD-OTC call pullback alcista a EMA | MERCADO: TENDENCIA_ALCISTA | CALIDAD: NORMAL 56 | TENDENCIA: ALCISTA_NORMAL 54.79 | ACCION: CALL_RESISTENCIA_CERCA_SIN_RUPTURA
RANKING DE SEÑALES:
NIKE-OTC | put | continuación bajista con tendencia | puntaje: 11 | prioridad: 2 | consenso: 50.0 MEDIO | score final: 52
CONTEXTO FINAL: NIKE-OTC put continuación bajista con tendencia | MERCADO: TENDENCIA_BAJISTA | CALIDAD: NORMAL 56 | TENDENCIA: BAJISTA_NORMAL 50.8 | ACCION: PUT_SOPORTE_CERCA_SIN_RUPTURA
RANKING DE SEÑALES:
NIKE-OTC | put | continuación bajista con tendencia | puntaje: 11 | prioridad: 2 | consenso: 50.0 MEDIO | score final: 52
CONTEXTO FINAL: NIKE-OTC put continuación bajista con tendencia | MERCADO: TENDENCIA_BAJISTA | CALIDAD: NORMAL 65 | TENDENCIA: BAJISTA_NORMAL 60.41 | ACCION: PUT_SOPORTE_CERCA_SIN_RUPTURA
RANKING DE SEÑALES:
NIKE-OTC | put | CHOCH bajista | puntaje: 21 | prioridad: 4 | consenso: 50.0 MEDIO | score final: 148
NIKE-OTC | put | continuación bajista con tendencia | puntaje: 11 | prioridad: 2 | consenso: 50.0 MEDIO | score final: 52
CONTEXTO FINAL: NIKE-OTC put CHOCH bajista | MERCADO: TENDENCIA_BAJISTA | CALIDAD: NORMAL 72 | TENDENCIA: BAJISTA_FUERTE 85.94 | ACCION: PUT_SOPORTE_CERCA_SIN_RUPTURA
CONTEXTO FINAL: NIKE-OTC put continuación bajista con tendencia | MERCADO: TENDENCIA_BAJISTA | CALIDAD: NORMAL 72 | TENDENCIA: BAJISTA_FUERTE 85.94 | ACCION: PUT_SOPORTE_CERCA_SIN_RUPTURA
RANKING DE SEÑALES:
NIKE-OTC | put | continuación bajista con tendencia | puntaje: 11 | prioridad: 2 | consenso: 50.0 MEDIO | score final: 52
CONTEXTO FINAL: NIKE-OTC put continuación bajista con tendencia | MERCADO: TENDENCIA_BAJISTA | CALIDAD: NORMAL 72 | TENDENCIA: BAJISTA_FUERTE 79.08 | ACCION: PUT_SOPORTE_CERCA_SIN_RUPTURA
RANKING DE SEÑALES:
NIKE-OTC | put | CHOCH bajista | puntaje: 22 | prioridad: 4 | consenso: 50.0 MEDIO | score final: 150
NIKE-OTC | put | pullback bajista a EMA | puntaje: 19 | prioridad: 4 | consenso: 50.0 MEDIO | score final: 116
NIKE-OTC | put | continuación bajista con tendencia | puntaje: 14 | prioridad: 3 | consenso: 50.0 MEDIO | score final: 63
CONTEXTO FINAL: NIKE-OTC put CHOCH bajista | MERCADO: TENDENCIA_BAJISTA | CALIDAD: NORMAL 70 | TENDENCIA: BAJISTA_FUERTE 75.54 | ACCION: PUT_SOPORTE_CERCA_SIN_RUPTURA
CONTEXTO FINAL: NIKE-OTC put pullback bajista a EMA | MERCADO: TENDENCIA_BAJISTA | CALIDAD: NORMAL 70 | TENDENCIA: BAJISTA_FUERTE 75.54 | ACCION: PUT_SOPORTE_CERCA_SIN_RUPTURA
CONTEXTO FINAL: NIKE-OTC put continuación bajista con tendencia | MERCADO: TENDENCIA_BAJISTA | CALIDAD: NORMAL 70 | TENDENCIA: BAJISTA_FUERTE 75.54 | ACCION: PUT_SOPORTE_CERCA_SIN_RUPTURA
RANKING DE SEÑALES:
CANNABIS-OTC | put | liquidity sweep bajista | puntaje: 22 | prioridad: 4 | consenso: 50.0 MEDIO | score final: 200
CONTEXTO FINAL: CANNABIS-OTC put liquidity sweep bajista | MERCADO: TENDENCIA_ALCISTA | CALIDAD: NORMAL 60 | TENDENCIA: ALCISTA_NORMAL 62.05 | ACCION: PUT_SOPORTE_CERCA_SIN_RUPTURA
RANKING DE SEÑALES:
NIKE-OTC | call | liquidity sweep alcista | puntaje: 23 | prioridad: 4 | consenso: 50.0 MEDIO | score final: 212
CANDIDATOS BOOTIQ V2: 1
CONTEXTO FINAL: NIKE-OTC call liquidity sweep alcista | MERCADO: TENDENCIA_BAJISTA | CALIDAD: NORMAL 68 | TENDENCIA: BAJISTA_FUERTE 70.05 | ACCION: CALL_RESISTENCIA_CERCA_SIN_RUPTURA
RANKING DE SEÑALES:
CHFJPY-OTC | put | pullback bajista a EMA | puntaje: 17 | prioridad: 3 | consenso: 50.0 MEDIO | score final: 99
CONTEXTO FINAL: CHFJPY-OTC put pullback bajista a EMA | MERCADO: TENDENCIA_BAJISTA | CALIDAD: NORMAL 57 | TENDENCIA: BAJISTA_NORMAL 61.51 | ACCION: PUT_SOPORTE_CERCA_SIN_RUPTURA
RANKING DE SEÑALES:
NIKE-OTC | put | liquidity sweep bajista | puntaje: 26 | prioridad: 4 | consenso: 50.0 MEDIO | score final: 230
CONTEXTO FINAL: NIKE-OTC put liquidity sweep bajista | MERCADO: TENDENCIA_ALCISTA | CALIDAD: NORMAL 69 | TENDENCIA: ALCISTA_DEBIL 49.75 | ACCION: RECHAZO_VENDEDOR_RESISTENCIA
RANKING DE SEÑALES:
NIKE-OTC | call | reacción compradora en soporte | puntaje: 23 | prioridad: 0 | consenso: 50.0 MEDIO | score final: 138
NIKE-OTC | call | pullback alcista a EMA | puntaje: 19 | prioridad: 4 | consenso: 50.0 MEDIO | score final: 136
CONTEXTO FINAL: NIKE-OTC call reacción compradora en soporte | MERCADO: TENDENCIA_ALCISTA | CALIDAD: NORMAL 66 | TENDENCIA: ALCISTA_DEBIL 46.81 | ACCION: CALL_RESISTENCIA_CERCA_SIN_RUPTURA
CONTEXTO FINAL: NIKE-OTC call pullback alcista a EMA | MERCADO: TENDENCIA_ALCISTA | CALIDAD: NORMAL 66 | TENDENCIA: ALCISTA_DEBIL 46.81 | ACCION: CALL_RESISTENCIA_CERCA_SIN_RUPTURA
RANKING DE SEÑALES:
CASINOS-OTC | call | CHOCH alcista | puntaje: 19 | prioridad: 3 | consenso: 50.0 MEDIO | score final: 141
CASINOS-OTC | call | continuación alcista con tendencia | puntaje: 11 | prioridad: 2 | consenso: 50.0 MEDIO | score final: 62
CONTEXTO FINAL: CASINOS-OTC call CHOCH alcista | MERCADO: TENDENCIA_ALCISTA | CALIDAD: NORMAL 62 | TENDENCIA: ALCISTA_DEBIL 47.34 | ACCION: ABSORCION_VENDEDORA
CONTEXTO FINAL: CASINOS-OTC call continuación alcista con tendencia | MERCADO: TENDENCIA_ALCISTA | CALIDAD: NORMAL 62 | TENDENCIA: ALCISTA_DEBIL 47.34 | ACCION: ABSORCION_VENDEDORA
RANKING DE SEÑALES:
CASINOS-OTC | put | liquidity sweep bajista | puntaje: 24 | prioridad: 4 | consenso: 50.0 MEDIO | score final: 226
CONTEXTO FINAL: CASINOS-OTC put liquidity sweep bajista | MERCADO: TENDENCIA_ALCISTA | CALIDAD: NORMAL 67 | TENDENCIA: ALCISTA_DEBIL 40.71 | ACCION: RECHAZO_VENDEDOR_RESISTENCIA
RANKING DE SEÑALES:
CHFJPY-OTC | call | CHOCH alcista | puntaje: 19 | prioridad: 3 | consenso: 50.0 MEDIO | score final: 131
CONTEXTO FINAL: CHFJPY-OTC call CHOCH alcista | MERCADO: TENDENCIA_ALCISTA | CALIDAD: NORMAL 64 | TENDENCIA: ALCISTA_FUERTE 70.04 | ACCION: CALL_RESISTENCIA_CERCA_SIN_RUPTURA
RANKING DE SEÑALES:
CANNABIS-OTC | put | liquidity sweep bajista | puntaje: 22 | prioridad: 4 | consenso: 50.0 MEDIO | score final: 200
CONTEXTO FINAL: CANNABIS-OTC put liquidity sweep bajista | MERCADO: TENDENCIA_ALCISTA | CALIDAD: NORMAL 61 | TENDENCIA: ALCISTA_FUERTE 72.05 | ACCION: PUT_SOPORTE_CERCA_SIN_RUPTURA
Progreso: 850 / 2818
RANKING DE SEÑALES:
CANNABIS-OTC | call | pullback alcista a EMA | puntaje: 16 | prioridad: 3 | consenso: 50.0 MEDIO | score final: 115
CONTEXTO FINAL: CANNABIS-OTC call pullback alcista a EMA | MERCADO: TENDENCIA_ALCISTA | CALIDAD: NORMAL 58 | TENDENCIA: ALCISTA_NORMAL 54.31 | ACCION: CALL_RESISTENCIA_CERCA_SIN_RUPTURA
RANKING DE SEÑALES:
EURUSD-OTC | put | pullback bajista a EMA | puntaje: 17 | prioridad: 3 | consenso: 50.0 MEDIO | score final: 109
CONTEXTO FINAL: EURUSD-OTC put pullback bajista a EMA | MERCADO: TENDENCIA_BAJISTA | CALIDAD: NORMAL 63 | TENDENCIA: BAJISTA_DEBIL 45.6 | ACCION: PUT_SOPORTE_CERCA_SIN_RUPTURA
RANKING DE SEÑALES:
CANNABIS-OTC | call | continuación alcista con tendencia | puntaje: 14 | prioridad: 3 | consenso: 50.0 MEDIO | score final: 63
CONTEXTO FINAL: CANNABIS-OTC call continuación alcista con tendencia | MERCADO: TENDENCIA_ALCISTA | CALIDAD: NORMAL 63 | TENDENCIA: ALCISTA_NORMAL 69.44 | ACCION: CALL_RESISTENCIA_CERCA_SIN_RUPTURA
RANKING DE SEÑALES:
USNDAQ100-OTC | put | liquidity sweep bajista | puntaje: 24 | prioridad: 4 | consenso: 50.0 MEDIO | score final: 214
CONTEXTO FINAL: USNDAQ100-OTC put liquidity sweep bajista | MERCADO: TENDENCIA_ALCISTA | CALIDAD: NORMAL 60 | TENDENCIA: ALCISTA_NORMAL 61.63 | ACCION: PUT_SOPORTE_CERCA_SIN_RUPTURA
RANKING DE SEÑALES:
CANNABIS-OTC | call | continuación alcista con tendencia | puntaje: 11 | prioridad: 2 | consenso: 50.0 MEDIO | score final: 52
CONTEXTO FINAL: CANNABIS-OTC call continuación alcista con tendencia | MERCADO: TENDENCIA_ALCISTA | CALIDAD: NORMAL 70 | TENDENCIA: ALCISTA_NORMAL 69.53 | ACCION: CALL_RESISTENCIA_CERCA_SIN_RUPTURA
RANKING DE SEÑALES:
USNDAQ100-OTC | call | CHOCH alcista | puntaje: 21 | prioridad: 4 | consenso: 50.0 MEDIO | score final: 148
CONTEXTO FINAL: USNDAQ100-OTC call CHOCH alcista | MERCADO: TENDENCIA_ALCISTA | CALIDAD: NORMAL 60 | TENDENCIA: ALCISTA_NORMAL 60.82 | ACCION: ABSORCION_VENDEDORA
RANKING DE SEÑALES:
AUS200-OTC | call | CHOCH alcista | puntaje: 19 | prioridad: 3 | consenso: 50.0 MEDIO | score final: 131
CONTEXTO FINAL: AUS200-OTC call CHOCH alcista | MERCADO: TENDENCIA_ALCISTA | CALIDAD: NORMAL 61 | TENDENCIA: ALCISTA_NORMAL 65.68 | ACCION: ABSORCION_VENDEDORA
RANKING DE SEÑALES:
CANNABIS-OTC | put | reacción vendedora en resistencia | puntaje: 18 | prioridad: 0 | consenso: 50.0 MEDIO | score final: 116
CONTEXTO FINAL: CANNABIS-OTC put reacción vendedora en resistencia | MERCADO: TENDENCIA_ALCISTA | CALIDAD: NORMAL 70 | TENDENCIA: ALCISTA_NORMAL 66.19 | ACCION: PUT_ZONA_NEUTRA
RANKING DE SEÑALES:
EURUSD-OTC | call | liquidity sweep alcista | puntaje: 22 | prioridad: 4 | consenso: 50.0 MEDIO | score final: 200
CANDIDATOS BOOTIQ V2: 1
CONTEXTO FINAL: EURUSD-OTC call liquidity sweep alcista | MERCADO: TENDENCIA_ALCISTA | CALIDAD: NORMAL 66 | TENDENCIA: ALCISTA_DEBIL 40.26 | ACCION: CALL_RESISTENCIA_CERCA_SIN_RUPTURA
Progreso: 875 / 2818
RANKING DE SEÑALES:
EURUSD-OTC | put | pullback bajista a EMA | puntaje: 19 | prioridad: 4 | consenso: 50.0 MEDIO | score final: 116
CONTEXTO FINAL: EURUSD-OTC put pullback bajista a EMA | MERCADO: TENDENCIA_BAJISTA | CALIDAD: NORMAL 57 | TENDENCIA: BAJISTA_NORMAL 59.75 | ACCION: PUT_SOPORTE_CERCA_SIN_RUPTURA
RANKING DE SEÑALES:
CASINOS-OTC | call | liquidity sweep alcista | puntaje: 24 | prioridad: 4 | consenso: 50.0 MEDIO | score final: 214
CANDIDATOS BOOTIQ V2: 1
CONTEXTO FINAL: CASINOS-OTC call liquidity sweep alcista | MERCADO: TENDENCIA_BAJISTA | CALIDAD: NORMAL 57 | TENDENCIA: BAJISTA_NORMAL 61.35 | ACCION: CALL_RESISTENCIA_CERCA_SIN_RUPTURA
RANKING DE SEÑALES:
USNDAQ100-OTC | put | pullback bajista a EMA | puntaje: 17 | prioridad: 3 | consenso: 50.0 MEDIO | score final: 99
CONTEXTO FINAL: USNDAQ100-OTC put pullback bajista a EMA | MERCADO: TENDENCIA_BAJISTA | CALIDAD: LIMPIO 77 | TENDENCIA: BAJISTA_NORMAL 69.2 | ACCION: PUT_SOPORTE_CERCA_SIN_RUPTURA
RANKING DE SEÑALES:
USNDAQ100-OTC | put | pullback bajista a EMA | puntaje: 16 | prioridad: 3 | consenso: 50.0 MEDIO | score final: 97
CONTEXTO FINAL: USNDAQ100-OTC put pullback bajista a EMA | MERCADO: TENDENCIA_BAJISTA | CALIDAD: NORMAL 69 | TENDENCIA: BAJISTA_NORMAL 64.2 | ACCION: PUT_SOPORTE_CERCA_SIN_RUPTURA
RANKING DE SEÑALES:
USNDAQ100-OTC | put | pullback bajista a EMA | puntaje: 19 | prioridad: 4 | consenso: 50.0 MEDIO | score final: 144
USNDAQ100-OTC | put | continuación bajista con tendencia | puntaje: 14 | prioridad: 3 | consenso: 50.0 MEDIO | score final: 91
CONTEXTO FINAL: USNDAQ100-OTC put pullback bajista a EMA | MERCADO: TENDENCIA_BAJISTA | CALIDAD: NORMAL 69 | TENDENCIA: BAJISTA_NORMAL 66.48 | ACCION: PUT_ZONA_NEUTRA
CONTEXTO FINAL: USNDAQ100-OTC put continuación bajista con tendencia | MERCADO: TENDENCIA_BAJISTA | CALIDAD: NORMAL 69 | TENDENCIA: BAJISTA_NORMAL 66.48 | ACCION: PUT_ZONA_NEUTRA
RANKING DE SEÑALES:
NIKE-OTC | call | pullback alcista a EMA | puntaje: 16 | prioridad: 3 | consenso: 50.0 MEDIO | score final: 105
CONTEXTO FINAL: NIKE-OTC call pullback alcista a EMA | MERCADO: TENDENCIA_ALCISTA | CALIDAD: NORMAL 58 | TENDENCIA: ALCISTA_NORMAL 56.48 | ACCION: CALL_RESISTENCIA_CERCA_SIN_RUPTURA
RANKING DE SEÑALES:
EURCAD-OTC | put | liquidity sweep bajista | puntaje: 24 | prioridad: 4 | consenso: 50.0 MEDIO | score final: 226
EURCAD-OTC | put | reacción vendedora en resistencia | puntaje: 22 | prioridad: 4 | consenso: 50.0 MEDIO | score final: 164
CONTEXTO FINAL: EURCAD-OTC put liquidity sweep bajista | MERCADO: TENDENCIA_ALCISTA | CALIDAD: NORMAL 61 | TENDENCIA: ALCISTA_NORMAL 64.01 | ACCION: RECHAZO_VENDEDOR_RESISTENCIA
CONTEXTO FINAL: EURCAD-OTC put reacción vendedora en resistencia | MERCADO: TENDENCIA_ALCISTA | CALIDAD: NORMAL 61 | TENDENCIA: ALCISTA_NORMAL 64.01 | ACCION: RECHAZO_VENDEDOR_RESISTENCIA
Progreso: 900 / 2818
RANKING DE SEÑALES:
EURCAD-OTC | put | liquidity sweep bajista | puntaje: 25 | prioridad: 4 | consenso: 50.0 MEDIO | score final: 216
CONTEXTO FINAL: EURCAD-OTC put liquidity sweep bajista | MERCADO: TENDENCIA_ALCISTA | CALIDAD: NORMAL 61 | TENDENCIA: ALCISTA_NORMAL 61.44 | ACCION: PUT_ZONA_NEUTRA
Ronda: 900 Señales: 1
RANKING DE SEÑALES:
EURUSD-OTC | put | pullback bajista a EMA | puntaje: 19 | prioridad: 4 | consenso: 50.0 MEDIO | score final: 126
CONTEXTO FINAL: EURUSD-OTC put pullback bajista a EMA | MERCADO: TENDENCIA_BAJISTA | CALIDAD: NORMAL 57 | TENDENCIA: BAJISTA_FUERTE 70.45 | ACCION: PUT_SOPORTE_CERCA_SIN_RUPTURA
RANKING DE SEÑALES:
EURUSD-OTC | put | pullback bajista a EMA | puntaje: 16 | prioridad: 3 | consenso: 50.0 MEDIO | score final: 107
CONTEXTO FINAL: EURUSD-OTC put pullback bajista a EMA | MERCADO: TENDENCIA_BAJISTA | CALIDAD: NORMAL 59 | TENDENCIA: BAJISTA_FUERTE 74.08 | ACCION: PUT_SOPORTE_CERCA_SIN_RUPTURA
RANKING DE SEÑALES:
EURUSD-OTC | put | pullback bajista a EMA | puntaje: 16 | prioridad: 3 | consenso: 50.0 MEDIO | score final: 97
CONTEXTO FINAL: EURUSD-OTC put pullback bajista a EMA | MERCADO: TENDENCIA_BAJISTA | CALIDAD: NORMAL 73 | TENDENCIA: BAJISTA_NORMAL 53.15 | ACCION: PUT_SOPORTE_CERCA_SIN_RUPTURA
RANKING DE SEÑALES:
EURUSD-OTC | put | pullback bajista a EMA | puntaje: 20 | prioridad: 4 | consenso: 50.0 MEDIO | score final: 130
CONTEXTO FINAL: EURUSD-OTC put pullback bajista a EMA | MERCADO: TENDENCIA_BAJISTA | CALIDAD: NORMAL 57 | TENDENCIA: BAJISTA_NORMAL 62.05 | ACCION: RECHAZO_VENDEDOR_RESISTENCIA
Progreso: 925 / 2818
RANKING DE SEÑALES:
CHFJPY-OTC | call | liquidity sweep alcista | puntaje: 24 | prioridad: 4 | consenso: 50.0 MEDIO | score final: 226
CANDIDATOS BOOTIQ V2: 1
CONTEXTO FINAL: CHFJPY-OTC call liquidity sweep alcista | MERCADO: TENDENCIA_BAJISTA | CALIDAD: NORMAL 58 | TENDENCIA: BAJISTA_NORMAL 69.44 | ACCION: RECHAZO_COMPRADOR_SOPORTE
RANKING DE SEÑALES:
AUS200-OTC | put | pullback bajista a EMA | puntaje: 16 | prioridad: 3 | consenso: 50.0 MEDIO | score final: 107
CONTEXTO FINAL: AUS200-OTC put pullback bajista a EMA | MERCADO: TENDENCIA_BAJISTA | CALIDAD: NORMAL 67 | TENDENCIA: BAJISTA_NORMAL 66.36 | ACCION: PUT_SOPORTE_CERCA_SIN_RUPTURA
RANKING DE SEÑALES:
NIKE-OTC | put | pullback bajista a EMA | puntaje: 19 | prioridad: 4 | consenso: 50.0 MEDIO | score final: 126
CONTEXTO FINAL: NIKE-OTC put pullback bajista a EMA | MERCADO: TENDENCIA_BAJISTA | CALIDAD: NORMAL 59 | TENDENCIA: BAJISTA_NORMAL 58.09 | ACCION: PUT_SOPORTE_CERCA_SIN_RUPTURA
RANKING DE SEÑALES:
AUS200-OTC | put | liquidity sweep bajista | puntaje: 23 | prioridad: 4 | consenso: 50.0 MEDIO | score final: 212
CONTEXTO FINAL: AUS200-OTC put liquidity sweep bajista | MERCADO: RANGO | CALIDAD: LIMPIO 76 | TENDENCIA: ALCISTA_NORMAL 50.92 | ACCION: PUT_SOPORTE_CERCA_SIN_RUPTURA
RANKING DE SEÑALES:
AUS200-OTC | call | pullback alcista a EMA | puntaje: 19 | prioridad: 4 | consenso: 50.0 MEDIO | score final: 134
CONTEXTO FINAL: AUS200-OTC call pullback alcista a EMA | MERCADO: TENDENCIA_ALCISTA | CALIDAD: NORMAL 64 | TENDENCIA: ALCISTA_NORMAL 68.05 | ACCION: CALL_RESISTENCIA_CERCA_SIN_RUPTURA
RANKING DE SEÑALES:
AUS200-OTC | call | pullback alcista a EMA | puntaje: 20 | prioridad: 4 | consenso: 50.0 MEDIO | score final: 150
CONTEXTO FINAL: AUS200-OTC call pullback alcista a EMA | MERCADO: TENDENCIA_ALCISTA | CALIDAD: NORMAL 60 | TENDENCIA: ALCISTA_FUERTE 80.4 | ACCION: RECHAZO_COMPRADOR_SOPORTE
Progreso: 950 / 2818
RANKING DE SEÑALES:
EURUSD-OTC | put | liquidity sweep bajista | puntaje: 22 | prioridad: 4 | consenso: 50.0 MEDIO | score final: 200
CONTEXTO FINAL: EURUSD-OTC put liquidity sweep bajista | MERCADO: TENDENCIA_ALCISTA | CALIDAD: NORMAL 70 | TENDENCIA: ALCISTA_FUERTE 76.71 | ACCION: PUT_SOPORTE_CERCA_SIN_RUPTURA
RANKING DE SEÑALES:
NIKE-OTC | put | reacción vendedora en resistencia | puntaje: 18 | prioridad: 0 | consenso: 50.0 MEDIO | score final: 118
NIKE-OTC | put | continuación bajista con tendencia | puntaje: 11 | prioridad: 2 | consenso: 50.0 MEDIO | score final: 64
CONTEXTO FINAL: NIKE-OTC put reacción vendedora en resistencia | MERCADO: TENDENCIA_BAJISTA | CALIDAD: NORMAL 63 | TENDENCIA: BAJISTA_DEBIL 47.26 | ACCION: PUT_SOPORTE_CERCA_SIN_RUPTURA
CONTEXTO FINAL: NIKE-OTC put continuación bajista con tendencia | MERCADO: TENDENCIA_BAJISTA | CALIDAD: NORMAL 63 | TENDENCIA: BAJISTA_DEBIL 47.26 | ACCION: PUT_SOPORTE_CERCA_SIN_RUPTURA
RANKING DE SEÑALES:
NIKE-OTC | put | continuación bajista con tendencia | puntaje: 11 | prioridad: 2 | consenso: 50.0 MEDIO | score final: 52
CONTEXTO FINAL: NIKE-OTC put continuación bajista con tendencia | MERCADO: TENDENCIA_BAJISTA | CALIDAD: NORMAL 70 | TENDENCIA: BAJISTA_DEBIL 48.95 | ACCION: PUT_SOPORTE_CERCA_SIN_RUPTURA
Progreso: 975 / 2818
RANKING DE SEÑALES:
CANNABIS-OTC | call | pullback alcista a EMA | puntaje: 16 | prioridad: 3 | consenso: 50.0 MEDIO | score final: 115
CONTEXTO FINAL: CANNABIS-OTC call pullback alcista a EMA | MERCADO: TENDENCIA_ALCISTA | CALIDAD: NORMAL 73 | TENDENCIA: ALCISTA_NORMAL 59.64 | ACCION: CALL_RESISTENCIA_CERCA_SIN_RUPTURA
RANKING DE SEÑALES:
CANNABIS-OTC | call | pullback alcista a EMA | puntaje: 16 | prioridad: 3 | consenso: 50.0 MEDIO | score final: 117
CONTEXTO FINAL: CANNABIS-OTC call pullback alcista a EMA | MERCADO: TENDENCIA_ALCISTA | CALIDAD: NORMAL 66 | TENDENCIA: ALCISTA_NORMAL 55.59 | ACCION: RECHAZO_COMPRADOR_SOPORTE
RANKING DE SEÑALES:
CANNABIS-OTC | call | CHOCH alcista | puntaje: 21 | prioridad: 4 | consenso: 50.0 MEDIO | score final: 148
CONTEXTO FINAL: CANNABIS-OTC call CHOCH alcista | MERCADO: TENDENCIA_ALCISTA | CALIDAD: NORMAL 64 | TENDENCIA: ALCISTA_NORMAL 65.45 | ACCION: CALL_RESISTENCIA_CERCA_SIN_RUPTURA
RANKING DE SEÑALES:
NIKE-OTC | put | liquidity sweep bajista | puntaje: 23 | prioridad: 4 | consenso: 50.0 MEDIO | score final: 212
CONTEXTO FINAL: NIKE-OTC put liquidity sweep bajista | MERCADO: TENDENCIA_ALCISTA | CALIDAD: NORMAL 56 | TENDENCIA: ALCISTA_NORMAL 52.94 | ACCION: PUT_SOPORTE_CERCA_SIN_RUPTURA
RANKING DE SEÑALES:
CASINOS-OTC | call | liquidity sweep alcista | puntaje: 22 | prioridad: 3 | consenso: 50.0 MEDIO | score final: 185
CANDIDATOS BOOTIQ V2: 1
CONTEXTO FINAL: CASINOS-OTC call liquidity sweep alcista | MERCADO: TENDENCIA_BAJISTA | CALIDAD: NORMAL 64 | TENDENCIA: BAJISTA_DEBIL 48.42 | ACCION: CALL_RESISTENCIA_CERCA_SIN_RUPTURA
RANKING DE SEÑALES:
EURUSD-OTC | call | CHOCH alcista | puntaje: 21 | prioridad: 4 | consenso: 50.0 MEDIO | score final: 148
CONTEXTO FINAL: EURUSD-OTC call CHOCH alcista | MERCADO: TENDENCIA_ALCISTA | CALIDAD: NORMAL 60 | TENDENCIA: ALCISTA_NORMAL 59.37 | ACCION: CALL_RESISTENCIA_CERCA_SIN_RUPTURA
Progreso: 1000 / 2818
Ronda: 1000 Señales: 0
RANKING DE SEÑALES:
NIKE-OTC | put | CHOCH bajista | puntaje: 22 | prioridad: 4 | consenso: 50.0 MEDIO | score final: 150
NIKE-OTC | put | pullback bajista a EMA | puntaje: 19 | prioridad: 4 | consenso: 50.0 MEDIO | score final: 116
CONTEXTO FINAL: NIKE-OTC put CHOCH bajista | MERCADO: TENDENCIA_BAJISTA | CALIDAD: NORMAL 60 | TENDENCIA: BAJISTA_NORMAL 67.09 | ACCION: PUT_SOPORTE_CERCA_SIN_RUPTURA
CONTEXTO FINAL: NIKE-OTC put pullback bajista a EMA | MERCADO: TENDENCIA_BAJISTA | CALIDAD: NORMAL 60 | TENDENCIA: BAJISTA_NORMAL 67.09 | ACCION: PUT_SOPORTE_CERCA_SIN_RUPTURA
RANKING DE SEÑALES:
NIKE-OTC | put | pullback bajista a EMA | puntaje: 16 | prioridad: 3 | consenso: 50.0 MEDIO | score final: 109
CONTEXTO FINAL: NIKE-OTC put pullback bajista a EMA | MERCADO: TENDENCIA_BAJISTA | CALIDAD: NORMAL 55 | TENDENCIA: BAJISTA_NORMAL 59.69 | ACCION: RECHAZO_VENDEDOR_RESISTENCIA
RANKING DE SEÑALES:
AUS200-OTC | call | liquidity sweep alcista | puntaje: 20 | prioridad: 4 | consenso: 50.0 MEDIO | score final: 196
CANDIDATOS BOOTIQ V2: 1
CONTEXTO FINAL: AUS200-OTC call liquidity sweep alcista | MERCADO: TENDENCIA_BAJISTA | CALIDAD: NORMAL 56 | TENDENCIA: BAJISTA_NORMAL 60.99 | ACCION: CALL_RESISTENCIA_CERCA_SIN_RUPTURA
RANKING DE SEÑALES:
EURUSD-OTC | call | pullback alcista a EMA | puntaje: 16 | prioridad: 3 | consenso: 50.0 MEDIO | score final: 127
CONTEXTO FINAL: EURUSD-OTC call pullback alcista a EMA | MERCADO: TENDENCIA_ALCISTA | CALIDAD: NORMAL 59 | TENDENCIA: ALCISTA_NORMAL 66.45 | ACCION: RECHAZO_COMPRADOR_SOPORTE
RANKING DE SEÑALES:
EURUSD-OTC | call | liquidity sweep alcista | puntaje: 28 | prioridad: 4 | consenso: 50.0 MEDIO | score final: 234
EURUSD-OTC | call | pullback alcista a EMA | puntaje: 20 | prioridad: 4 | consenso: 50.0 MEDIO | score final: 148
CANDIDATOS BOOTIQ V2: 1
CONTEXTO FINAL: EURUSD-OTC call liquidity sweep alcista | MERCADO: TENDENCIA_ALCISTA | CALIDAD: NORMAL 57 | TENDENCIA: ALCISTA_NORMAL 56.83 | ACCION: RECHAZO_COMPRADOR_SOPORTE
CONTEXTO FINAL: EURUSD-OTC call pullback alcista a EMA | MERCADO: TENDENCIA_ALCISTA | CALIDAD: NORMAL 57 | TENDENCIA: ALCISTA_NORMAL 56.83 | ACCION: RECHAZO_COMPRADOR_SOPORTE
RANKING DE SEÑALES:
JUPUSD-OTC | put | pullback bajista a EMA | puntaje: 18 | prioridad: 4 | consenso: 50.0 MEDIO | score final: 114
CONTEXTO FINAL: JUPUSD-OTC put pullback bajista a EMA | MERCADO: TENDENCIA_BAJISTA | CALIDAD: NORMAL 57 | TENDENCIA: BAJISTA_NORMAL 51.23 | ACCION: PUT_SOPORTE_CERCA_SIN_RUPTURA
RANKING DE SEÑALES:
NZDCAD-OTC | put | pullback bajista a EMA | puntaje: 20 | prioridad: 4 | consenso: 50.0 MEDIO | score final: 130
NZDCAD-OTC | put | continuación bajista con tendencia | puntaje: 15 | prioridad: 3 | consenso: 50.0 MEDIO | score final: 77
CONTEXTO FINAL: NZDCAD-OTC put pullback bajista a EMA | MERCADO: TENDENCIA_BAJISTA | CALIDAD: NORMAL 72 | TENDENCIA: BAJISTA_FUERTE 74.72 | ACCION: RECHAZO_VENDEDOR_RESISTENCIA
CONTEXTO FINAL: NZDCAD-OTC put continuación bajista con tendencia | MERCADO: TENDENCIA_BAJISTA | CALIDAD: NORMAL 72 | TENDENCIA: BAJISTA_FUERTE 74.72 | ACCION: RECHAZO_VENDEDOR_RESISTENCIA
RANKING DE SEÑALES:
EURCAD-OTC | put | pullback bajista a EMA | puntaje: 20 | prioridad: 4 | consenso: 50.0 MEDIO | score final: 140
CONTEXTO FINAL: EURCAD-OTC put pullback bajista a EMA | MERCADO: TENDENCIA_BAJISTA | CALIDAD: NORMAL 68 | TENDENCIA: BAJISTA_NORMAL 68.85 | ACCION: RECHAZO_VENDEDOR_RESISTENCIA
RANKING DE SEÑALES:
NZDCAD-OTC | put | pullback bajista a EMA | puntaje: 16 | prioridad: 3 | consenso: 50.0 MEDIO | score final: 109
NZDCAD-OTC | put | continuación bajista con tendencia | puntaje: 13 | prioridad: 2 | consenso: 50.0 MEDIO | score final: 68
CONTEXTO FINAL: NZDCAD-OTC put pullback bajista a EMA | MERCADO: TENDENCIA_BAJISTA | CALIDAD: NORMAL 70 | TENDENCIA: BAJISTA_NORMAL 60.17 | ACCION: PUT_SOPORTE_CERCA_SIN_RUPTURA
CONTEXTO FINAL: NZDCAD-OTC put continuación bajista con tendencia | MERCADO: TENDENCIA_BAJISTA | CALIDAD: NORMAL 70 | TENDENCIA: BAJISTA_NORMAL 60.17 | ACCION: PUT_SOPORTE_CERCA_SIN_RUPTURA
Progreso: 1025 / 2818
RANKING DE SEÑALES:
AUS200-OTC | put | continuación bajista con tendencia | puntaje: 11 | prioridad: 2 | consenso: 50.0 MEDIO | score final: 52
CONTEXTO FINAL: AUS200-OTC put continuación bajista con tendencia | MERCADO: TENDENCIA_BAJISTA | CALIDAD: NORMAL 63 | TENDENCIA: BAJISTA_NORMAL 67.39 | ACCION: PUT_SOPORTE_CERCA_SIN_RUPTURA
RANKING DE SEÑALES:
AUS200-OTC | put | continuación bajista con tendencia | puntaje: 11 | prioridad: 2 | consenso: 50.0 MEDIO | score final: 52
CONTEXTO FINAL: AUS200-OTC put continuación bajista con tendencia | MERCADO: TENDENCIA_BAJISTA | CALIDAD: NORMAL 65 | TENDENCIA: BAJISTA_FUERTE 80.82 | ACCION: PUT_SOPORTE_CERCA_SIN_RUPTURA
RANKING DE SEÑALES:
EURUSD-OTC | put | pullback bajista a EMA | puntaje: 16 | prioridad: 3 | consenso: 50.0 MEDIO | score final: 107
CONTEXTO FINAL: EURUSD-OTC put pullback bajista a EMA | MERCADO: TENDENCIA_BAJISTA | CALIDAD: NORMAL 62 | TENDENCIA: BAJISTA_NORMAL 51.8 | ACCION: ABSORCION_COMPRADORA
RANKING DE SEÑALES:
AUS200-OTC | call | liquidity sweep alcista | puntaje: 22 | prioridad: 4 | consenso: 50.0 MEDIO | score final: 200
AUS200-OTC | put | continuación bajista con tendencia | puntaje: 11 | prioridad: 2 | consenso: 50.0 MEDIO | score final: 52
CANDIDATOS BOOTIQ V2: 1
CONTEXTO FINAL: AUS200-OTC call liquidity sweep alcista | MERCADO: TENDENCIA_BAJISTA | CALIDAD: NORMAL 63 | TENDENCIA: BAJISTA_FUERTE 77.68 | ACCION: CALL_RESISTENCIA_CERCA_SIN_RUPTURA
CONTEXTO FINAL: AUS200-OTC put continuación bajista con tendencia | MERCADO: TENDENCIA_BAJISTA | CALIDAD: NORMAL 63 | TENDENCIA: BAJISTA_FUERTE 77.68 | ACCION: PUT_SOPORTE_CERCA_SIN_RUPTURA
RANKING DE SEÑALES:
EURUSD-OTC | put | pullback bajista a EMA | puntaje: 16 | prioridad: 3 | consenso: 50.0 MEDIO | score final: 97
CONTEXTO FINAL: EURUSD-OTC put pullback bajista a EMA | MERCADO: TENDENCIA_BAJISTA | CALIDAD: NORMAL 62 | TENDENCIA: BAJISTA_DEBIL 47.87 | ACCION: ABSORCION_COMPRADORA
RANKING DE SEÑALES:
EURUSD-OTC | put | reacción vendedora en resistencia | puntaje: 23 | prioridad: 4 | consenso: 50.0 MEDIO | score final: 182
EURUSD-OTC | put | pullback bajista a EMA | puntaje: 19 | prioridad: 4 | consenso: 50.0 MEDIO | score final: 144
CONTEXTO FINAL: EURUSD-OTC put reacción vendedora en resistencia | MERCADO: TENDENCIA_BAJISTA | CALIDAD: NORMAL 66 | TENDENCIA: BAJISTA_NORMAL 55.54 | ACCION: ABSORCION_COMPRADORA
CONTEXTO FINAL: EURUSD-OTC put pullback bajista a EMA | MERCADO: TENDENCIA_BAJISTA | CALIDAD: NORMAL 66 | TENDENCIA: BAJISTA_NORMAL 55.54 | ACCION: ABSORCION_COMPRADORA
RANKING DE SEÑALES:
AUS200-OTC | put | continuación bajista con tendencia | puntaje: 11 | prioridad: 2 | consenso: 50.0 MEDIO | score final: 52
CONTEXTO FINAL: AUS200-OTC put continuación bajista con tendencia | MERCADO: TENDENCIA_BAJISTA | CALIDAD: NORMAL 56 | TENDENCIA: BAJISTA_NORMAL 63.76 | ACCION: ABSORCION_COMPRADORA
RANKING DE SEÑALES:
EURUSD-OTC | put | pullback bajista a EMA | puntaje: 20 | prioridad: 4 | consenso: 50.0 MEDIO | score final: 130
CONTEXTO FINAL: EURUSD-OTC put pullback bajista a EMA | MERCADO: TENDENCIA_BAJISTA | CALIDAD: NORMAL 61 | TENDENCIA: BAJISTA_NORMAL 62.22 | ACCION: ABSORCION_COMPRADORA
RANKING DE SEÑALES:
JUPUSD-OTC | put | reacción vendedora en resistencia | puntaje: 23 | prioridad: 4 | consenso: 50.0 MEDIO | score final: 154
CONTEXTO FINAL: JUPUSD-OTC put reacción vendedora en resistencia | MERCADO: TENDENCIA_ALCISTA | CALIDAD: NORMAL 64 | TENDENCIA: ALCISTA_NORMAL 58.03 | ACCION: PUT_SOPORTE_CERCA_SIN_RUPTURA
RANKING DE SEÑALES:
USDDOP-OTC | put | liquidity sweep bajista | puntaje: 20 | prioridad: 4 | consenso: 50.0 MEDIO | score final: 196
CONTEXTO FINAL: USDDOP-OTC put liquidity sweep bajista | MERCADO: TENDENCIA_ALCISTA | CALIDAD: NORMAL 56 | TENDENCIA: ALCISTA_NORMAL 59.82 | ACCION: PUT_SOPORTE_CERCA_SIN_RUPTURA
RANKING DE SEÑALES:
CANNABIS-OTC | put | liquidity sweep bajista | puntaje: 20 | prioridad: 4 | consenso: 50.0 MEDIO | score final: 196
CONTEXTO FINAL: CANNABIS-OTC put liquidity sweep bajista | MERCADO: TENDENCIA_BAJISTA | CALIDAD: NORMAL 62 | TENDENCIA: BAJISTA_NORMAL 61.61 | ACCION: PUT_SOPORTE_CERCA_SIN_RUPTURA
RANKING DE SEÑALES:
EURUSD-OTC | put | pullback bajista a EMA | puntaje: 17 | prioridad: 3 | consenso: 50.0 MEDIO | score final: 109
CONTEXTO FINAL: EURUSD-OTC put pullback bajista a EMA | MERCADO: TENDENCIA_BAJISTA | CALIDAD: NORMAL 63 | TENDENCIA: BAJISTA_NORMAL 57.42 | ACCION: PUT_SOPORTE_CERCA_SIN_RUPTURA
RANKING DE SEÑALES:
USNDAQ100-OTC | put | continuación bajista con tendencia | puntaje: 11 | prioridad: 2 | consenso: 50.0 MEDIO | score final: 52
CONTEXTO FINAL: USNDAQ100-OTC put continuación bajista con tendencia | MERCADO: TENDENCIA_BAJISTA | CALIDAD: NORMAL 57 | TENDENCIA: BAJISTA_FUERTE 90.86 | ACCION: PUT_SOPORTE_CERCA_SIN_RUPTURA
RANKING DE SEÑALES:
USNDAQ100-OTC | put | CHOCH bajista | puntaje: 19 | prioridad: 3 | consenso: 50.0 MEDIO | score final: 131
USNDAQ100-OTC | put | continuación bajista con tendencia | puntaje: 11 | prioridad: 2 | consenso: 50.0 MEDIO | score final: 52
CONTEXTO FINAL: USNDAQ100-OTC put CHOCH bajista | MERCADO: TENDENCIA_BAJISTA | CALIDAD: NORMAL 59 | TENDENCIA: BAJISTA_FUERTE 80.14 | ACCION: PUT_SOPORTE_CERCA_SIN_RUPTURA
CONTEXTO FINAL: USNDAQ100-OTC put continuación bajista con tendencia | MERCADO: TENDENCIA_BAJISTA | CALIDAD: NORMAL 59 | TENDENCIA: BAJISTA_FUERTE 80.14 | ACCION: PUT_SOPORTE_CERCA_SIN_RUPTURA
RANKING DE SEÑALES:
USNDAQ100-OTC | put | continuación bajista con tendencia | puntaje: 11 | prioridad: 2 | consenso: 50.0 MEDIO | score final: 52
CONTEXTO FINAL: USNDAQ100-OTC put continuación bajista con tendencia | MERCADO: TENDENCIA_BAJISTA | CALIDAD: NORMAL 59 | TENDENCIA: BAJISTA_FUERTE 79.77 | ACCION: PUT_SOPORTE_CERCA_SIN_RUPTURA
RANKING DE SEÑALES:
USNDAQ100-OTC | put | pullback bajista a EMA | puntaje: 19 | prioridad: 4 | consenso: 50.0 MEDIO | score final: 126
CONTEXTO FINAL: USNDAQ100-OTC put pullback bajista a EMA | MERCADO: TENDENCIA_BAJISTA | CALIDAD: NORMAL 66 | TENDENCIA: BAJISTA_NORMAL 65.42 | ACCION: PUT_SOPORTE_CERCA_SIN_RUPTURA
RANKING DE SEÑALES:
USNDAQ100-OTC | put | pullback bajista a EMA | puntaje: 20 | prioridad: 4 | consenso: 50.0 MEDIO | score final: 140
CONTEXTO FINAL: USNDAQ100-OTC put pullback bajista a EMA | MERCADO: TENDENCIA_BAJISTA | CALIDAD: NORMAL 57 | TENDENCIA: BAJISTA_NORMAL 61.77 | ACCION: RECHAZO_VENDEDOR_RESISTENCIA
Progreso: 1050 / 2818
RANKING DE SEÑALES:
CHFJPY-OTC | call | pullback alcista a EMA | puntaje: 16 | prioridad: 3 | consenso: 50.0 MEDIO | score final: 127
CONTEXTO FINAL: CHFJPY-OTC call pullback alcista a EMA | MERCADO: TENDENCIA_ALCISTA | CALIDAD: NORMAL 64 | TENDENCIA: ALCISTA_DEBIL 49.82 | ACCION: RECHAZO_COMPRADOR_SOPORTE
RANKING DE SEÑALES:
EURUSD-OTC | put | liquidity sweep bajista | puntaje: 25 | prioridad: 4 | consenso: 50.0 MEDIO | score final: 206
CONTEXTO FINAL: EURUSD-OTC put liquidity sweep bajista | MERCADO: TENDENCIA_ALCISTA | CALIDAD: NORMAL 62 | TENDENCIA: ALCISTA_NORMAL 55.56 | ACCION: PUT_SOPORTE_CERCA_SIN_RUPTURA
RANKING DE SEÑALES:
CANNABIS-OTC | call | liquidity sweep alcista | puntaje: 26 | prioridad: 4 | consenso: 50.0 MEDIO | score final: 230
CANDIDATOS BOOTIQ V2: 1
CONTEXTO FINAL: CANNABIS-OTC call liquidity sweep alcista | MERCADO: TENDENCIA_ALCISTA | CALIDAD: NORMAL 59 | TENDENCIA: ALCISTA_NORMAL 50.99 | ACCION: RECHAZO_COMPRADOR_SOPORTE
Progreso: 1075 / 2818
RANKING DE SEÑALES:
USNDAQ100-OTC | put | continuación bajista con tendencia | puntaje: 11 | prioridad: 2 | consenso: 50.0 MEDIO | score final: 52
CONTEXTO FINAL: USNDAQ100-OTC put continuación bajista con tendencia | MERCADO: TENDENCIA_BAJISTA | CALIDAD: NORMAL 59 | TENDENCIA: BAJISTA_NORMAL 55.46 | ACCION: PUT_SOPORTE_CERCA_SIN_RUPTURA
RANKING DE SEÑALES:
CANNABIS-OTC | put | liquidity sweep bajista | puntaje: 22 | prioridad: 4 | consenso: 50.0 MEDIO | score final: 212
CONTEXTO FINAL: CANNABIS-OTC put liquidity sweep bajista | MERCADO: TENDENCIA_ALCISTA | CALIDAD: NORMAL 65 | TENDENCIA: ALCISTA_NORMAL 56.83 | ACCION: RECHAZO_VENDEDOR_RESISTENCIA
Progreso: 1100 / 2818
Ronda: 1100 Señales: 0
RANKING DE SEÑALES:
EURUSD-OTC | put | liquidity sweep bajista | puntaje: 26 | prioridad: 4 | consenso: 50.0 MEDIO | score final: 230
CONTEXTO FINAL: EURUSD-OTC put liquidity sweep bajista | MERCADO: TENDENCIA_ALCISTA | CALIDAD: NORMAL 59 | TENDENCIA: ALCISTA_NORMAL 62.29 | ACCION: RECHAZO_VENDEDOR_RESISTENCIA
RANKING DE SEÑALES:
EURUSD-OTC | put | reacción vendedora en resistencia | puntaje: 18 | prioridad: 3 | consenso: 50.0 MEDIO | score final: 151
CONTEXTO FINAL: EURUSD-OTC put reacción vendedora en resistencia | MERCADO: TENDENCIA_ALCISTA | CALIDAD: NORMAL 58 | TENDENCIA: ALCISTA_FUERTE 74.42 | ACCION: RECHAZO_VENDEDOR_RESISTENCIA
RANKING DE SEÑALES:
AUS200-OTC | put | liquidity sweep bajista | puntaje: 22 | prioridad: 4 | consenso: 50.0 MEDIO | score final: 190
CONTEXTO FINAL: AUS200-OTC put liquidity sweep bajista | MERCADO: TENDENCIA_ALCISTA | CALIDAD: NORMAL 58 | TENDENCIA: ALCISTA_NORMAL 57.28 | ACCION: PUT_SOPORTE_CERCA_SIN_RUPTURA
RANKING DE SEÑALES:
CANNABIS-OTC | call | liquidity sweep alcista | puntaje: 25 | prioridad: 4 | consenso: 50.0 MEDIO | score final: 216
CANDIDATOS BOOTIQ V2: 1
CONTEXTO FINAL: CANNABIS-OTC call liquidity sweep alcista | MERCADO: TENDENCIA_BAJISTA | CALIDAD: LIMPIO 76 | TENDENCIA: BAJISTA_FUERTE 73.46 | ACCION: CALL_RESISTENCIA_CERCA_SIN_RUPTURA
RANKING DE SEÑALES:
EURCAD-OTC | put | liquidity sweep bajista | puntaje: 23 | prioridad: 4 | consenso: 50.0 MEDIO | score final: 212
CONTEXTO FINAL: EURCAD-OTC put liquidity sweep bajista | MERCADO: TENDENCIA_ALCISTA | CALIDAD: NORMAL 55 | TENDENCIA: ALCISTA_NORMAL 54.91 | ACCION: PUT_SOPORTE_CERCA_SIN_RUPTURA
RANKING DE SEÑALES:
CANNABIS-OTC | call | liquidity sweep alcista | puntaje: 24 | prioridad: 4 | consenso: 50.0 MEDIO | score final: 214
CANDIDATOS BOOTIQ V2: 1
CONTEXTO FINAL: CANNABIS-OTC call liquidity sweep alcista | MERCADO: TENDENCIA_BAJISTA | CALIDAD: NORMAL 74 | TENDENCIA: BAJISTA_FUERTE 79.0 | ACCION: CALL_RESISTENCIA_CERCA_SIN_RUPTURA
RANKING DE SEÑALES:
EURCAD-OTC | put | reacción vendedora en resistencia | puntaje: 18 | prioridad: 0 | consenso: 50.0 MEDIO | score final: 118
CONTEXTO FINAL: EURCAD-OTC put reacción vendedora en resistencia | MERCADO: TENDENCIA_ALCISTA | CALIDAD: NORMAL 57 | TENDENCIA: ALCISTA_NORMAL 51.18 | ACCION: PUT_SOPORTE_CERCA_SIN_RUPTURA
Progreso: 1125 / 2818
RANKING DE SEÑALES:
AUS200-OTC | call | pullback alcista a EMA | puntaje: 16 | prioridad: 3 | consenso: 50.0 MEDIO | score final: 105
CONTEXTO FINAL: AUS200-OTC call pullback alcista a EMA | MERCADO: TENDENCIA_ALCISTA | CALIDAD: NORMAL 55 | TENDENCIA: ALCISTA_NORMAL 58.53 | ACCION: CALL_RESISTENCIA_CERCA_SIN_RUPTURA
RANKING DE SEÑALES:
CANNABIS-OTC | put | pullback bajista a EMA | puntaje: 20 | prioridad: 4 | consenso: 50.0 MEDIO | score final: 128
CONTEXTO FINAL: CANNABIS-OTC put pullback bajista a EMA | MERCADO: TENDENCIA_BAJISTA | CALIDAD: NORMAL 65 | TENDENCIA: BAJISTA_NORMAL 63.32 | ACCION: PUT_SOPORTE_CERCA_SIN_RUPTURA
RANKING DE SEÑALES:
AUS200-OTC | call | continuación alcista con tendencia | puntaje: 11 | prioridad: 2 | consenso: 50.0 MEDIO | score final: 52
CONTEXTO FINAL: AUS200-OTC call continuación alcista con tendencia | MERCADO: TENDENCIA_ALCISTA | CALIDAD: NORMAL 64 | TENDENCIA: ALCISTA_FUERTE 82.92 | ACCION: CALL_RESISTENCIA_CERCA_SIN_RUPTURA
RANKING DE SEÑALES:
CANNABIS-OTC | put | pullback bajista a EMA | puntaje: 17 | prioridad: 3 | consenso: 50.0 MEDIO | score final: 109
CONTEXTO FINAL: CANNABIS-OTC put pullback bajista a EMA | MERCADO: TENDENCIA_BAJISTA | CALIDAD: NORMAL 63 | TENDENCIA: BAJISTA_FUERTE 76.94 | ACCION: PUT_SOPORTE_CERCA_SIN_RUPTURA
RANKING DE SEÑALES:
AUS200-OTC | call | continuación alcista con tendencia | puntaje: 11 | prioridad: 2 | consenso: 50.0 MEDIO | score final: 52
CONTEXTO FINAL: AUS200-OTC call continuación alcista con tendencia | MERCADO: TENDENCIA_ALCISTA | CALIDAD: NORMAL 66 | TENDENCIA: ALCISTA_FUERTE 75.05 | ACCION: ABSORCION_VENDEDORA
RANKING DE SEÑALES:
CANNABIS-OTC | call | liquidity sweep alcista | puntaje: 20 | prioridad: 4 | consenso: 50.0 MEDIO | score final: 196
CANDIDATOS BOOTIQ V2: 1
CONTEXTO FINAL: CANNABIS-OTC call liquidity sweep alcista | MERCADO: TENDENCIA_BAJISTA | CALIDAD: NORMAL 61 | TENDENCIA: BAJISTA_NORMAL 60.32 | ACCION: CALL_RESISTENCIA_CERCA_SIN_RUPTURA
RANKING DE SEÑALES:
CANNABIS-OTC | put | liquidity sweep bajista | puntaje: 22 | prioridad: 4 | consenso: 50.0 MEDIO | score final: 200
CONTEXTO FINAL: CANNABIS-OTC put liquidity sweep bajista | MERCADO: TENDENCIA_ALCISTA | CALIDAD: NORMAL 61 | TENDENCIA: ALCISTA_NORMAL 59.67 | ACCION: PUT_SOPORTE_CERCA_SIN_RUPTURA
RANKING DE SEÑALES:
CHFJPY-OTC | put | liquidity sweep bajista | puntaje: 22 | prioridad: 4 | consenso: 50.0 MEDIO | score final: 200
CONTEXTO FINAL: CHFJPY-OTC put liquidity sweep bajista | MERCADO: TENDENCIA_ALCISTA | CALIDAD: NORMAL 65 | TENDENCIA: ALCISTA_NORMAL 56.57 | ACCION: PUT_SOPORTE_CERCA_SIN_RUPTURA
RANKING DE SEÑALES:
USNDAQ100-OTC | put | continuación bajista con tendencia | puntaje: 11 | prioridad: 2 | consenso: 50.0 MEDIO | score final: 52
CONTEXTO FINAL: USNDAQ100-OTC put continuación bajista con tendencia | MERCADO: TENDENCIA_BAJISTA | CALIDAD: NORMAL 61 | TENDENCIA: BAJISTA_NORMAL 69.09 | ACCION: PUT_SOPORTE_CERCA_SIN_RUPTURA
RANKING DE SEÑALES:
CANNABIS-OTC | put | pullback bajista a EMA | puntaje: 19 | prioridad: 4 | consenso: 50.0 MEDIO | score final: 116
CONTEXTO FINAL: CANNABIS-OTC put pullback bajista a EMA | MERCADO: TENDENCIA_BAJISTA | CALIDAD: NORMAL 71 | TENDENCIA: BAJISTA_NORMAL 56.38 | ACCION: PUT_SOPORTE_CERCA_SIN_RUPTURA
RANKING DE SEÑALES:
USNDAQ100-OTC | put | pullback bajista a EMA | puntaje: 19 | prioridad: 4 | consenso: 50.0 MEDIO | score final: 116
CONTEXTO FINAL: USNDAQ100-OTC put pullback bajista a EMA | MERCADO: TENDENCIA_BAJISTA | CALIDAD: NORMAL 62 | TENDENCIA: BAJISTA_NORMAL 51.01 | ACCION: PUT_SOPORTE_CERCA_SIN_RUPTURA
RANKING DE SEÑALES:
CANNABIS-OTC | call | liquidity sweep alcista | puntaje: 22 | prioridad: 4 | consenso: 50.0 MEDIO | score final: 200
CANDIDATOS BOOTIQ V2: 1
CONTEXTO FINAL: CANNABIS-OTC call liquidity sweep alcista | MERCADO: TENDENCIA_BAJISTA | CALIDAD: NORMAL 69 | TENDENCIA: BAJISTA_NORMAL 61.35 | ACCION: CALL_RESISTENCIA_CERCA_SIN_RUPTURA
RANKING DE SEÑALES:
USNDAQ100-OTC | put | continuación bajista con tendencia | puntaje: 11 | prioridad: 2 | consenso: 50.0 MEDIO | score final: 52
CONTEXTO FINAL: USNDAQ100-OTC put continuación bajista con tendencia | MERCADO: TENDENCIA_BAJISTA | CALIDAD: NORMAL 58 | TENDENCIA: BAJISTA_NORMAL 50.94 | ACCION: PUT_SOPORTE_CERCA_SIN_RUPTURA
Progreso: 1150 / 2818
RANKING DE SEÑALES:
EURCAD-OTC | put | pullback bajista a EMA | puntaje: 19 | prioridad: 4 | consenso: 50.0 MEDIO | score final: 126
CONTEXTO FINAL: EURCAD-OTC put pullback bajista a EMA | MERCADO: TENDENCIA_BAJISTA | CALIDAD: NORMAL 64 | TENDENCIA: BAJISTA_DEBIL 42.62 | ACCION: PUT_SOPORTE_CERCA_SIN_RUPTURA
RANKING DE SEÑALES:
AUS200-OTC | put | reacción vendedora en resistencia | puntaje: 18 | prioridad: 0 | consenso: 50.0 MEDIO | score final: 116
CONTEXTO FINAL: AUS200-OTC put reacción vendedora en resistencia | MERCADO: TENDENCIA_ALCISTA | CALIDAD: LIMPIO 77 | TENDENCIA: ALCISTA_FUERTE 80.48 | ACCION: PUT_ZONA_NEUTRA
RANKING DE SEÑALES:
AUS200-OTC | call | continuación alcista con tendencia | puntaje: 11 | prioridad: 2 | consenso: 50.0 MEDIO | score final: 52
CONTEXTO FINAL: AUS200-OTC call continuación alcista con tendencia | MERCADO: TENDENCIA_ALCISTA | CALIDAD: NORMAL 73 | TENDENCIA: ALCISTA_FUERTE 79.99 | ACCION: CALL_RESISTENCIA_CERCA_SIN_RUPTURA
RANKING DE SEÑALES:
AUS200-OTC | call | continuación alcista con tendencia | puntaje: 11 | prioridad: 2 | consenso: 50.0 MEDIO | score final: 64
CONTEXTO FINAL: AUS200-OTC call continuación alcista con tendencia | MERCADO: TENDENCIA_ALCISTA | CALIDAD: NORMAL 73 | TENDENCIA: ALCISTA_FUERTE 81.67 | ACCION: CALL_RESISTENCIA_CERCA_SIN_RUPTURA
RANKING DE SEÑALES:
AUS200-OTC | put | liquidity sweep bajista | puntaje: 22 | prioridad: 4 | consenso: 50.0 MEDIO | score final: 200
AUS200-OTC | call | continuación alcista con tendencia | puntaje: 11 | prioridad: 2 | consenso: 50.0 MEDIO | score final: 52
CONTEXTO FINAL: AUS200-OTC put liquidity sweep bajista | MERCADO: TENDENCIA_ALCISTA | CALIDAD: NORMAL 67 | TENDENCIA: ALCISTA_NORMAL 63.58 | ACCION: PUT_SOPORTE_CERCA_SIN_RUPTURA
CONTEXTO FINAL: AUS200-OTC call continuación alcista con tendencia | MERCADO: TENDENCIA_ALCISTA | CALIDAD: NORMAL 67 | TENDENCIA: ALCISTA_NORMAL 63.58 | ACCION: CALL_RESISTENCIA_CERCA_SIN_RUPTURA
RANKING DE SEÑALES:
AUS200-OTC | call | continuación alcista con tendencia | puntaje: 13 | prioridad: 2 | consenso: 50.0 MEDIO | score final: 56
CONTEXTO FINAL: AUS200-OTC call continuación alcista con tendencia | MERCADO: TENDENCIA_ALCISTA | CALIDAD: NORMAL 61 | TENDENCIA: ALCISTA_NORMAL 64.55 | ACCION: CALL_RESISTENCIA_CERCA_SIN_RUPTURA
RANKING DE SEÑALES:
USNDAQ100-OTC | call | liquidity sweep alcista | puntaje: 23 | prioridad: 4 | consenso: 50.0 MEDIO | score final: 212
CANDIDATOS BOOTIQ V2: 1
CONTEXTO FINAL: USNDAQ100-OTC call liquidity sweep alcista | MERCADO: TENDENCIA_BAJISTA | CALIDAD: NORMAL 64 | TENDENCIA: BAJISTA_NORMAL 67.64 | ACCION: CALL_RESISTENCIA_CERCA_SIN_RUPTURA
RANKING DE SEÑALES:
EURCAD-OTC | put | pullback bajista a EMA | puntaje: 19 | prioridad: 4 | consenso: 50.0 MEDIO | score final: 126
CONTEXTO FINAL: EURCAD-OTC put pullback bajista a EMA | MERCADO: TENDENCIA_BAJISTA | CALIDAD: NORMAL 63 | TENDENCIA: BAJISTA_DEBIL 41.22 | ACCION: PUT_SOPORTE_CERCA_SIN_RUPTURA
RANKING DE SEÑALES:
EURCAD-OTC | put | pullback bajista a EMA | puntaje: 16 | prioridad: 3 | consenso: 50.0 MEDIO | score final: 97
CONTEXTO FINAL: EURCAD-OTC put pullback bajista a EMA | MERCADO: TENDENCIA_BAJISTA | CALIDAD: NORMAL 63 | TENDENCIA: BAJISTA_NORMAL 52.82 | ACCION: PUT_SOPORTE_CERCA_SIN_RUPTURA
RANKING DE SEÑALES:
EURCAD-OTC | put | pullback bajista a EMA | puntaje: 18 | prioridad: 4 | consenso: 50.0 MEDIO | score final: 114
CONTEXTO FINAL: EURCAD-OTC put pullback bajista a EMA | MERCADO: TENDENCIA_BAJISTA | CALIDAD: NORMAL 58 | TENDENCIA: BAJISTA_NORMAL 64.46 | ACCION: PUT_SOPORTE_CERCA_SIN_RUPTURA
Progreso: 1175 / 2818
RANKING DE SEÑALES:
CANNABIS-OTC | put | continuación bajista con tendencia | puntaje: 11 | prioridad: 2 | consenso: 50.0 MEDIO | score final: 52
CONTEXTO FINAL: CANNABIS-OTC put continuación bajista con tendencia | MERCADO: TENDENCIA_BAJISTA | CALIDAD: NORMAL 64 | TENDENCIA: BAJISTA_NORMAL 61.0 | ACCION: PUT_SOPORTE_CERCA_SIN_RUPTURA
RANKING DE SEÑALES:
EURUSD-OTC | put | pullback bajista a EMA | puntaje: 19 | prioridad: 4 | consenso: 50.0 MEDIO | score final: 116
CONTEXTO FINAL: EURUSD-OTC put pullback bajista a EMA | MERCADO: TENDENCIA_BAJISTA | CALIDAD: NORMAL 63 | TENDENCIA: BAJISTA_NORMAL 56.72 | ACCION: PUT_SOPORTE_CERCA_SIN_RUPTURA
RANKING DE SEÑALES:
USNDAQ100-OTC | put | pullback bajista a EMA | puntaje: 16 | prioridad: 3 | consenso: 50.0 MEDIO | score final: 97
CONTEXTO FINAL: USNDAQ100-OTC put pullback bajista a EMA | MERCADO: TENDENCIA_BAJISTA | CALIDAD: NORMAL 67 | TENDENCIA: BAJISTA_NORMAL 63.24 | ACCION: PUT_SOPORTE_CERCA_SIN_RUPTURA
RANKING DE SEÑALES:
USNDAQ100-OTC | call | liquidity sweep alcista | puntaje: 25 | prioridad: 4 | consenso: 50.0 MEDIO | score final: 216
CANDIDATOS BOOTIQ V2: 1
CONTEXTO FINAL: USNDAQ100-OTC call liquidity sweep alcista | MERCADO: TENDENCIA_BAJISTA | CALIDAD: NORMAL 67 | TENDENCIA: BAJISTA_NORMAL 50.31 | ACCION: CALL_RESISTENCIA_CERCA_SIN_RUPTURA
RANKING DE SEÑALES:
USNDAQ100-OTC | call | liquidity sweep alcista | puntaje: 26 | prioridad: 4 | consenso: 50.0 MEDIO | score final: 220
CANDIDATOS BOOTIQ V2: 1
CONTEXTO FINAL: USNDAQ100-OTC call liquidity sweep alcista | MERCADO: TENDENCIA_BAJISTA | CALIDAD: NORMAL 58 | TENDENCIA: BAJISTA_NORMAL 55.47 | ACCION: RECHAZO_COMPRADOR_SOPORTE
Progreso: 1200 / 2818
Ronda: 1200 Señales: 0
RANKING DE SEÑALES:
CANNABIS-OTC | call | liquidity sweep alcista | puntaje: 22 | prioridad: 4 | consenso: 50.0 MEDIO | score final: 200
CANDIDATOS BOOTIQ V2: 1
CONTEXTO FINAL: CANNABIS-OTC call liquidity sweep alcista | MERCADO: TENDENCIA_BAJISTA | CALIDAD: NORMAL 64 | TENDENCIA: BAJISTA_NORMAL 55.29 | ACCION: CALL_RESISTENCIA_CERCA_SIN_RUPTURA
RANKING DE SEÑALES:
CASINOS-OTC | call | liquidity sweep alcista | puntaje: 24 | prioridad: 4 | consenso: 50.0 MEDIO | score final: 204
CASINOS-OTC | call | pullback alcista a EMA | puntaje: 16 | prioridad: 3 | consenso: 50.0 MEDIO | score final: 105
CANDIDATOS BOOTIQ V2: 1
CONTEXTO FINAL: CASINOS-OTC call liquidity sweep alcista | MERCADO: TENDENCIA_ALCISTA | CALIDAD: NORMAL 60 | TENDENCIA: ALCISTA_NORMAL 63.64 | ACCION: CALL_RESISTENCIA_CERCA_SIN_RUPTURA
CONTEXTO FINAL: CASINOS-OTC call pullback alcista a EMA | MERCADO: TENDENCIA_ALCISTA | CALIDAD: NORMAL 60 | TENDENCIA: ALCISTA_NORMAL 63.64 | ACCION: CALL_RESISTENCIA_CERCA_SIN_RUPTURA
RANKING DE SEÑALES:
CANNABIS-OTC | call | liquidity sweep alcista | puntaje: 26 | prioridad: 4 | consenso: 50.0 MEDIO | score final: 230
CANDIDATOS BOOTIQ V2: 1
CONTEXTO FINAL: CANNABIS-OTC call liquidity sweep alcista | MERCADO: TENDENCIA_BAJISTA | CALIDAD: NORMAL 66 | TENDENCIA: BAJISTA_DEBIL 49.55 | ACCION: RECHAZO_COMPRADOR_SOPORTE
RANKING DE SEÑALES:
JUPUSD-OTC | put | pullback bajista a EMA | puntaje: 16 | prioridad: 3 | consenso: 50.0 MEDIO | score final: 97
CONTEXTO FINAL: JUPUSD-OTC put pullback bajista a EMA | MERCADO: TENDENCIA_BAJISTA | CALIDAD: NORMAL 65 | TENDENCIA: BAJISTA_NORMAL 57.3 | ACCION: PUT_SOPORTE_CERCA_SIN_RUPTURA
RANKING DE SEÑALES:
CASINOS-OTC | call | continuación alcista con tendencia | puntaje: 11 | prioridad: 2 | consenso: 50.0 MEDIO | score final: 52
CONTEXTO FINAL: CASINOS-OTC call continuación alcista con tendencia | MERCADO: TENDENCIA_ALCISTA | CALIDAD: NORMAL 60 | TENDENCIA: ALCISTA_NORMAL 64.9 | ACCION: CALL_RESISTENCIA_CERCA_SIN_RUPTURA
RANKING DE SEÑALES:
CASINOS-OTC | call | continuación alcista con tendencia | puntaje: 11 | prioridad: 2 | consenso: 50.0 MEDIO | score final: 64
CONTEXTO FINAL: CASINOS-OTC call continuación alcista con tendencia | MERCADO: TENDENCIA_ALCISTA | CALIDAD: NORMAL 55 | TENDENCIA: ALCISTA_NORMAL 55.14 | ACCION: RECHAZO_COMPRADOR_SOPORTE
RANKING DE SEÑALES:
NIKE-OTC | call | pullback alcista a EMA | puntaje: 19 | prioridad: 4 | consenso: 50.0 MEDIO | score final: 134
CONTEXTO FINAL: NIKE-OTC call pullback alcista a EMA | MERCADO: TENDENCIA_ALCISTA | CALIDAD: NORMAL 62 | TENDENCIA: ALCISTA_NORMAL 53.21 | ACCION: CALL_RESISTENCIA_CERCA_SIN_RUPTURA
RANKING DE SEÑALES:
JUPUSD-OTC | call | liquidity sweep alcista | puntaje: 23 | prioridad: 3 | consenso: 50.0 MEDIO | score final: 207
CANDIDATOS BOOTIQ V2: 1
CONTEXTO FINAL: JUPUSD-OTC call liquidity sweep alcista | MERCADO: TENDENCIA_BAJISTA | CALIDAD: NORMAL 70 | TENDENCIA: BAJISTA_DEBIL 47.79 | ACCION: CALL_RESISTENCIA_CERCA_SIN_RUPTURA
Progreso: 1225 / 2818
RANKING DE SEÑALES:
EURCAD-OTC | put | pullback bajista a EMA | puntaje: 18 | prioridad: 4 | consenso: 50.0 MEDIO | score final: 124
CONTEXTO FINAL: EURCAD-OTC put pullback bajista a EMA | MERCADO: TENDENCIA_BAJISTA | CALIDAD: NORMAL 63 | TENDENCIA: BAJISTA_NORMAL 53.93 | ACCION: PUT_SOPORTE_CERCA_SIN_RUPTURA
RANKING DE SEÑALES:
EURCAD-OTC | put | pullback bajista a EMA | puntaje: 17 | prioridad: 3 | consenso: 50.0 MEDIO | score final: 111
CONTEXTO FINAL: EURCAD-OTC put pullback bajista a EMA | MERCADO: TENDENCIA_BAJISTA | CALIDAD: NORMAL 61 | TENDENCIA: BAJISTA_FUERTE 70.85 | ACCION: PUT_SOPORTE_CERCA_SIN_RUPTURA
RANKING DE SEÑALES:
JUPUSD-OTC | call | liquidity sweep alcista | puntaje: 23 | prioridad: 4 | consenso: 50.0 MEDIO | score final: 212
CANDIDATOS BOOTIQ V2: 1
CONTEXTO FINAL: JUPUSD-OTC call liquidity sweep alcista | MERCADO: TENDENCIA_BAJISTA | CALIDAD: NORMAL 70 | TENDENCIA: BAJISTA_NORMAL 67.5 | ACCION: CALL_RESISTENCIA_CERCA_SIN_RUPTURA
RANKING DE SEÑALES:
NIKE-OTC | put | liquidity sweep bajista | puntaje: 24 | prioridad: 4 | consenso: 50.0 MEDIO | score final: 214
CONTEXTO FINAL: NIKE-OTC put liquidity sweep bajista | MERCADO: TENDENCIA_ALCISTA | CALIDAD: NORMAL 59 | TENDENCIA: ALCISTA_NORMAL 62.42 | ACCION: PUT_SOPORTE_CERCA_SIN_RUPTURA
RANKING DE SEÑALES:
NIKE-OTC | call | continuación alcista con tendencia | puntaje: 11 | prioridad: 2 | consenso: 50.0 MEDIO | score final: 52
CONTEXTO FINAL: NIKE-OTC call continuación alcista con tendencia | MERCADO: TENDENCIA_ALCISTA | CALIDAD: NORMAL 61 | TENDENCIA: ALCISTA_NORMAL 58.08 | ACCION: CALL_RESISTENCIA_CERCA_SIN_RUPTURA
RANKING DE SEÑALES:
JUPUSD-OTC | put | liquidity sweep bajista | puntaje: 22 | prioridad: 4 | consenso: 50.0 MEDIO | score final: 200
JUPUSD-OTC | put | pullback bajista a EMA | puntaje: 16 | prioridad: 3 | consenso: 50.0 MEDIO | score final: 107
CONTEXTO FINAL: JUPUSD-OTC put liquidity sweep bajista | MERCADO: TENDENCIA_BAJISTA | CALIDAD: NORMAL 70 | TENDENCIA: BAJISTA_NORMAL 58.51 | ACCION: PUT_SOPORTE_CERCA_SIN_RUPTURA
CONTEXTO FINAL: JUPUSD-OTC put pullback bajista a EMA | MERCADO: TENDENCIA_BAJISTA | CALIDAD: NORMAL 70 | TENDENCIA: BAJISTA_NORMAL 58.51 | ACCION: PUT_SOPORTE_CERCA_SIN_RUPTURA
RANKING DE SEÑALES:
CANNABIS-OTC | put | pullback bajista a EMA | puntaje: 17 | prioridad: 3 | consenso: 50.0 MEDIO | score final: 109
CONTEXTO FINAL: CANNABIS-OTC put pullback bajista a EMA | MERCADO: TENDENCIA_BAJISTA | CALIDAD: NORMAL 55 | TENDENCIA: BAJISTA_FUERTE 70.28 | ACCION: PUT_SOPORTE_CERCA_SIN_RUPTURA
RANKING DE SEÑALES:
NZDCAD-OTC | put | liquidity sweep bajista | puntaje: 23 | prioridad: 4 | consenso: 50.0 MEDIO | score final: 212
CONTEXTO FINAL: NZDCAD-OTC put liquidity sweep bajista | MERCADO: TENDENCIA_ALCISTA | CALIDAD: NORMAL 57 | TENDENCIA: ALCISTA_NORMAL 60.42 | ACCION: PUT_SOPORTE_CERCA_SIN_RUPTURA
Progreso: 1250 / 2818
RANKING DE SEÑALES:
CANNABIS-OTC | put | pullback bajista a EMA | puntaje: 16 | prioridad: 3 | consenso: 50.0 MEDIO | score final: 121
CONTEXTO FINAL: CANNABIS-OTC put pullback bajista a EMA | MERCADO: TENDENCIA_BAJISTA | CALIDAD: NORMAL 55 | TENDENCIA: BAJISTA_FUERTE 71.66 | ACCION: RECHAZO_VENDEDOR_RESISTENCIA
RANKING DE SEÑALES:
USDDOP-OTC | put | pullback bajista a EMA | puntaje: 16 | prioridad: 3 | consenso: 50.0 MEDIO | score final: 119
USDDOP-OTC | put | continuación bajista con tendencia | puntaje: 13 | prioridad: 2 | consenso: 50.0 MEDIO | score final: 78
CONTEXTO FINAL: USDDOP-OTC put pullback bajista a EMA | MERCADO: TENDENCIA_BAJISTA | CALIDAD: NORMAL 62 | TENDENCIA: BAJISTA_NORMAL 58.31 | ACCION: RECHAZO_VENDEDOR_RESISTENCIA
CONTEXTO FINAL: USDDOP-OTC put continuación bajista con tendencia | MERCADO: TENDENCIA_BAJISTA | CALIDAD: NORMAL 62 | TENDENCIA: BAJISTA_NORMAL 58.31 | ACCION: RECHAZO_VENDEDOR_RESISTENCIA
RANKING DE SEÑALES:
CANNABIS-OTC | put | continuación bajista con tendencia | puntaje: 11 | prioridad: 2 | consenso: 50.0 MEDIO | score final: 52
CONTEXTO FINAL: CANNABIS-OTC put continuación bajista con tendencia | MERCADO: TENDENCIA_BAJISTA | CALIDAD: NORMAL 60 | TENDENCIA: BAJISTA_NORMAL 59.5 | ACCION: PUT_SOPORTE_CERCA_SIN_RUPTURA
RANKING DE SEÑALES:
CANNABIS-OTC | put | pullback bajista a EMA | puntaje: 16 | prioridad: 3 | consenso: 50.0 MEDIO | score final: 97
CONTEXTO FINAL: CANNABIS-OTC put pullback bajista a EMA | MERCADO: TENDENCIA_BAJISTA | CALIDAD: NORMAL 62 | TENDENCIA: BAJISTA_DEBIL 43.36 | ACCION: ABSORCION_COMPRADORA
Progreso: 1275 / 2818
RANKING DE SEÑALES:
CHFJPY-OTC | put | liquidity sweep bajista | puntaje: 20 | prioridad: 4 | consenso: 50.0 MEDIO | score final: 196
CONTEXTO FINAL: CHFJPY-OTC put liquidity sweep bajista | MERCADO: TENDENCIA_ALCISTA | CALIDAD: NORMAL 60 | TENDENCIA: ALCISTA_NORMAL 62.27 | ACCION: PUT_SOPORTE_CERCA_SIN_RUPTURA
RANKING DE SEÑALES:
EURUSD-OTC | put | pullback bajista a EMA | puntaje: 17 | prioridad: 3 | consenso: 50.0 MEDIO | score final: 109
CONTEXTO FINAL: EURUSD-OTC put pullback bajista a EMA | MERCADO: TENDENCIA_BAJISTA | CALIDAD: NORMAL 68 | TENDENCIA: BAJISTA_NORMAL 61.58 | ACCION: PUT_SOPORTE_CERCA_SIN_RUPTURA
RANKING DE SEÑALES:
EURUSD-OTC | put | pullback bajista a EMA | puntaje: 16 | prioridad: 3 | consenso: 50.0 MEDIO | score final: 107
CONTEXTO FINAL: EURUSD-OTC put pullback bajista a EMA | MERCADO: TENDENCIA_BAJISTA | CALIDAD: NORMAL 68 | TENDENCIA: BAJISTA_FUERTE 71.86 | ACCION: PUT_SOPORTE_CERCA_SIN_RUPTURA
RANKING DE SEÑALES:
CHFJPY-OTC | put | CHOCH bajista | puntaje: 19 | prioridad: 3 | consenso: 50.0 MEDIO | score final: 131
CONTEXTO FINAL: CHFJPY-OTC put CHOCH bajista | MERCADO: TENDENCIA_BAJISTA | CALIDAD: NORMAL 61 | TENDENCIA: BAJISTA_NORMAL 66.13 | ACCION: PUT_SOPORTE_CERCA_SIN_RUPTURA
RANKING DE SEÑALES:
EURUSD-OTC | put | pullback bajista a EMA | puntaje: 16 | prioridad: 3 | consenso: 50.0 MEDIO | score final: 109
CONTEXTO FINAL: EURUSD-OTC put pullback bajista a EMA | MERCADO: TENDENCIA_BAJISTA | CALIDAD: NORMAL 63 | TENDENCIA: BAJISTA_NORMAL 61.38 | ACCION: RECHAZO_VENDEDOR_RESISTENCIA
RANKING DE SEÑALES:
CHFJPY-OTC | call | liquidity sweep alcista | puntaje: 25 | prioridad: 4 | consenso: 50.0 MEDIO | score final: 216
CANDIDATOS BOOTIQ V2: 1
CONTEXTO FINAL: CHFJPY-OTC call liquidity sweep alcista | MERCADO: TENDENCIA_BAJISTA | CALIDAD: NORMAL 61 | TENDENCIA: BAJISTA_NORMAL 53.0 | ACCION: CALL_RESISTENCIA_CERCA_SIN_RUPTURA
RANKING DE SEÑALES:
EURUSD-OTC | put | pullback bajista a EMA | puntaje: 19 | prioridad: 4 | consenso: 50.0 MEDIO | score final: 116
EURUSD-OTC | put | continuación bajista con tendencia | puntaje: 14 | prioridad: 3 | consenso: 50.0 MEDIO | score final: 63
CONTEXTO FINAL: EURUSD-OTC put pullback bajista a EMA | MERCADO: TENDENCIA_BAJISTA | CALIDAD: NORMAL 59 | TENDENCIA: BAJISTA_NORMAL 67.21 | ACCION: PUT_SOPORTE_CERCA_SIN_RUPTURA
CONTEXTO FINAL: EURUSD-OTC put continuación bajista con tendencia | MERCADO: TENDENCIA_BAJISTA | CALIDAD: NORMAL 59 | TENDENCIA: BAJISTA_NORMAL 67.21 | ACCION: PUT_SOPORTE_CERCA_SIN_RUPTURA
RANKING DE SEÑALES:
EURUSD-OTC | put | continuación bajista con tendencia | puntaje: 11 | prioridad: 2 | consenso: 50.0 MEDIO | score final: 52
CONTEXTO FINAL: EURUSD-OTC put continuación bajista con tendencia | MERCADO: TENDENCIA_BAJISTA | CALIDAD: NORMAL 59 | TENDENCIA: BAJISTA_NORMAL 65.64 | ACCION: PUT_SOPORTE_CERCA_SIN_RUPTURA
Progreso: 1300 / 2818
Ronda: 1300 Señales: 0
RANKING DE SEÑALES:
USNDAQ100-OTC | put | pullback bajista a EMA | puntaje: 19 | prioridad: 4 | consenso: 50.0 MEDIO | score final: 126
CONTEXTO FINAL: USNDAQ100-OTC put pullback bajista a EMA | MERCADO: TENDENCIA_BAJISTA | CALIDAD: NORMAL 71 | TENDENCIA: BAJISTA_NORMAL 50.16 | ACCION: PUT_SOPORTE_CERCA_SIN_RUPTURA
RANKING DE SEÑALES:
USNDAQ100-OTC | call | liquidity sweep alcista | puntaje: 22 | prioridad: 4 | consenso: 50.0 MEDIO | score final: 200
CANDIDATOS BOOTIQ V2: 1
CONTEXTO FINAL: USNDAQ100-OTC call liquidity sweep alcista | MERCADO: TENDENCIA_BAJISTA | CALIDAD: NORMAL 69 | TENDENCIA: BAJISTA_NORMAL 53.85 | ACCION: ABSORCION_VENDEDORA
RANKING DE SEÑALES:
USDDOP-OTC | put | liquidity sweep bajista | puntaje: 23 | prioridad: 4 | consenso: 50.0 MEDIO | score final: 212
CONTEXTO FINAL: USDDOP-OTC put liquidity sweep bajista | MERCADO: TENDENCIA_ALCISTA | CALIDAD: NORMAL 63 | TENDENCIA: ALCISTA_FUERTE 72.33 | ACCION: PUT_SOPORTE_CERCA_SIN_RUPTURA
RANKING DE SEÑALES:
USDDOP-OTC | call | continuación alcista con tendencia | puntaje: 11 | prioridad: 2 | consenso: 50.0 MEDIO | score final: 62
CONTEXTO FINAL: USDDOP-OTC call continuación alcista con tendencia | MERCADO: TENDENCIA_ALCISTA | CALIDAD: NORMAL 56 | TENDENCIA: ALCISTA_NORMAL 62.64 | ACCION: ABSORCION_VENDEDORA
RANKING DE SEÑALES:
CANNABIS-OTC | call | continuación alcista con tendencia | puntaje: 11 | prioridad: 2 | consenso: 50.0 MEDIO | score final: 52
CONTEXTO FINAL: CANNABIS-OTC call continuación alcista con tendencia | MERCADO: TENDENCIA_ALCISTA | CALIDAD: NORMAL 68 | TENDENCIA: ALCISTA_NORMAL 50.93 | ACCION: ABSORCION_VENDEDORA
Progreso: 1325 / 2818
RANKING DE SEÑALES:
CANNABIS-OTC | put | liquidity sweep bajista | puntaje: 22 | prioridad: 4 | consenso: 50.0 MEDIO | score final: 190
CONTEXTO FINAL: CANNABIS-OTC put liquidity sweep bajista | MERCADO: TENDENCIA_ALCISTA | CALIDAD: LIMPIO 81 | TENDENCIA: ALCISTA_NORMAL 64.89 | ACCION: PUT_SOPORTE_CERCA_SIN_RUPTURA
RANKING DE SEÑALES:
USNDAQ100-OTC | call | liquidity sweep alcista | puntaje: 26 | prioridad: 4 | consenso: 50.0 MEDIO | score final: 230
USNDAQ100-OTC | call | reacción compradora en soporte | puntaje: 24 | prioridad: 4 | consenso: 50.0 MEDIO | score final: 178
CANDIDATOS BOOTIQ V2: 1
CONTEXTO FINAL: USNDAQ100-OTC call liquidity sweep alcista | MERCADO: TENDENCIA_BAJISTA | CALIDAD: NORMAL 56 | TENDENCIA: BAJISTA_NORMAL 50.56 | ACCION: RECHAZO_COMPRADOR_SOPORTE
CONTEXTO FINAL: USNDAQ100-OTC call reacción compradora en soporte | MERCADO: TENDENCIA_BAJISTA | CALIDAD: NORMAL 56 | TENDENCIA: BAJISTA_NORMAL 50.56 | ACCION: RECHAZO_COMPRADOR_SOPORTE
RANKING DE SEÑALES:
USNDAQ100-OTC | put | continuación bajista con tendencia | puntaje: 11 | prioridad: 2 | consenso: 50.0 MEDIO | score final: 62
CONTEXTO FINAL: USNDAQ100-OTC put continuación bajista con tendencia | MERCADO: TENDENCIA_BAJISTA | CALIDAD: NORMAL 72 | TENDENCIA: BAJISTA_NORMAL 57.53 | ACCION: PUT_SOPORTE_CERCA_SIN_RUPTURA
RANKING DE SEÑALES:
CASINOS-OTC | call | continuación alcista con tendencia | puntaje: 11 | prioridad: 2 | consenso: 50.0 MEDIO | score final: 52
CONTEXTO FINAL: CASINOS-OTC call continuación alcista con tendencia | MERCADO: TENDENCIA_ALCISTA | CALIDAD: NORMAL 66 | TENDENCIA: ALCISTA_FUERTE 70.8 | ACCION: CALL_RESISTENCIA_CERCA_SIN_RUPTURA
RANKING DE SEÑALES:
CASINOS-OTC | call | continuación alcista con tendencia | puntaje: 11 | prioridad: 2 | consenso: 50.0 MEDIO | score final: 62
CONTEXTO FINAL: CASINOS-OTC call continuación alcista con tendencia | MERCADO: TENDENCIA_ALCISTA | CALIDAD: NORMAL 60 | TENDENCIA: ALCISTA_NORMAL 61.3 | ACCION: ABSORCION_VENDEDORA
RANKING DE SEÑALES:
USNDAQ100-OTC | call | CHOCH alcista | puntaje: 21 | prioridad: 4 | consenso: 50.0 MEDIO | score final: 148
CONTEXTO FINAL: USNDAQ100-OTC call CHOCH alcista | MERCADO: TENDENCIA_ALCISTA | CALIDAD: NORMAL 59 | TENDENCIA: ALCISTA_NORMAL 54.08 | ACCION: ABSORCION_VENDEDORA
Progreso: 1350 / 2818
RANKING DE SEÑALES:
AUS200-OTC | call | liquidity sweep alcista | puntaje: 22 | prioridad: 4 | consenso: 50.0 MEDIO | score final: 200
CANDIDATOS BOOTIQ V2: 1
CONTEXTO FINAL: AUS200-OTC call liquidity sweep alcista | MERCADO: TENDENCIA_BAJISTA | CALIDAD: NORMAL 70 | TENDENCIA: BAJISTA_NORMAL 56.88 | ACCION: CALL_RESISTENCIA_CERCA_SIN_RUPTURA
RANKING DE SEÑALES:
AUS200-OTC | put | pullback bajista a EMA | puntaje: 16 | prioridad: 3 | consenso: 50.0 MEDIO | score final: 107
CONTEXTO FINAL: AUS200-OTC put pullback bajista a EMA | MERCADO: TENDENCIA_BAJISTA | CALIDAD: NORMAL 65 | TENDENCIA: BAJISTA_NORMAL 61.5 | ACCION: ABSORCION_COMPRADORA
RANKING DE SEÑALES:
AUS200-OTC | put | pullback bajista a EMA | puntaje: 19 | prioridad: 4 | consenso: 50.0 MEDIO | score final: 135
CONTEXTO FINAL: AUS200-OTC put pullback bajista a EMA | MERCADO: TENDENCIA_BAJISTA | CALIDAD: NORMAL 63 | TENDENCIA: BAJISTA_NORMAL 60.29 | ACCION: PUT_ZONA_NEUTRA
RANKING DE SEÑALES:
CANNABIS-OTC | call | reacción compradora en soporte | puntaje: 18 | prioridad: 0 | consenso: 50.0 MEDIO | score final: 125
CONTEXTO FINAL: CANNABIS-OTC call reacción compradora en soporte | MERCADO: TENDENCIA_ALCISTA | CALIDAD: NORMAL 66 | TENDENCIA: ALCISTA_NORMAL 59.78 | ACCION: CALL_RESISTENCIA_CERCA_SIN_RUPTURA
RANKING DE SEÑALES:
NZDCAD-OTC | put | CHOCH bajista | puntaje: 21 | prioridad: 4 | consenso: 50.0 MEDIO | score final: 148
NZDCAD-OTC | put | pullback bajista a EMA | puntaje: 19 | prioridad: 4 | consenso: 50.0 MEDIO | score final: 116
CONTEXTO FINAL: NZDCAD-OTC put CHOCH bajista | MERCADO: TENDENCIA_BAJISTA | CALIDAD: NORMAL 60 | TENDENCIA: BAJISTA_NORMAL 53.97 | ACCION: PUT_SOPORTE_CERCA_SIN_RUPTURA
CONTEXTO FINAL: NZDCAD-OTC put pullback bajista a EMA | MERCADO: TENDENCIA_BAJISTA | CALIDAD: NORMAL 60 | TENDENCIA: BAJISTA_NORMAL 53.97 | ACCION: PUT_SOPORTE_CERCA_SIN_RUPTURA
RANKING DE SEÑALES:
CHFJPY-OTC | put | continuación bajista con tendencia | puntaje: 11 | prioridad: 2 | consenso: 50.0 MEDIO | score final: 52
CONTEXTO FINAL: CHFJPY-OTC put continuación bajista con tendencia | MERCADO: TENDENCIA_BAJISTA | CALIDAD: NORMAL 56 | TENDENCIA: BAJISTA_NORMAL 68.36 | ACCION: PUT_SOPORTE_CERCA_SIN_RUPTURA
RANKING DE SEÑALES:
CHFJPY-OTC | put | continuación bajista con tendencia | puntaje: 11 | prioridad: 2 | consenso: 50.0 MEDIO | score final: 52
CONTEXTO FINAL: CHFJPY-OTC put continuación bajista con tendencia | MERCADO: TENDENCIA_BAJISTA | CALIDAD: NORMAL 58 | TENDENCIA: BAJISTA_FUERTE 73.45 | ACCION: PUT_SOPORTE_CERCA_SIN_RUPTURA
RANKING DE SEÑALES:
CHFJPY-OTC | put | continuación bajista con tendencia | puntaje: 11 | prioridad: 2 | consenso: 50.0 MEDIO | score final: 52
CONTEXTO FINAL: CHFJPY-OTC put continuación bajista con tendencia | MERCADO: TENDENCIA_BAJISTA | CALIDAD: NORMAL 60 | TENDENCIA: BAJISTA_FUERTE 71.37 | ACCION: PUT_SOPORTE_CERCA_SIN_RUPTURA
Progreso: 1375 / 2818
RANKING DE SEÑALES:
EURCAD-OTC | put | CHOCH bajista | puntaje: 24 | prioridad: 4 | consenso: 50.0 MEDIO | score final: 176
EURCAD-OTC | put | pullback bajista a EMA | puntaje: 16 | prioridad: 3 | consenso: 50.0 MEDIO | score final: 109
CONTEXTO FINAL: EURCAD-OTC put CHOCH bajista | MERCADO: TENDENCIA_BAJISTA | CALIDAD: NORMAL 61 | TENDENCIA: BAJISTA_NORMAL 58.9 | ACCION: PUT_SOPORTE_CERCA_SIN_RUPTURA
CONTEXTO FINAL: EURCAD-OTC put pullback bajista a EMA | MERCADO: TENDENCIA_BAJISTA | CALIDAD: NORMAL 61 | TENDENCIA: BAJISTA_NORMAL 58.9 | ACCION: PUT_SOPORTE_CERCA_SIN_RUPTURA
RANKING DE SEÑALES:
USNDAQ100-OTC | put | pullback bajista a EMA | puntaje: 19 | prioridad: 4 | consenso: 50.0 MEDIO | score final: 126
USNDAQ100-OTC | put | continuación bajista con tendencia | puntaje: 14 | prioridad: 3 | consenso: 50.0 MEDIO | score final: 73
CONTEXTO FINAL: USNDAQ100-OTC put pullback bajista a EMA | MERCADO: TENDENCIA_BAJISTA | CALIDAD: NORMAL 63 | TENDENCIA: BAJISTA_FUERTE 78.76 | ACCION: PUT_SOPORTE_CERCA_SIN_RUPTURA
CONTEXTO FINAL: USNDAQ100-OTC put continuación bajista con tendencia | MERCADO: TENDENCIA_BAJISTA | CALIDAD: NORMAL 63 | TENDENCIA: BAJISTA_FUERTE 78.76 | ACCION: PUT_SOPORTE_CERCA_SIN_RUPTURA
RANKING DE SEÑALES:
NZDCAD-OTC | put | continuación bajista con tendencia | puntaje: 15 | prioridad: 3 | consenso: 50.0 MEDIO | score final: 77
CONTEXTO FINAL: NZDCAD-OTC put continuación bajista con tendencia | MERCADO: TENDENCIA_BAJISTA | CALIDAD: NORMAL 57 | TENDENCIA: BAJISTA_NORMAL 55.62 | ACCION: RECHAZO_VENDEDOR_RESISTENCIA
RANKING DE SEÑALES:
NZDCAD-OTC | put | CHOCH bajista | puntaje: 19 | prioridad: 3 | consenso: 50.0 MEDIO | score final: 131
NZDCAD-OTC | put | continuación bajista con tendencia | puntaje: 11 | prioridad: 2 | consenso: 50.0 MEDIO | score final: 52
CONTEXTO FINAL: NZDCAD-OTC put CHOCH bajista | MERCADO: TENDENCIA_BAJISTA | CALIDAD: NORMAL 59 | TENDENCIA: BAJISTA_NORMAL 64.93 | ACCION: ABSORCION_COMPRADORA
CONTEXTO FINAL: NZDCAD-OTC put continuación bajista con tendencia | MERCADO: TENDENCIA_BAJISTA | CALIDAD: NORMAL 59 | TENDENCIA: BAJISTA_NORMAL 64.93 | ACCION: ABSORCION_COMPRADORA
RANKING DE SEÑALES:
NZDCAD-OTC | put | continuación bajista con tendencia | puntaje: 11 | prioridad: 2 | consenso: 50.0 MEDIO | score final: 62
CONTEXTO FINAL: NZDCAD-OTC put continuación bajista con tendencia | MERCADO: TENDENCIA_BAJISTA | CALIDAD: NORMAL 59 | TENDENCIA: BAJISTA_NORMAL 54.86 | ACCION: ABSORCION_COMPRADORA
RANKING DE SEÑALES:
NZDCAD-OTC | put | continuación bajista con tendencia | puntaje: 11 | prioridad: 2 | consenso: 50.0 MEDIO | score final: 62
CONTEXTO FINAL: NZDCAD-OTC put continuación bajista con tendencia | MERCADO: TENDENCIA_BAJISTA | CALIDAD: NORMAL 64 | TENDENCIA: BAJISTA_NORMAL 57.75 | ACCION: ABSORCION_COMPRADORA
RANKING DE SEÑALES:
NZDCAD-OTC | put | continuación bajista con tendencia | puntaje: 11 | prioridad: 2 | consenso: 50.0 MEDIO | score final: 62
CONTEXTO FINAL: NZDCAD-OTC put continuación bajista con tendencia | MERCADO: TENDENCIA_BAJISTA | CALIDAD: NORMAL 58 | TENDENCIA: BAJISTA_NORMAL 60.58 | ACCION: PUT_SOPORTE_CERCA_SIN_RUPTURA
RANKING DE SEÑALES:
NZDCAD-OTC | put | continuación bajista con tendencia | puntaje: 11 | prioridad: 2 | consenso: 50.0 MEDIO | score final: 52
CONTEXTO FINAL: NZDCAD-OTC put continuación bajista con tendencia | MERCADO: TENDENCIA_BAJISTA | CALIDAD: NORMAL 60 | TENDENCIA: BAJISTA_NORMAL 62.72 | ACCION: PUT_SOPORTE_CERCA_SIN_RUPTURA
Progreso: 1400 / 2818
RANKING DE SEÑALES:
EURCAD-OTC | call | liquidity sweep alcista | puntaje: 24 | prioridad: 4 | consenso: 50.0 MEDIO | score final: 214
CANDIDATOS BOOTIQ V2: 1
CONTEXTO FINAL: EURCAD-OTC call liquidity sweep alcista | MERCADO: TENDENCIA_BAJISTA | CALIDAD: NORMAL 55 | TENDENCIA: BAJISTA_FUERTE 73.35 | ACCION: CALL_RESISTENCIA_CERCA_SIN_RUPTURA
Ronda: 1400 Señales: 1
RANKING DE SEÑALES:
CHFJPY-OTC | put | liquidity sweep bajista | puntaje: 22 | prioridad: 4 | consenso: 50.0 MEDIO | score final: 190
CONTEXTO FINAL: CHFJPY-OTC put liquidity sweep bajista | MERCADO: TENDENCIA_ALCISTA | CALIDAD: NORMAL 58 | TENDENCIA: ALCISTA_NORMAL 58.46 | ACCION: PUT_SOPORTE_CERCA_SIN_RUPTURA
RANKING DE SEÑALES:
JUPUSD-OTC | put | reacción vendedora en resistencia | puntaje: 18 | prioridad: 4 | consenso: 50.0 MEDIO | score final: 144
CONTEXTO FINAL: JUPUSD-OTC put reacción vendedora en resistencia | MERCADO: TENDENCIA_BAJISTA | CALIDAD: NORMAL 64 | TENDENCIA: BAJISTA_NORMAL 53.84 | ACCION: PUT_ZONA_NEUTRA
RANKING DE SEÑALES:
JUPUSD-OTC | call | pullback alcista a EMA | puntaje: 19 | prioridad: 4 | consenso: 50.0 MEDIO | score final: 124
CONTEXTO FINAL: JUPUSD-OTC call pullback alcista a EMA | MERCADO: TENDENCIA_ALCISTA | CALIDAD: NORMAL 56 | TENDENCIA: ALCISTA_NORMAL 54.13 | ACCION: CALL_RESISTENCIA_CERCA_SIN_RUPTURA
RANKING DE SEÑALES:
CANNABIS-OTC | put | pullback bajista a EMA | puntaje: 16 | prioridad: 3 | consenso: 50.0 MEDIO | score final: 107
CONTEXTO FINAL: CANNABIS-OTC put pullback bajista a EMA | MERCADO: TENDENCIA_BAJISTA | CALIDAD: NORMAL 71 | TENDENCIA: BAJISTA_FUERTE 71.42 | ACCION: PUT_SOPORTE_CERCA_SIN_RUPTURA
RANKING DE SEÑALES:
CANNABIS-OTC | put | pullback bajista a EMA | puntaje: 17 | prioridad: 3 | consenso: 50.0 MEDIO | score final: 109
CONTEXTO FINAL: CANNABIS-OTC put pullback bajista a EMA | MERCADO: TENDENCIA_BAJISTA | CALIDAD: NORMAL 71 | TENDENCIA: BAJISTA_FUERTE 82.5 | ACCION: PUT_SOPORTE_CERCA_SIN_RUPTURA
Progreso: 1425 / 2818
Progreso: 1450 / 2818
RANKING DE SEÑALES:
AUS200-OTC | call | liquidity sweep alcista | puntaje: 25 | prioridad: 4 | consenso: 50.0 MEDIO | score final: 216
CANDIDATOS BOOTIQ V2: 1
CONTEXTO FINAL: AUS200-OTC call liquidity sweep alcista | MERCADO: TENDENCIA_BAJISTA | CALIDAD: NORMAL 73 | TENDENCIA: BAJISTA_NORMAL 69.51 | ACCION: CALL_ZONA_NEUTRA
RANKING DE SEÑALES:
EURCAD-OTC | put | pullback bajista a EMA | puntaje: 20 | prioridad: 4 | consenso: 50.0 MEDIO | score final: 140
CONTEXTO FINAL: EURCAD-OTC put pullback bajista a EMA | MERCADO: TENDENCIA_BAJISTA | CALIDAD: NORMAL 64 | TENDENCIA: BAJISTA_NORMAL 56.28 | ACCION: RECHAZO_VENDEDOR_RESISTENCIA
RANKING DE SEÑALES:
EURCAD-OTC | call | CHOCH alcista | puntaje: 19 | prioridad: 3 | consenso: 50.0 MEDIO | score final: 159
EURCAD-OTC | call | reacción compradora en soporte | puntaje: 18 | prioridad: 0 | consenso: 50.0 MEDIO | score final: 134
CONTEXTO FINAL: EURCAD-OTC call CHOCH alcista | MERCADO: TENDENCIA_ALCISTA | CALIDAD: NORMAL 65 | TENDENCIA: ALCISTA_DEBIL 45.06 | ACCION: ABSORCION_VENDEDORA
CONTEXTO FINAL: EURCAD-OTC call reacción compradora en soporte | MERCADO: TENDENCIA_ALCISTA | CALIDAD: NORMAL 65 | TENDENCIA: ALCISTA_DEBIL 45.06 | ACCION: ABSORCION_VENDEDORA
RANKING DE SEÑALES:
AUS200-OTC | put | pullback bajista a EMA | puntaje: 16 | prioridad: 3 | consenso: 50.0 MEDIO | score final: 97
CONTEXTO FINAL: AUS200-OTC put pullback bajista a EMA | MERCADO: TENDENCIA_BAJISTA | CALIDAD: NORMAL 58 | TENDENCIA: BAJISTA_NORMAL 51.06 | ACCION: PUT_SOPORTE_CERCA_SIN_RUPTURA
Progreso: 1475 / 2818
RANKING DE SEÑALES:
EURCAD-OTC | call | liquidity sweep alcista | puntaje: 24 | prioridad: 4 | consenso: 50.0 MEDIO | score final: 214
CANDIDATOS BOOTIQ V2: 1
CONTEXTO FINAL: EURCAD-OTC call liquidity sweep alcista | MERCADO: TENDENCIA_ALCISTA | CALIDAD: NORMAL 70 | TENDENCIA: ALCISTA_DEBIL 46.99 | ACCION: CALL_RESISTENCIA_CERCA_SIN_RUPTURA
RANKING DE SEÑALES:
USNDAQ100-OTC | put | pullback bajista a EMA | puntaje: 16 | prioridad: 3 | consenso: 50.0 MEDIO | score final: 107
CONTEXTO FINAL: USNDAQ100-OTC put pullback bajista a EMA | MERCADO: TENDENCIA_BAJISTA | CALIDAD: NORMAL 61 | TENDENCIA: BAJISTA_NORMAL 51.29 | ACCION: PUT_SOPORTE_CERCA_SIN_RUPTURA
Progreso: 1500 / 2818
Ronda: 1500 Señales: 0
RANKING DE SEÑALES:
NZDCAD-OTC | call | pullback alcista a EMA | puntaje: 19 | prioridad: 4 | consenso: 50.0 MEDIO | score final: 124
CONTEXTO FINAL: NZDCAD-OTC call pullback alcista a EMA | MERCADO: TENDENCIA_ALCISTA | CALIDAD: NORMAL 56 | TENDENCIA: ALCISTA_NORMAL 66.26 | ACCION: CALL_RESISTENCIA_CERCA_SIN_RUPTURA
RANKING DE SEÑALES:
NZDCAD-OTC | call | CHOCH alcista | puntaje: 19 | prioridad: 3 | consenso: 50.0 MEDIO | score final: 131
CONTEXTO FINAL: NZDCAD-OTC call CHOCH alcista | MERCADO: TENDENCIA_ALCISTA | CALIDAD: NORMAL 56 | TENDENCIA: ALCISTA_FUERTE 80.42 | ACCION: CALL_RESISTENCIA_CERCA_SIN_RUPTURA
RANKING DE SEÑALES:
NZDCAD-OTC | call | CHOCH alcista | puntaje: 19 | prioridad: 3 | consenso: 50.0 MEDIO | score final: 131
CONTEXTO FINAL: NZDCAD-OTC call CHOCH alcista | MERCADO: TENDENCIA_ALCISTA | CALIDAD: NORMAL 58 | TENDENCIA: ALCISTA_FUERTE 72.13 | ACCION: CALL_RESISTENCIA_CERCA_SIN_RUPTURA
RANKING DE SEÑALES:
CASINOS-OTC | call | liquidity sweep alcista | puntaje: 24 | prioridad: 4 | consenso: 50.0 MEDIO | score final: 214
CANDIDATOS BOOTIQ V2: 1
CONTEXTO FINAL: CASINOS-OTC call liquidity sweep alcista | MERCADO: TENDENCIA_BAJISTA | CALIDAD: NORMAL 61 | TENDENCIA: BAJISTA_FUERTE 78.3 | ACCION: CALL_RESISTENCIA_CERCA_SIN_RUPTURA
RANKING DE SEÑALES:
CANNABIS-OTC | put | liquidity sweep bajista | puntaje: 25 | prioridad: 4 | consenso: 50.0 MEDIO | score final: 206
CONTEXTO FINAL: CANNABIS-OTC put liquidity sweep bajista | MERCADO: TENDENCIA_ALCISTA | CALIDAD: NORMAL 60 | TENDENCIA: ALCISTA_NORMAL 68.92 | ACCION: PUT_SOPORTE_CERCA_SIN_RUPTURA
Progreso: 1525 / 2818
RANKING DE SEÑALES:
CHFJPY-OTC | call | liquidity sweep alcista | puntaje: 22 | prioridad: 4 | consenso: 50.0 MEDIO | score final: 200
CANDIDATOS BOOTIQ V2: 1
CONTEXTO FINAL: CHFJPY-OTC call liquidity sweep alcista | MERCADO: TENDENCIA_BAJISTA | CALIDAD: NORMAL 63 | TENDENCIA: BAJISTA_NORMAL 65.05 | ACCION: CALL_RESISTENCIA_CERCA_SIN_RUPTURA
RANKING DE SEÑALES:
CHFJPY-OTC | put | CHOCH bajista | puntaje: 21 | prioridad: 4 | consenso: 50.0 MEDIO | score final: 148
CONTEXTO FINAL: CHFJPY-OTC put CHOCH bajista | MERCADO: TENDENCIA_BAJISTA | CALIDAD: LIMPIO 75 | TENDENCIA: BAJISTA_NORMAL 52.32 | ACCION: PUT_SOPORTE_CERCA_SIN_RUPTURA
RANKING DE SEÑALES:
CHFJPY-OTC | put | pullback bajista a EMA | puntaje: 20 | prioridad: 4 | consenso: 50.0 MEDIO | score final: 130
CONTEXTO FINAL: CHFJPY-OTC put pullback bajista a EMA | MERCADO: TENDENCIA_BAJISTA | CALIDAD: NORMAL 70 | TENDENCIA: BAJISTA_NORMAL 52.02 | ACCION: RECHAZO_VENDEDOR_RESISTENCIA
Progreso: 1550 / 2818
RANKING DE SEÑALES:
EURUSD-OTC | call | continuación alcista con tendencia | puntaje: 11 | prioridad: 2 | consenso: 50.0 MEDIO | score final: 62
CONTEXTO FINAL: EURUSD-OTC call continuación alcista con tendencia | MERCADO: TENDENCIA_ALCISTA | CALIDAD: NORMAL 63 | TENDENCIA: ALCISTA_FUERTE 71.15 | ACCION: CALL_RESISTENCIA_CERCA_SIN_RUPTURA
RANKING DE SEÑALES:
CASINOS-OTC | put | liquidity sweep bajista | puntaje: 22 | prioridad: 4 | consenso: 50.0 MEDIO | score final: 200
CONTEXTO FINAL: CASINOS-OTC put liquidity sweep bajista | MERCADO: TENDENCIA_ALCISTA | CALIDAD: NORMAL 65 | TENDENCIA: ALCISTA_DEBIL 42.95 | ACCION: PUT_SOPORTE_CERCA_SIN_RUPTURA
RANKING DE SEÑALES:
AUS200-OTC | put | continuación bajista con tendencia | puntaje: 11 | prioridad: 2 | consenso: 50.0 MEDIO | score final: 52
CONTEXTO FINAL: AUS200-OTC put continuación bajista con tendencia | MERCADO: TENDENCIA_BAJISTA | CALIDAD: NORMAL 57 | TENDENCIA: BAJISTA_FUERTE 73.65 | ACCION: PUT_SOPORTE_CERCA_SIN_RUPTURA
RANKING DE SEÑALES:
AUS200-OTC | put | pullback bajista a EMA | puntaje: 18 | prioridad: 4 | consenso: 50.0 MEDIO | score final: 126
CONTEXTO FINAL: AUS200-OTC put pullback bajista a EMA | MERCADO: TENDENCIA_BAJISTA | CALIDAD: NORMAL 56 | TENDENCIA: BAJISTA_NORMAL 56.99 | ACCION: PUT_ZONA_NEUTRA
RANKING DE SEÑALES:
EURCAD-OTC | call | pullback alcista a EMA | puntaje: 18 | prioridad: 4 | consenso: 50.0 MEDIO | score final: 144
CONTEXTO FINAL: EURCAD-OTC call pullback alcista a EMA | MERCADO: TENDENCIA_ALCISTA | CALIDAD: NORMAL 66 | TENDENCIA: ALCISTA_NORMAL 55.69 | ACCION: RECHAZO_COMPRADOR_SOPORTE
Progreso: 1575 / 2818
RANKING DE SEÑALES:
CANNABIS-OTC | put | pullback bajista a EMA | puntaje: 18 | prioridad: 4 | consenso: 50.0 MEDIO | score final: 114
CONTEXTO FINAL: CANNABIS-OTC put pullback bajista a EMA | MERCADO: TENDENCIA_BAJISTA | CALIDAD: NORMAL 71 | TENDENCIA: BAJISTA_FUERTE 72.34 | ACCION: PUT_SOPORTE_CERCA_SIN_RUPTURA
RANKING DE SEÑALES:
EURUSD-OTC | put | liquidity sweep bajista | puntaje: 24 | prioridad: 4 | consenso: 50.0 MEDIO | score final: 214
CONTEXTO FINAL: EURUSD-OTC put liquidity sweep bajista | MERCADO: TENDENCIA_ALCISTA | CALIDAD: NORMAL 73 | TENDENCIA: ALCISTA_NORMAL 64.98 | ACCION: PUT_SOPORTE_CERCA_SIN_RUPTURA
RANKING DE SEÑALES:
EURCAD-OTC | put | pullback bajista a EMA | puntaje: 16 | prioridad: 3 | consenso: 50.0 MEDIO | score final: 97
CONTEXTO FINAL: EURCAD-OTC put pullback bajista a EMA | MERCADO: TENDENCIA_BAJISTA | CALIDAD: NORMAL 56 | TENDENCIA: BAJISTA_NORMAL 60.97 | ACCION: PUT_SOPORTE_CERCA_SIN_RUPTURA
RANKING DE SEÑALES:
EURCAD-OTC | put | pullback bajista a EMA | puntaje: 16 | prioridad: 3 | consenso: 50.0 MEDIO | score final: 116
CONTEXTO FINAL: EURCAD-OTC put pullback bajista a EMA | MERCADO: TENDENCIA_BAJISTA | CALIDAD: NORMAL 63 | TENDENCIA: BAJISTA_NORMAL 57.3 | ACCION: PUT_SOPORTE_CERCA_SIN_RUPTURA
RANKING DE SEÑALES:
EURUSD-OTC | call | pullback alcista a EMA | puntaje: 16 | prioridad: 3 | consenso: 50.0 MEDIO | score final: 105
CONTEXTO FINAL: EURUSD-OTC call pullback alcista a EMA | MERCADO: TENDENCIA_ALCISTA | CALIDAD: NORMAL 71 | TENDENCIA: ALCISTA_NORMAL 68.82 | ACCION: CALL_RESISTENCIA_CERCA_SIN_RUPTURA
RANKING DE SEÑALES:
EURUSD-OTC | call | pullback alcista a EMA | puntaje: 17 | prioridad: 3 | consenso: 50.0 MEDIO | score final: 107
CONTEXTO FINAL: EURUSD-OTC call pullback alcista a EMA | MERCADO: TENDENCIA_ALCISTA | CALIDAD: NORMAL 60 | TENDENCIA: ALCISTA_NORMAL 55.97 | ACCION: CALL_RESISTENCIA_CERCA_SIN_RUPTURA
RANKING DE SEÑALES:
EURUSD-OTC | call | liquidity sweep alcista | puntaje: 24 | prioridad: 4 | consenso: 50.0 MEDIO | score final: 214
CANDIDATOS BOOTIQ V2: 1
CONTEXTO FINAL: EURUSD-OTC call liquidity sweep alcista | MERCADO: TENDENCIA_ALCISTA | CALIDAD: NORMAL 66 | TENDENCIA: ALCISTA_DEBIL 47.8 | ACCION: CALL_RESISTENCIA_CERCA_SIN_RUPTURA
RANKING DE SEÑALES:
CANNABIS-OTC | call | pullback alcista a EMA | puntaje: 17 | prioridad: 3 | consenso: 50.0 MEDIO | score final: 117
CONTEXTO FINAL: CANNABIS-OTC call pullback alcista a EMA | MERCADO: TENDENCIA_ALCISTA | CALIDAD: NORMAL 58 | TENDENCIA: ALCISTA_NORMAL 51.28 | ACCION: CALL_RESISTENCIA_CERCA_SIN_RUPTURA
Progreso: 1600 / 2818
Ronda: 1600 Señales: 0
RANKING DE SEÑALES:
JUPUSD-OTC | call | liquidity sweep alcista | puntaje: 24 | prioridad: 4 | consenso: 50.0 MEDIO | score final: 214
CANDIDATOS BOOTIQ V2: 1
CONTEXTO FINAL: JUPUSD-OTC call liquidity sweep alcista | MERCADO: TENDENCIA_BAJISTA | CALIDAD: NORMAL 55 | TENDENCIA: BAJISTA_NORMAL 62.77 | ACCION: CALL_RESISTENCIA_CERCA_SIN_RUPTURA
RANKING DE SEÑALES:
EURUSD-OTC | put | liquidity sweep bajista | puntaje: 23 | prioridad: 4 | consenso: 50.0 MEDIO | score final: 212
CONTEXTO FINAL: EURUSD-OTC put liquidity sweep bajista | MERCADO: TENDENCIA_ALCISTA | CALIDAD: NORMAL 55 | TENDENCIA: ALCISTA_NORMAL 51.04 | ACCION: PUT_SOPORTE_CERCA_SIN_RUPTURA
RANKING DE SEÑALES:
CANNABIS-OTC | put | CHOCH bajista | puntaje: 19 | prioridad: 3 | consenso: 50.0 MEDIO | score final: 131
CANNABIS-OTC | put | continuación bajista con tendencia | puntaje: 11 | prioridad: 2 | consenso: 50.0 MEDIO | score final: 52
CONTEXTO FINAL: CANNABIS-OTC put CHOCH bajista | MERCADO: TENDENCIA_BAJISTA | CALIDAD: NORMAL 56 | TENDENCIA: BAJISTA_FUERTE 78.71 | ACCION: PUT_SOPORTE_CERCA_SIN_RUPTURA
CONTEXTO FINAL: CANNABIS-OTC put continuación bajista con tendencia | MERCADO: TENDENCIA_BAJISTA | CALIDAD: NORMAL 56 | TENDENCIA: BAJISTA_FUERTE 78.71 | ACCION: PUT_SOPORTE_CERCA_SIN_RUPTURA
Progreso: 1625 / 2818
RANKING DE SEÑALES:
CHFJPY-OTC | call | liquidity sweep alcista | puntaje: 24 | prioridad: 4 | consenso: 50.0 MEDIO | score final: 214
CANDIDATOS BOOTIQ V2: 1
CONTEXTO FINAL: CHFJPY-OTC call liquidity sweep alcista | MERCADO: TENDENCIA_BAJISTA | CALIDAD: NORMAL 57 | TENDENCIA: BAJISTA_AGOTADA 57.75 | ACCION: CALL_RESISTENCIA_CERCA_SIN_RUPTURA
RANKING DE SEÑALES:
CHFJPY-OTC | put | CHOCH bajista | puntaje: 19 | prioridad: 3 | consenso: 50.0 MEDIO | score final: 131
CONTEXTO FINAL: CHFJPY-OTC put CHOCH bajista | MERCADO: TENDENCIA_BAJISTA | CALIDAD: NORMAL 57 | TENDENCIA: BAJISTA_NORMAL 65.3 | ACCION: ABSORCION_COMPRADORA
RANKING DE SEÑALES:
CHFJPY-OTC | call | liquidity sweep alcista | puntaje: 20 | prioridad: 4 | consenso: 50.0 MEDIO | score final: 196
CANDIDATOS BOOTIQ V2: 1
CONTEXTO FINAL: CHFJPY-OTC call liquidity sweep alcista | MERCADO: TENDENCIA_BAJISTA | CALIDAD: NORMAL 61 | TENDENCIA: BAJISTA_NORMAL 54.85 | ACCION: CALL_RESISTENCIA_CERCA_SIN_RUPTURA
RANKING DE SEÑALES:
USDDOP-OTC | call | CHOCH alcista | puntaje: 19 | prioridad: 3 | consenso: 50.0 MEDIO | score final: 131
CONTEXTO FINAL: USDDOP-OTC call CHOCH alcista | MERCADO: TENDENCIA_ALCISTA | CALIDAD: LIMPIO 81 | TENDENCIA: ALCISTA_NORMAL 52.74 | ACCION: ABSORCION_VENDEDORA
RANKING DE SEÑALES:
USNDAQ100-OTC | call | liquidity sweep alcista | puntaje: 22 | prioridad: 4 | consenso: 50.0 MEDIO | score final: 212
CANDIDATOS BOOTIQ V2: 1
CONTEXTO FINAL: USNDAQ100-OTC call liquidity sweep alcista | MERCADO: TENDENCIA_BAJISTA | CALIDAD: NORMAL 58 | TENDENCIA: BAJISTA_NORMAL 51.17 | ACCION: RECHAZO_COMPRADOR_SOPORTE
RANKING DE SEÑALES:
CASINOS-OTC | call | liquidity sweep alcista | puntaje: 22 | prioridad: 4 | consenso: 50.0 MEDIO | score final: 200
CANDIDATOS BOOTIQ V2: 1
CONTEXTO FINAL: CASINOS-OTC call liquidity sweep alcista | MERCADO: TENDENCIA_BAJISTA | CALIDAD: NORMAL 67 | TENDENCIA: BAJISTA_NORMAL 65.37 | ACCION: CALL_RESISTENCIA_CERCA_SIN_RUPTURA
RANKING DE SEÑALES:
CASINOS-OTC | call | liquidity sweep alcista | puntaje: 24 | prioridad: 4 | consenso: 50.0 MEDIO | score final: 216
CANDIDATOS BOOTIQ V2: 1
CONTEXTO FINAL: CASINOS-OTC call liquidity sweep alcista | MERCADO: TENDENCIA_BAJISTA | CALIDAD: LIMPIO 78 | TENDENCIA: BAJISTA_FUERTE 71.21 | ACCION: RECHAZO_COMPRADOR_SOPORTE
RANKING DE SEÑALES:
NZDCAD-OTC | put | continuación bajista con tendencia | puntaje: 11 | prioridad: 2 | consenso: 50.0 MEDIO | score final: 52
CONTEXTO FINAL: NZDCAD-OTC put continuación bajista con tendencia | MERCADO: TENDENCIA_BAJISTA | CALIDAD: NORMAL 74 | TENDENCIA: BAJISTA_NORMAL 62.91 | ACCION: PUT_SOPORTE_CERCA_SIN_RUPTURA
RANKING DE SEÑALES:
NZDCAD-OTC | put | continuación bajista con tendencia | puntaje: 11 | prioridad: 2 | consenso: 50.0 MEDIO | score final: 52
CONTEXTO FINAL: NZDCAD-OTC put continuación bajista con tendencia | MERCADO: TENDENCIA_BAJISTA | CALIDAD: NORMAL 74 | TENDENCIA: BAJISTA_NORMAL 69.36 | ACCION: PUT_SOPORTE_CERCA_SIN_RUPTURA
RANKING DE SEÑALES:
NZDCAD-OTC | put | continuación bajista con tendencia | puntaje: 11 | prioridad: 2 | consenso: 50.0 MEDIO | score final: 62
CONTEXTO FINAL: NZDCAD-OTC put continuación bajista con tendencia | MERCADO: TENDENCIA_BAJISTA | CALIDAD: NORMAL 72 | TENDENCIA: BAJISTA_FUERTE 70.05 | ACCION: PUT_SOPORTE_CERCA_SIN_RUPTURA
Progreso: 1650 / 2818
RANKING DE SEÑALES:
NZDCAD-OTC | put | pullback bajista a EMA | puntaje: 19 | prioridad: 4 | consenso: 50.0 MEDIO | score final: 126
CONTEXTO FINAL: NZDCAD-OTC put pullback bajista a EMA | MERCADO: TENDENCIA_BAJISTA | CALIDAD: NORMAL 70 | TENDENCIA: BAJISTA_NORMAL 62.03 | ACCION: PUT_SOPORTE_CERCA_SIN_RUPTURA
RANKING DE SEÑALES:
NZDCAD-OTC | call | liquidity sweep alcista | puntaje: 22 | prioridad: 4 | consenso: 50.0 MEDIO | score final: 200
NZDCAD-OTC | put | continuación bajista con tendencia | puntaje: 11 | prioridad: 2 | consenso: 50.0 MEDIO | score final: 52
CANDIDATOS BOOTIQ V2: 1
CONTEXTO FINAL: NZDCAD-OTC call liquidity sweep alcista | MERCADO: TENDENCIA_BAJISTA | CALIDAD: NORMAL 73 | TENDENCIA: BAJISTA_NORMAL 54.43 | ACCION: CALL_RESISTENCIA_CERCA_SIN_RUPTURA
CONTEXTO FINAL: NZDCAD-OTC put continuación bajista con tendencia | MERCADO: TENDENCIA_BAJISTA | CALIDAD: NORMAL 73 | TENDENCIA: BAJISTA_NORMAL 54.43 | ACCION: PUT_SOPORTE_CERCA_SIN_RUPTURA
RANKING DE SEÑALES:
NZDCAD-OTC | put | continuación bajista con tendencia | puntaje: 11 | prioridad: 2 | consenso: 50.0 MEDIO | score final: 52
CONTEXTO FINAL: NZDCAD-OTC put continuación bajista con tendencia | MERCADO: TENDENCIA_BAJISTA | CALIDAD: NORMAL 73 | TENDENCIA: BAJISTA_NORMAL 58.78 | ACCION: PUT_SOPORTE_CERCA_SIN_RUPTURA
RANKING DE SEÑALES:
NZDCAD-OTC | put | continuación bajista con tendencia | puntaje: 11 | prioridad: 2 | consenso: 50.0 MEDIO | score final: 62
CONTEXTO FINAL: NZDCAD-OTC put continuación bajista con tendencia | MERCADO: TENDENCIA_BAJISTA | CALIDAD: NORMAL 71 | TENDENCIA: BAJISTA_NORMAL 60.74 | ACCION: PUT_SOPORTE_CERCA_SIN_RUPTURA
RANKING DE SEÑALES:
NZDCAD-OTC | put | continuación bajista con tendencia | puntaje: 11 | prioridad: 2 | consenso: 50.0 MEDIO | score final: 52
CONTEXTO FINAL: NZDCAD-OTC put continuación bajista con tendencia | MERCADO: TENDENCIA_BAJISTA | CALIDAD: NORMAL 73 | TENDENCIA: BAJISTA_NORMAL 60.73 | ACCION: PUT_SOPORTE_CERCA_SIN_RUPTURA
RANKING DE SEÑALES:
EURCAD-OTC | put | pullback bajista a EMA | puntaje: 16 | prioridad: 3 | consenso: 50.0 MEDIO | score final: 107
CONTEXTO FINAL: EURCAD-OTC put pullback bajista a EMA | MERCADO: TENDENCIA_BAJISTA | CALIDAD: NORMAL 67 | TENDENCIA: BAJISTA_NORMAL 56.31 | ACCION: ABSORCION_COMPRADORA
RANKING DE SEÑALES:
AUS200-OTC | put | pullback bajista a EMA | puntaje: 16 | prioridad: 3 | consenso: 50.0 MEDIO | score final: 109
CONTEXTO FINAL: AUS200-OTC put pullback bajista a EMA | MERCADO: TENDENCIA_BAJISTA | CALIDAD: NORMAL 56 | TENDENCIA: BAJISTA_NORMAL 51.13 | ACCION: RECHAZO_VENDEDOR_RESISTENCIA
RANKING DE SEÑALES:
AUS200-OTC | call | liquidity sweep alcista | puntaje: 24 | prioridad: 4 | consenso: 50.0 MEDIO | score final: 214
CANDIDATOS BOOTIQ V2: 1
CONTEXTO FINAL: AUS200-OTC call liquidity sweep alcista | MERCADO: TENDENCIA_BAJISTA | CALIDAD: NORMAL 56 | TENDENCIA: BAJISTA_NORMAL 64.51 | ACCION: CALL_RESISTENCIA_CERCA_SIN_RUPTURA
RANKING DE SEÑALES:
EURCAD-OTC | put | pullback bajista a EMA | puntaje: 16 | prioridad: 3 | consenso: 50.0 MEDIO | score final: 107
CONTEXTO FINAL: EURCAD-OTC put pullback bajista a EMA | MERCADO: TENDENCIA_BAJISTA | CALIDAD: NORMAL 55 | TENDENCIA: BAJISTA_NORMAL 57.16 | ACCION: PUT_SOPORTE_CERCA_SIN_RUPTURA
Progreso: 1675 / 2818
RANKING DE SEÑALES:
USDDOP-OTC | call | reacción compradora en soporte | puntaje: 18 | prioridad: 0 | consenso: 50.0 MEDIO | score final: 125
CONTEXTO FINAL: USDDOP-OTC call reacción compradora en soporte | MERCADO: TENDENCIA_ALCISTA | CALIDAD: NORMAL 69 | TENDENCIA: ALCISTA_DEBIL 47.92 | ACCION: ABSORCION_VENDEDORA
RANKING DE SEÑALES:
USDDOP-OTC | call | CHOCH alcista | puntaje: 19 | prioridad: 3 | consenso: 50.0 MEDIO | score final: 131
CONTEXTO FINAL: USDDOP-OTC call CHOCH alcista | MERCADO: TENDENCIA_ALCISTA | CALIDAD: NORMAL 66 | TENDENCIA: ALCISTA_NORMAL 64.5 | ACCION: ABSORCION_VENDEDORA
RANKING DE SEÑALES:
EURUSD-OTC | put | pullback bajista a EMA | puntaje: 16 | prioridad: 3 | consenso: 50.0 MEDIO | score final: 97
CONTEXTO FINAL: EURUSD-OTC put pullback bajista a EMA | MERCADO: TENDENCIA_BAJISTA | CALIDAD: NORMAL 66 | TENDENCIA: BAJISTA_NORMAL 52.67 | ACCION: PUT_SOPORTE_CERCA_SIN_RUPTURA
RANKING DE SEÑALES:
CHFJPY-OTC | call | continuación alcista con tendencia | puntaje: 14 | prioridad: 3 | consenso: 50.0 MEDIO | score final: 73
CONTEXTO FINAL: CHFJPY-OTC call continuación alcista con tendencia | MERCADO: TENDENCIA_ALCISTA | CALIDAD: NORMAL 55 | TENDENCIA: ALCISTA_FUERTE 71.81 | ACCION: CALL_RESISTENCIA_CERCA_SIN_RUPTURA
RANKING DE SEÑALES:
CHFJPY-OTC | call | continuación alcista con tendencia | puntaje: 11 | prioridad: 2 | consenso: 50.0 MEDIO | score final: 52
CONTEXTO FINAL: CHFJPY-OTC call continuación alcista con tendencia | MERCADO: TENDENCIA_ALCISTA | CALIDAD: NORMAL 55 | TENDENCIA: ALCISTA_FUERTE 77.27 | ACCION: CALL_RESISTENCIA_CERCA_SIN_RUPTURA
RANKING DE SEÑALES:
CANNABIS-OTC | put | pullback bajista a EMA | puntaje: 19 | prioridad: 4 | consenso: 50.0 MEDIO | score final: 116
CANNABIS-OTC | put | continuación bajista con tendencia | puntaje: 14 | prioridad: 3 | consenso: 50.0 MEDIO | score final: 63
CONTEXTO FINAL: CANNABIS-OTC put pullback bajista a EMA | MERCADO: TENDENCIA_BAJISTA | CALIDAD: NORMAL 55 | TENDENCIA: BAJISTA_NORMAL 57.9 | ACCION: PUT_ZONA_NEUTRA
CONTEXTO FINAL: CANNABIS-OTC put continuación bajista con tendencia | MERCADO: TENDENCIA_BAJISTA | CALIDAD: NORMAL 55 | TENDENCIA: BAJISTA_NORMAL 57.9 | ACCION: PUT_ZONA_NEUTRA
Progreso: 1700 / 2818
Ronda: 1700 Señales: 0
RANKING DE SEÑALES:
CANNABIS-OTC | put | CHOCH bajista | puntaje: 17 | prioridad: 3 | consenso: 50.0 MEDIO | score final: 137
CANNABIS-OTC | put | continuación bajista con tendencia | puntaje: 11 | prioridad: 2 | consenso: 50.0 MEDIO | score final: 62
CONTEXTO FINAL: CANNABIS-OTC put CHOCH bajista | MERCADO: TENDENCIA_BAJISTA | CALIDAD: NORMAL 66 | TENDENCIA: BAJISTA_FUERTE 71.36 | ACCION: PUT_SOPORTE_CERCA_SIN_RUPTURA
CONTEXTO FINAL: CANNABIS-OTC put continuación bajista con tendencia | MERCADO: TENDENCIA_BAJISTA | CALIDAD: NORMAL 66 | TENDENCIA: BAJISTA_FUERTE 71.36 | ACCION: PUT_SOPORTE_CERCA_SIN_RUPTURA
RANKING DE SEÑALES:
NZDCAD-OTC | call | CHOCH alcista | puntaje: 19 | prioridad: 3 | consenso: 50.0 MEDIO | score final: 131
CONTEXTO FINAL: NZDCAD-OTC call CHOCH alcista | MERCADO: TENDENCIA_ALCISTA | CALIDAD: NORMAL 57 | TENDENCIA: ALCISTA_FUERTE 75.9 | ACCION: CALL_ZONA_NEUTRA
RANKING DE SEÑALES:
NIKE-OTC | call | liquidity sweep alcista | puntaje: 22 | prioridad: 4 | consenso: 50.0 MEDIO | score final: 200
CANDIDATOS BOOTIQ V2: 1
CONTEXTO FINAL: NIKE-OTC call liquidity sweep alcista | MERCADO: TENDENCIA_BAJISTA | CALIDAD: NORMAL 63 | TENDENCIA: BAJISTA_FUERTE 71.39 | ACCION: CALL_RESISTENCIA_CERCA_SIN_RUPTURA
RANKING DE SEÑALES:
CANNABIS-OTC | put | liquidity sweep bajista | puntaje: 22 | prioridad: 4 | consenso: 50.0 MEDIO | score final: 200
CONTEXTO FINAL: CANNABIS-OTC put liquidity sweep bajista | MERCADO: TENDENCIA_ALCISTA | CALIDAD: NORMAL 58 | TENDENCIA: ALCISTA_FUERTE 77.77 | ACCION: PUT_SOPORTE_CERCA_SIN_RUPTURA
Progreso: 1725 / 2818
RANKING DE SEÑALES:
NIKE-OTC | put | pullback bajista a EMA | puntaje: 18 | prioridad: 4 | consenso: 50.0 MEDIO | score final: 114
CONTEXTO FINAL: NIKE-OTC put pullback bajista a EMA | MERCADO: TENDENCIA_BAJISTA | CALIDAD: NORMAL 62 | TENDENCIA: BAJISTA_NORMAL 69.95 | ACCION: PUT_SOPORTE_CERCA_SIN_RUPTURA
RANKING DE SEÑALES:
NIKE-OTC | put | continuación bajista con tendencia | puntaje: 11 | prioridad: 2 | consenso: 50.0 MEDIO | score final: 52
CONTEXTO FINAL: NIKE-OTC put continuación bajista con tendencia | MERCADO: TENDENCIA_BAJISTA | CALIDAD: NORMAL 67 | TENDENCIA: BAJISTA_FUERTE 75.4 | ACCION: PUT_SOPORTE_CERCA_SIN_RUPTURA
RANKING DE SEÑALES:
NIKE-OTC | put | pullback bajista a EMA | puntaje: 21 | prioridad: 4 | consenso: 50.0 MEDIO | score final: 142
NIKE-OTC | put | continuación bajista con tendencia | puntaje: 16 | prioridad: 3 | consenso: 50.0 MEDIO | score final: 104
CONTEXTO FINAL: NIKE-OTC put pullback bajista a EMA | MERCADO: TENDENCIA_BAJISTA | CALIDAD: NORMAL 60 | TENDENCIA: BAJISTA_NORMAL 66.64 | ACCION: RECHAZO_VENDEDOR_RESISTENCIA
CONTEXTO FINAL: NIKE-OTC put continuación bajista con tendencia | MERCADO: TENDENCIA_BAJISTA | CALIDAD: NORMAL 60 | TENDENCIA: BAJISTA_NORMAL 66.64 | ACCION: RECHAZO_VENDEDOR_RESISTENCIA
RANKING DE SEÑALES:
NIKE-OTC | put | continuación bajista con tendencia | puntaje: 11 | prioridad: 2 | consenso: 50.0 MEDIO | score final: 62
CONTEXTO FINAL: NIKE-OTC put continuación bajista con tendencia | MERCADO: TENDENCIA_BAJISTA | CALIDAD: NORMAL 60 | TENDENCIA: BAJISTA_FUERTE 71.87 | ACCION: PUT_SOPORTE_CERCA_SIN_RUPTURA
RANKING DE SEÑALES:
EURCAD-OTC | call | CHOCH alcista | puntaje: 21 | prioridad: 4 | consenso: 50.0 MEDIO | score final: 148
CONTEXTO FINAL: EURCAD-OTC call CHOCH alcista | MERCADO: TENDENCIA_BAJISTA | CALIDAD: NORMAL 69 | TENDENCIA: BAJISTA_NORMAL 50.32 | ACCION: CALL_RESISTENCIA_CERCA_SIN_RUPTURA
RANKING DE SEÑALES:
EURCAD-OTC | call | continuación alcista con tendencia | puntaje: 11 | prioridad: 2 | consenso: 50.0 MEDIO | score final: 64
CONTEXTO FINAL: EURCAD-OTC call continuación alcista con tendencia | MERCADO: TENDENCIA_ALCISTA | CALIDAD: NORMAL 70 | TENDENCIA: ALCISTA_FUERTE 78.78 | ACCION: CALL_RESISTENCIA_CERCA_SIN_RUPTURA
RANKING DE SEÑALES:
EURCAD-OTC | call | continuación alcista con tendencia | puntaje: 11 | prioridad: 2 | consenso: 50.0 MEDIO | score final: 52
CONTEXTO FINAL: EURCAD-OTC call continuación alcista con tendencia | MERCADO: TENDENCIA_ALCISTA | CALIDAD: NORMAL 72 | TENDENCIA: ALCISTA_FUERTE 81.91 | ACCION: CALL_RESISTENCIA_CERCA_SIN_RUPTURA
Progreso: 1750 / 2818
RANKING DE SEÑALES:
EURCAD-OTC | call | reacción compradora en soporte | puntaje: 20 | prioridad: 4 | consenso: 50.0 MEDIO | score final: 138
EURCAD-OTC | call | pullback alcista a EMA | puntaje: 16 | prioridad: 3 | consenso: 50.0 MEDIO | score final: 105
EURCAD-OTC | call | continuación alcista con tendencia | puntaje: 13 | prioridad: 2 | consenso: 50.0 MEDIO | score final: 56
CONTEXTO FINAL: EURCAD-OTC call reacción compradora en soporte | MERCADO: TENDENCIA_ALCISTA | CALIDAD: NORMAL 70 | TENDENCIA: ALCISTA_NORMAL 68.57 | ACCION: CALL_ZONA_NEUTRA
CONTEXTO FINAL: EURCAD-OTC call pullback alcista a EMA | MERCADO: TENDENCIA_ALCISTA | CALIDAD: NORMAL 70 | TENDENCIA: ALCISTA_NORMAL 68.57 | ACCION: CALL_ZONA_NEUTRA
CONTEXTO FINAL: EURCAD-OTC call continuación alcista con tendencia | MERCADO: TENDENCIA_ALCISTA | CALIDAD: NORMAL 70 | TENDENCIA: ALCISTA_NORMAL 68.57 | ACCION: CALL_ZONA_NEUTRA
RANKING DE SEÑALES:
EURCAD-OTC | call | continuación alcista con tendencia | puntaje: 11 | prioridad: 2 | consenso: 50.0 MEDIO | score final: 62
CONTEXTO FINAL: EURCAD-OTC call continuación alcista con tendencia | MERCADO: RANGO | CALIDAD: NORMAL 68 | TENDENCIA: ALCISTA_NORMAL 51.75 | ACCION: CALL_RESISTENCIA_CERCA_SIN_RUPTURA
RANKING DE SEÑALES:
JUPUSD-OTC | call | CHOCH alcista | puntaje: 19 | prioridad: 3 | consenso: 50.0 MEDIO | score final: 131
JUPUSD-OTC | call | continuación alcista con tendencia | puntaje: 11 | prioridad: 2 | consenso: 50.0 MEDIO | score final: 52
CONTEXTO FINAL: JUPUSD-OTC call CHOCH alcista | MERCADO: TENDENCIA_ALCISTA | CALIDAD: NORMAL 60 | TENDENCIA: ALCISTA_FUERTE 71.38 | ACCION: CALL_RESISTENCIA_CERCA_SIN_RUPTURA
CONTEXTO FINAL: JUPUSD-OTC call continuación alcista con tendencia | MERCADO: TENDENCIA_ALCISTA | CALIDAD: NORMAL 60 | TENDENCIA: ALCISTA_FUERTE 71.38 | ACCION: CALL_RESISTENCIA_CERCA_SIN_RUPTURA
RANKING DE SEÑALES:
JUPUSD-OTC | call | continuación alcista con tendencia | puntaje: 11 | prioridad: 2 | consenso: 50.0 MEDIO | score final: 52
CONTEXTO FINAL: JUPUSD-OTC call continuación alcista con tendencia | MERCADO: TENDENCIA_ALCISTA | CALIDAD: NORMAL 60 | TENDENCIA: ALCISTA_NORMAL 68.24 | ACCION: CALL_RESISTENCIA_CERCA_SIN_RUPTURA
RANKING DE SEÑALES:
AUS200-OTC | call | continuación alcista con tendencia | puntaje: 11 | prioridad: 2 | consenso: 50.0 MEDIO | score final: 52
CONTEXTO FINAL: AUS200-OTC call continuación alcista con tendencia | MERCADO: TENDENCIA_ALCISTA | CALIDAD: NORMAL 74 | TENDENCIA: ALCISTA_FUERTE 78.1 | ACCION: ABSORCION_VENDEDORA
RANKING DE SEÑALES:
AUS200-OTC | call | continuación alcista con tendencia | puntaje: 11 | prioridad: 2 | consenso: 50.0 MEDIO | score final: 62
CONTEXTO FINAL: AUS200-OTC call continuación alcista con tendencia | MERCADO: TENDENCIA_ALCISTA | CALIDAD: LIMPIO 76 | TENDENCIA: ALCISTA_FUERTE 73.3 | ACCION: ABSORCION_VENDEDORA
RANKING DE SEÑALES:
AUS200-OTC | put | liquidity sweep bajista | puntaje: 22 | prioridad: 4 | consenso: 50.0 MEDIO | score final: 212
AUS200-OTC | call | continuación alcista con tendencia | puntaje: 11 | prioridad: 2 | consenso: 50.0 MEDIO | score final: 52
CONTEXTO FINAL: AUS200-OTC put liquidity sweep bajista | MERCADO: TENDENCIA_ALCISTA | CALIDAD: NORMAL 74 | TENDENCIA: ALCISTA_FUERTE 72.99 | ACCION: RECHAZO_VENDEDOR_RESISTENCIA
CONTEXTO FINAL: AUS200-OTC call continuación alcista con tendencia | MERCADO: TENDENCIA_ALCISTA | CALIDAD: NORMAL 74 | TENDENCIA: ALCISTA_FUERTE 72.99 | ACCION: ABSORCION_VENDEDORA
RANKING DE SEÑALES:
EURUSD-OTC | call | continuación alcista con tendencia | puntaje: 11 | prioridad: 2 | consenso: 50.0 MEDIO | score final: 62
CONTEXTO FINAL: EURUSD-OTC call continuación alcista con tendencia | MERCADO: TENDENCIA_ALCISTA | CALIDAD: NORMAL 55 | TENDENCIA: ALCISTA_NORMAL 53.62 | ACCION: CALL_RESISTENCIA_CERCA_SIN_RUPTURA
Progreso: 1775 / 2818
RANKING DE SEÑALES:
EURUSD-OTC | call | continuación alcista con tendencia | puntaje: 11 | prioridad: 2 | consenso: 50.0 MEDIO | score final: 52
CONTEXTO FINAL: EURUSD-OTC call continuación alcista con tendencia | MERCADO: TENDENCIA_ALCISTA | CALIDAD: NORMAL 64 | TENDENCIA: ALCISTA_NORMAL 66.75 | ACCION: CALL_RESISTENCIA_CERCA_SIN_RUPTURA
RANKING DE SEÑALES:
EURUSD-OTC | call | CHOCH alcista | puntaje: 19 | prioridad: 3 | consenso: 50.0 MEDIO | score final: 131
EURUSD-OTC | call | continuación alcista con tendencia | puntaje: 11 | prioridad: 2 | consenso: 50.0 MEDIO | score final: 52
CONTEXTO FINAL: EURUSD-OTC call CHOCH alcista | MERCADO: TENDENCIA_ALCISTA | CALIDAD: NORMAL 66 | TENDENCIA: ALCISTA_FUERTE 73.6 | ACCION: CALL_RESISTENCIA_CERCA_SIN_RUPTURA
CONTEXTO FINAL: EURUSD-OTC call continuación alcista con tendencia | MERCADO: TENDENCIA_ALCISTA | CALIDAD: NORMAL 66 | TENDENCIA: ALCISTA_FUERTE 73.6 | ACCION: CALL_RESISTENCIA_CERCA_SIN_RUPTURA
RANKING DE SEÑALES:
EURUSD-OTC | call | continuación alcista con tendencia | puntaje: 11 | prioridad: 2 | consenso: 50.0 MEDIO | score final: 52
CONTEXTO FINAL: EURUSD-OTC call continuación alcista con tendencia | MERCADO: TENDENCIA_ALCISTA | CALIDAD: NORMAL 68 | TENDENCIA: ALCISTA_NORMAL 66.84 | ACCION: CALL_RESISTENCIA_CERCA_SIN_RUPTURA
RANKING DE SEÑALES:
CANNABIS-OTC | put | liquidity sweep bajista | puntaje: 22 | prioridad: 4 | consenso: 50.0 MEDIO | score final: 200
CANNABIS-OTC | put | reacción vendedora en resistencia | puntaje: 20 | prioridad: 4 | consenso: 50.0 MEDIO | score final: 148
CONTEXTO FINAL: CANNABIS-OTC put liquidity sweep bajista | MERCADO: TENDENCIA_ALCISTA | CALIDAD: NORMAL 66 | TENDENCIA: ALCISTA_FUERTE 72.14 | ACCION: PUT_ZONA_NEUTRA
CONTEXTO FINAL: CANNABIS-OTC put reacción vendedora en resistencia | MERCADO: TENDENCIA_ALCISTA | CALIDAD: NORMAL 66 | TENDENCIA: ALCISTA_FUERTE 72.14 | ACCION: PUT_ZONA_NEUTRA
RANKING DE SEÑALES:
USNDAQ100-OTC | put | pullback bajista a EMA | puntaje: 16 | prioridad: 3 | consenso: 50.0 MEDIO | score final: 97
CONTEXTO FINAL: USNDAQ100-OTC put pullback bajista a EMA | MERCADO: TENDENCIA_BAJISTA | CALIDAD: NORMAL 61 | TENDENCIA: BAJISTA_NORMAL 54.92 | ACCION: PUT_SOPORTE_CERCA_SIN_RUPTURA
RANKING DE SEÑALES:
AUS200-OTC | call | CHOCH alcista | puntaje: 21 | prioridad: 4 | consenso: 50.0 MEDIO | score final: 148
CONTEXTO FINAL: AUS200-OTC call CHOCH alcista | MERCADO: TENDENCIA_ALCISTA | CALIDAD: NORMAL 68 | TENDENCIA: ALCISTA_NORMAL 56.66 | ACCION: ABSORCION_VENDEDORA
RANKING DE SEÑALES:
AUS200-OTC | call | CHOCH alcista | puntaje: 19 | prioridad: 3 | consenso: 50.0 MEDIO | score final: 131
CONTEXTO FINAL: AUS200-OTC call CHOCH alcista | MERCADO: TENDENCIA_ALCISTA | CALIDAD: NORMAL 70 | TENDENCIA: ALCISTA_NORMAL 59.23 | ACCION: CALL_RESISTENCIA_CERCA_SIN_RUPTURA
RANKING DE SEÑALES:
USNDAQ100-OTC | put | pullback bajista a EMA | puntaje: 16 | prioridad: 3 | consenso: 50.0 MEDIO | score final: 107
CONTEXTO FINAL: USNDAQ100-OTC put pullback bajista a EMA | MERCADO: TENDENCIA_BAJISTA | CALIDAD: NORMAL 59 | TENDENCIA: BAJISTA_NORMAL 52.45 | ACCION: PUT_SOPORTE_CERCA_SIN_RUPTURA
Progreso: 1800 / 2818
RANKING DE SEÑALES:
NIKE-OTC | put | pullback bajista a EMA | puntaje: 17 | prioridad: 3 | consenso: 50.0 MEDIO | score final: 109
CONTEXTO FINAL: NIKE-OTC put pullback bajista a EMA | MERCADO: TENDENCIA_BAJISTA | CALIDAD: NORMAL 55 | TENDENCIA: BAJISTA_NORMAL 54.77 | ACCION: PUT_SOPORTE_CERCA_SIN_RUPTURA
Ronda: 1800 Señales: 1
RANKING DE SEÑALES:
AUS200-OTC | call | pullback alcista a EMA | puntaje: 17 | prioridad: 3 | consenso: 50.0 MEDIO | score final: 117
CONTEXTO FINAL: AUS200-OTC call pullback alcista a EMA | MERCADO: TENDENCIA_ALCISTA | CALIDAD: NORMAL 63 | TENDENCIA: ALCISTA_DEBIL 49.8 | ACCION: CALL_RESISTENCIA_CERCA_SIN_RUPTURA
RANKING DE SEÑALES:
CHFJPY-OTC | call | liquidity sweep alcista | puntaje: 22 | prioridad: 4 | consenso: 50.0 MEDIO | score final: 212
CANDIDATOS BOOTIQ V2: 1
CONTEXTO FINAL: CHFJPY-OTC call liquidity sweep alcista | MERCADO: TENDENCIA_BAJISTA | CALIDAD: NORMAL 72 | TENDENCIA: BAJISTA_FUERTE 72.23 | ACCION: RECHAZO_COMPRADOR_SOPORTE
RANKING DE SEÑALES:
CANNABIS-OTC | put | liquidity sweep bajista | puntaje: 24 | prioridad: 4 | consenso: 50.0 MEDIO | score final: 214
CONTEXTO FINAL: CANNABIS-OTC put liquidity sweep bajista | MERCADO: TENDENCIA_ALCISTA | CALIDAD: NORMAL 57 | TENDENCIA: ALCISTA_NORMAL 60.61 | ACCION: PUT_SOPORTE_CERCA_SIN_RUPTURA
Progreso: 1825 / 2818
RANKING DE SEÑALES:
CANNABIS-OTC | put | pullback bajista a EMA | puntaje: 20 | prioridad: 4 | consenso: 50.0 MEDIO | score final: 140
CONTEXTO FINAL: CANNABIS-OTC put pullback bajista a EMA | MERCADO: TENDENCIA_BAJISTA | CALIDAD: NORMAL 71 | TENDENCIA: BAJISTA_FUERTE 73.21 | ACCION: RECHAZO_VENDEDOR_RESISTENCIA
RANKING DE SEÑALES:
CANNABIS-OTC | put | pullback bajista a EMA | puntaje: 16 | prioridad: 3 | consenso: 50.0 MEDIO | score final: 97
CONTEXTO FINAL: CANNABIS-OTC put pullback bajista a EMA | MERCADO: TENDENCIA_BAJISTA | CALIDAD: NORMAL 62 | TENDENCIA: BAJISTA_NORMAL 67.37 | ACCION: PUT_SOPORTE_CERCA_SIN_RUPTURA
RANKING DE SEÑALES:
NZDCAD-OTC | call | continuación alcista con tendencia | puntaje: 11 | prioridad: 2 | consenso: 50.0 MEDIO | score final: 52
CONTEXTO FINAL: NZDCAD-OTC call continuación alcista con tendencia | MERCADO: TENDENCIA_ALCISTA | CALIDAD: NORMAL 73 | TENDENCIA: ALCISTA_FUERTE 71.15 | ACCION: CALL_RESISTENCIA_CERCA_SIN_RUPTURA
RANKING DE SEÑALES:
CANNABIS-OTC | call | liquidity sweep alcista | puntaje: 26 | prioridad: 4 | consenso: 50.0 MEDIO | score final: 230
CANDIDATOS BOOTIQ V2: 1
CONTEXTO FINAL: CANNABIS-OTC call liquidity sweep alcista | MERCADO: TENDENCIA_BAJISTA | CALIDAD: NORMAL 56 | TENDENCIA: BAJISTA_NORMAL 52.33 | ACCION: RECHAZO_COMPRADOR_SOPORTE
RANKING DE SEÑALES:
NZDCAD-OTC | call | continuación alcista con tendencia | puntaje: 11 | prioridad: 2 | consenso: 50.0 MEDIO | score final: 52
CONTEXTO FINAL: NZDCAD-OTC call continuación alcista con tendencia | MERCADO: TENDENCIA_ALCISTA | CALIDAD: LIMPIO 75 | TENDENCIA: ALCISTA_FUERTE 86.9 | ACCION: CALL_RESISTENCIA_CERCA_SIN_RUPTURA
RANKING DE SEÑALES:
NZDCAD-OTC | call | continuación alcista con tendencia | puntaje: 11 | prioridad: 2 | consenso: 50.0 MEDIO | score final: 52
CONTEXTO FINAL: NZDCAD-OTC call continuación alcista con tendencia | MERCADO: TENDENCIA_ALCISTA | CALIDAD: LIMPIO 82 | TENDENCIA: ALCISTA_FUERTE 74.83 | ACCION: CALL_RESISTENCIA_CERCA_SIN_RUPTURA
RANKING DE SEÑALES:
NZDCAD-OTC | put | liquidity sweep bajista | puntaje: 22 | prioridad: 4 | consenso: 50.0 MEDIO | score final: 212
CONTEXTO FINAL: NZDCAD-OTC put liquidity sweep bajista | MERCADO: TENDENCIA_ALCISTA | CALIDAD: LIMPIO 75 | TENDENCIA: ALCISTA_FUERTE 71.8 | ACCION: RECHAZO_VENDEDOR_RESISTENCIA
RANKING DE SEÑALES:
NZDCAD-OTC | call | continuación alcista con tendencia | puntaje: 14 | prioridad: 3 | consenso: 50.0 MEDIO | score final: 63
CONTEXTO FINAL: NZDCAD-OTC call continuación alcista con tendencia | MERCADO: TENDENCIA_ALCISTA | CALIDAD: NORMAL 66 | TENDENCIA: ALCISTA_NORMAL 62.82 | ACCION: ABSORCION_VENDEDORA
Progreso: 1850 / 2818
RANKING DE SEÑALES:
EURUSD-OTC | put | reacción vendedora en resistencia | puntaje: 18 | prioridad: 0 | consenso: 50.0 MEDIO | score final: 134
CONTEXTO FINAL: EURUSD-OTC put reacción vendedora en resistencia | MERCADO: TENDENCIA_ALCISTA | CALIDAD: NORMAL 63 | TENDENCIA: ALCISTA_NORMAL 55.16 | ACCION: PUT_ZONA_NEUTRA
RANKING DE SEÑALES:
EURUSD-OTC | call | liquidity sweep alcista | puntaje: 25 | prioridad: 4 | consenso: 50.0 MEDIO | score final: 216
CANDIDATOS BOOTIQ V2: 1
CONTEXTO FINAL: EURUSD-OTC call liquidity sweep alcista | MERCADO: TENDENCIA_BAJISTA | CALIDAD: NORMAL 63 | TENDENCIA: BAJISTA_DEBIL 47.18 | ACCION: CALL_RESISTENCIA_CERCA_SIN_RUPTURA
Progreso: 1875 / 2818
RANKING DE SEÑALES:
AUS200-OTC | put | liquidity sweep bajista | puntaje: 22 | prioridad: 4 | consenso: 50.0 MEDIO | score final: 200
CONTEXTO FINAL: AUS200-OTC put liquidity sweep bajista | MERCADO: TENDENCIA_ALCISTA | CALIDAD: NORMAL 60 | TENDENCIA: ALCISTA_FUERTE 71.29 | ACCION: PUT_SOPORTE_CERCA_SIN_RUPTURA
RANKING DE SEÑALES:
EURUSD-OTC | call | liquidity sweep alcista | puntaje: 22 | prioridad: 4 | consenso: 50.0 MEDIO | score final: 200
CANDIDATOS BOOTIQ V2: 1
CONTEXTO FINAL: EURUSD-OTC call liquidity sweep alcista | MERCADO: TENDENCIA_BAJISTA | CALIDAD: NORMAL 74 | TENDENCIA: BAJISTA_FUERTE 75.08 | ACCION: CALL_RESISTENCIA_CERCA_SIN_RUPTURA
RANKING DE SEÑALES:
EURCAD-OTC | call | pullback alcista a EMA | puntaje: 16 | prioridad: 3 | consenso: 50.0 MEDIO | score final: 115
CONTEXTO FINAL: EURCAD-OTC call pullback alcista a EMA | MERCADO: TENDENCIA_ALCISTA | CALIDAD: NORMAL 63 | TENDENCIA: ALCISTA_DEBIL 48.21 | ACCION: ABSORCION_VENDEDORA
RANKING DE SEÑALES:
AUS200-OTC | call | pullback alcista a EMA | puntaje: 20 | prioridad: 4 | consenso: 50.0 MEDIO | score final: 126
CONTEXTO FINAL: AUS200-OTC call pullback alcista a EMA | MERCADO: TENDENCIA_ALCISTA | CALIDAD: NORMAL 60 | TENDENCIA: ALCISTA_NORMAL 61.46 | ACCION: CALL_RESISTENCIA_CERCA_SIN_RUPTURA
RANKING DE SEÑALES:
EURCAD-OTC | call | pullback alcista a EMA | puntaje: 20 | prioridad: 4 | consenso: 50.0 MEDIO | score final: 136
CONTEXTO FINAL: EURCAD-OTC call pullback alcista a EMA | MERCADO: TENDENCIA_ALCISTA | CALIDAD: NORMAL 61 | TENDENCIA: ALCISTA_NORMAL 55.55 | ACCION: ABSORCION_VENDEDORA
RANKING DE SEÑALES:
AUS200-OTC | put | CHOCH bajista | puntaje: 22 | prioridad: 4 | consenso: 50.0 MEDIO | score final: 150
AUS200-OTC | put | pullback bajista a EMA | puntaje: 19 | prioridad: 4 | consenso: 50.0 MEDIO | score final: 116
CONTEXTO FINAL: AUS200-OTC put CHOCH bajista | MERCADO: TENDENCIA_BAJISTA | CALIDAD: NORMAL 59 | TENDENCIA: BAJISTA_NORMAL 54.21 | ACCION: ABSORCION_COMPRADORA
CONTEXTO FINAL: AUS200-OTC put pullback bajista a EMA | MERCADO: TENDENCIA_BAJISTA | CALIDAD: NORMAL 59 | TENDENCIA: BAJISTA_NORMAL 54.21 | ACCION: ABSORCION_COMPRADORA
RANKING DE SEÑALES:
CANNABIS-OTC | put | pullback bajista a EMA | puntaje: 19 | prioridad: 4 | consenso: 50.0 MEDIO | score final: 126
CONTEXTO FINAL: CANNABIS-OTC put pullback bajista a EMA | MERCADO: TENDENCIA_BAJISTA | CALIDAD: NORMAL 73 | TENDENCIA: BAJISTA_FUERTE 75.05 | ACCION: ABSORCION_COMPRADORA
RANKING DE SEÑALES:
CANNABIS-OTC | put | pullback bajista a EMA | puntaje: 16 | prioridad: 3 | consenso: 50.0 MEDIO | score final: 107
CANNABIS-OTC | put | continuación bajista con tendencia | puntaje: 13 | prioridad: 2 | consenso: 50.0 MEDIO | score final: 66
CONTEXTO FINAL: CANNABIS-OTC put pullback bajista a EMA | MERCADO: TENDENCIA_BAJISTA | CALIDAD: NORMAL 70 | TENDENCIA: BAJISTA_NORMAL 54.9 | ACCION: ABSORCION_COMPRADORA
CONTEXTO FINAL: CANNABIS-OTC put continuación bajista con tendencia | MERCADO: TENDENCIA_BAJISTA | CALIDAD: NORMAL 70 | TENDENCIA: BAJISTA_NORMAL 54.9 | ACCION: ABSORCION_COMPRADORA
RANKING DE SEÑALES:
EURCAD-OTC | put | liquidity sweep bajista | puntaje: 25 | prioridad: 4 | consenso: 50.0 MEDIO | score final: 216
EURCAD-OTC | put | pullback bajista a EMA | puntaje: 17 | prioridad: 3 | consenso: 50.0 MEDIO | score final: 109
CONTEXTO FINAL: EURCAD-OTC put liquidity sweep bajista | MERCADO: TENDENCIA_BAJISTA | CALIDAD: NORMAL 65 | TENDENCIA: BAJISTA_DEBIL 43.24 | ACCION: PUT_SOPORTE_CERCA_SIN_RUPTURA
CONTEXTO FINAL: EURCAD-OTC put pullback bajista a EMA | MERCADO: TENDENCIA_BAJISTA | CALIDAD: NORMAL 65 | TENDENCIA: BAJISTA_DEBIL 43.24 | ACCION: PUT_SOPORTE_CERCA_SIN_RUPTURA
Progreso: 1900 / 2818
RANKING DE SEÑALES:
CASINOS-OTC | call | liquidity sweep alcista | puntaje: 22 | prioridad: 4 | consenso: 50.0 MEDIO | score final: 190
CANDIDATOS BOOTIQ V2: 1
CONTEXTO FINAL: CASINOS-OTC call liquidity sweep alcista | MERCADO: TENDENCIA_BAJISTA | CALIDAD: NORMAL 66 | TENDENCIA: BAJISTA_FUERTE 82.73 | ACCION: CALL_RESISTENCIA_CERCA_SIN_RUPTURA
Ronda: 1900 Señales: 1
RANKING DE SEÑALES:
CASINOS-OTC | put | pullback bajista a EMA | puntaje: 18 | prioridad: 4 | consenso: 50.0 MEDIO | score final: 114
CONTEXTO FINAL: CASINOS-OTC put pullback bajista a EMA | MERCADO: TENDENCIA_BAJISTA | CALIDAD: NORMAL 61 | TENDENCIA: BAJISTA_FUERTE 77.37 | ACCION: PUT_SOPORTE_CERCA_SIN_RUPTURA
Progreso: 1925 / 2818
RANKING DE SEÑALES:
JUPUSD-OTC | put | CHOCH bajista | puntaje: 21 | prioridad: 4 | consenso: 50.0 MEDIO | score final: 148
CONTEXTO FINAL: JUPUSD-OTC put CHOCH bajista | MERCADO: TENDENCIA_BAJISTA | CALIDAD: NORMAL 56 | TENDENCIA: BAJISTA_NORMAL 50.64 | ACCION: ABSORCION_COMPRADORA
RANKING DE SEÑALES:
EURUSD-OTC | put | pullback bajista a EMA | puntaje: 16 | prioridad: 3 | consenso: 50.0 MEDIO | score final: 107
CONTEXTO FINAL: EURUSD-OTC put pullback bajista a EMA | MERCADO: TENDENCIA_BAJISTA | CALIDAD: NORMAL 65 | TENDENCIA: BAJISTA_DEBIL 41.96 | ACCION: PUT_SOPORTE_CERCA_SIN_RUPTURA
RANKING DE SEÑALES:
JUPUSD-OTC | put | pullback bajista a EMA | puntaje: 20 | prioridad: 4 | consenso: 50.0 MEDIO | score final: 130
CONTEXTO FINAL: JUPUSD-OTC put pullback bajista a EMA | MERCADO: TENDENCIA_BAJISTA | CALIDAD: NORMAL 57 | TENDENCIA: BAJISTA_NORMAL 63.14 | ACCION: ABSORCION_COMPRADORA
RANKING DE SEÑALES:
EURUSD-OTC | call | liquidity sweep alcista | puntaje: 22 | prioridad: 4 | consenso: 50.0 MEDIO | score final: 202
EURUSD-OTC | put | continuación bajista con tendencia | puntaje: 11 | prioridad: 2 | consenso: 50.0 MEDIO | score final: 62
CANDIDATOS BOOTIQ V2: 1
CONTEXTO FINAL: EURUSD-OTC call liquidity sweep alcista | MERCADO: TENDENCIA_BAJISTA | CALIDAD: NORMAL 60 | TENDENCIA: BAJISTA_NORMAL 50.3 | ACCION: RECHAZO_COMPRADOR_SOPORTE
CONTEXTO FINAL: EURUSD-OTC put continuación bajista con tendencia | MERCADO: TENDENCIA_BAJISTA | CALIDAD: NORMAL 60 | TENDENCIA: BAJISTA_NORMAL 50.3 | ACCION: ABSORCION_COMPRADORA
RANKING DE SEÑALES:
NIKE-OTC | call | continuación alcista con tendencia | puntaje: 13 | prioridad: 2 | consenso: 50.0 MEDIO | score final: 56
CONTEXTO FINAL: NIKE-OTC call continuación alcista con tendencia | MERCADO: TENDENCIA_ALCISTA | CALIDAD: NORMAL 59 | TENDENCIA: ALCISTA_NORMAL 57.0 | ACCION: ABSORCION_VENDEDORA
RANKING DE SEÑALES:
NIKE-OTC | put | liquidity sweep bajista | puntaje: 22 | prioridad: 4 | consenso: 50.0 MEDIO | score final: 200
NIKE-OTC | call | continuación alcista con tendencia | puntaje: 11 | prioridad: 2 | consenso: 50.0 MEDIO | score final: 62
CONTEXTO FINAL: NIKE-OTC put liquidity sweep bajista | MERCADO: TENDENCIA_ALCISTA | CALIDAD: NORMAL 59 | TENDENCIA: ALCISTA_NORMAL 53.92 | ACCION: PUT_SOPORTE_CERCA_SIN_RUPTURA
CONTEXTO FINAL: NIKE-OTC call continuación alcista con tendencia | MERCADO: TENDENCIA_ALCISTA | CALIDAD: NORMAL 59 | TENDENCIA: ALCISTA_NORMAL 53.92 | ACCION: ABSORCION_VENDEDORA
RANKING DE SEÑALES:
NIKE-OTC | call | continuación alcista con tendencia | puntaje: 11 | prioridad: 2 | consenso: 50.0 MEDIO | score final: 52
CONTEXTO FINAL: NIKE-OTC call continuación alcista con tendencia | MERCADO: TENDENCIA_ALCISTA | CALIDAD: NORMAL 61 | TENDENCIA: ALCISTA_FUERTE 71.69 | ACCION: ABSORCION_VENDEDORA
RANKING DE SEÑALES:
NIKE-OTC | call | continuación alcista con tendencia | puntaje: 13 | prioridad: 2 | consenso: 50.0 MEDIO | score final: 66
CONTEXTO FINAL: NIKE-OTC call continuación alcista con tendencia | MERCADO: TENDENCIA_ALCISTA | CALIDAD: NORMAL 63 | TENDENCIA: ALCISTA_NORMAL 57.86 | ACCION: ABSORCION_VENDEDORA
RANKING DE SEÑALES:
CANNABIS-OTC | put | CHOCH bajista | puntaje: 16 | prioridad: 3 | consenso: 50.0 MEDIO | score final: 135
CONTEXTO FINAL: CANNABIS-OTC put CHOCH bajista | MERCADO: TENDENCIA_BAJISTA | CALIDAD: NORMAL 61 | TENDENCIA: BAJISTA_NORMAL 61.34 | ACCION: ABSORCION_COMPRADORA
Progreso: 1950 / 2818
RANKING DE SEÑALES:
CANNABIS-OTC | call | liquidity sweep alcista | puntaje: 25 | prioridad: 3 | consenso: 50.0 MEDIO | score final: 211
CANDIDATOS BOOTIQ V2: 1
CONTEXTO FINAL: CANNABIS-OTC call liquidity sweep alcista | MERCADO: TENDENCIA_BAJISTA | CALIDAD: NORMAL 66 | TENDENCIA: BAJISTA_NORMAL 50.27 | ACCION: CALL_RESISTENCIA_CERCA_SIN_RUPTURA
RANKING DE SEÑALES:
AUS200-OTC | put | liquidity sweep bajista | puntaje: 20 | prioridad: 4 | consenso: 50.0 MEDIO | score final: 186
CONTEXTO FINAL: AUS200-OTC put liquidity sweep bajista | MERCADO: TENDENCIA_ALCISTA | CALIDAD: NORMAL 57 | TENDENCIA: ALCISTA_NORMAL 65.89 | ACCION: PUT_SOPORTE_CERCA_SIN_RUPTURA
RANKING DE SEÑALES:
CANNABIS-OTC | put | pullback bajista a EMA | puntaje: 17 | prioridad: 3 | consenso: 50.0 MEDIO | score final: 109
CONTEXTO FINAL: CANNABIS-OTC put pullback bajista a EMA | MERCADO: TENDENCIA_BAJISTA | CALIDAD: NORMAL 60 | TENDENCIA: BAJISTA_NORMAL 52.18 | ACCION: PUT_SOPORTE_CERCA_SIN_RUPTURA
RANKING DE SEÑALES:
EURCAD-OTC | put | CHOCH bajista | puntaje: 21 | prioridad: 4 | consenso: 50.0 MEDIO | score final: 158
EURCAD-OTC | put | pullback bajista a EMA | puntaje: 19 | prioridad: 4 | consenso: 50.0 MEDIO | score final: 126
CONTEXTO FINAL: EURCAD-OTC put CHOCH bajista | MERCADO: TENDENCIA_BAJISTA | CALIDAD: NORMAL 62 | TENDENCIA: BAJISTA_NORMAL 61.74 | ACCION: PUT_SOPORTE_CERCA_SIN_RUPTURA
CONTEXTO FINAL: EURCAD-OTC put pullback bajista a EMA | MERCADO: TENDENCIA_BAJISTA | CALIDAD: NORMAL 62 | TENDENCIA: BAJISTA_NORMAL 61.74 | ACCION: PUT_SOPORTE_CERCA_SIN_RUPTURA
RANKING DE SEÑALES:
CASINOS-OTC | call | liquidity sweep alcista | puntaje: 23 | prioridad: 3 | consenso: 50.0 MEDIO | score final: 207
CANDIDATOS BOOTIQ V2: 1
CONTEXTO FINAL: CASINOS-OTC call liquidity sweep alcista | MERCADO: TENDENCIA_BAJISTA | CALIDAD: NORMAL 57 | TENDENCIA: BAJISTA_NORMAL 69.71 | ACCION: CALL_RESISTENCIA_CERCA_SIN_RUPTURA
Progreso: 1975 / 2818
RANKING DE SEÑALES:
NZDCAD-OTC | put | pullback bajista a EMA | puntaje: 16 | prioridad: 3 | consenso: 50.0 MEDIO | score final: 109
CONTEXTO FINAL: NZDCAD-OTC put pullback bajista a EMA | MERCADO: TENDENCIA_BAJISTA | CALIDAD: NORMAL 65 | TENDENCIA: BAJISTA_DEBIL 48.86 | ACCION: PUT_SOPORTE_CERCA_SIN_RUPTURA
RANKING DE SEÑALES:
AUS200-OTC | call | continuación alcista con tendencia | puntaje: 13 | prioridad: 2 | consenso: 50.0 MEDIO | score final: 56
CONTEXTO FINAL: AUS200-OTC call continuación alcista con tendencia | MERCADO: TENDENCIA_ALCISTA | CALIDAD: NORMAL 72 | TENDENCIA: ALCISTA_NORMAL 58.42 | ACCION: CALL_RESISTENCIA_CERCA_SIN_RUPTURA
RANKING DE SEÑALES:
AUS200-OTC | call | CHOCH alcista | puntaje: 19 | prioridad: 3 | consenso: 50.0 MEDIO | score final: 131
AUS200-OTC | call | continuación alcista con tendencia | puntaje: 11 | prioridad: 2 | consenso: 50.0 MEDIO | score final: 52
CONTEXTO FINAL: AUS200-OTC call CHOCH alcista | MERCADO: TENDENCIA_ALCISTA | CALIDAD: NORMAL 72 | TENDENCIA: ALCISTA_NORMAL 68.81 | ACCION: CALL_RESISTENCIA_CERCA_SIN_RUPTURA
CONTEXTO FINAL: AUS200-OTC call continuación alcista con tendencia | MERCADO: TENDENCIA_ALCISTA | CALIDAD: NORMAL 72 | TENDENCIA: ALCISTA_NORMAL 68.81 | ACCION: CALL_RESISTENCIA_CERCA_SIN_RUPTURA
RANKING DE SEÑALES:
AUS200-OTC | call | continuación alcista con tendencia | puntaje: 11 | prioridad: 2 | consenso: 50.0 MEDIO | score final: 52
CONTEXTO FINAL: AUS200-OTC call continuación alcista con tendencia | MERCADO: TENDENCIA_ALCISTA | CALIDAD: NORMAL 70 | TENDENCIA: ALCISTA_NORMAL 66.49 | ACCION: CALL_RESISTENCIA_CERCA_SIN_RUPTURA
Progreso: 2000 / 2818
RANKING DE SEÑALES:
AUS200-OTC | call | continuación alcista con tendencia | puntaje: 11 | prioridad: 2 | consenso: 50.0 MEDIO | score final: 52
CONTEXTO FINAL: AUS200-OTC call continuación alcista con tendencia | MERCADO: TENDENCIA_ALCISTA | CALIDAD: NORMAL 70 | TENDENCIA: ALCISTA_FUERTE 71.14 | ACCION: CALL_RESISTENCIA_CERCA_SIN_RUPTURA
Ronda: 2000 Señales: 1
RANKING DE SEÑALES:
CANNABIS-OTC | put | pullback bajista a EMA | puntaje: 17 | prioridad: 3 | consenso: 50.0 MEDIO | score final: 109
CONTEXTO FINAL: CANNABIS-OTC put pullback bajista a EMA | MERCADO: TENDENCIA_BAJISTA | CALIDAD: NORMAL 70 | TENDENCIA: BAJISTA_NORMAL 59.52 | ACCION: PUT_SOPORTE_CERCA_SIN_RUPTURA
RANKING DE SEÑALES:
CASINOS-OTC | put | pullback bajista a EMA | puntaje: 16 | prioridad: 3 | consenso: 50.0 MEDIO | score final: 97
CONTEXTO FINAL: CASINOS-OTC put pullback bajista a EMA | MERCADO: TENDENCIA_BAJISTA | CALIDAD: NORMAL 73 | TENDENCIA: BAJISTA_FUERTE 75.1 | ACCION: PUT_SOPORTE_CERCA_SIN_RUPTURA
RANKING DE SEÑALES:
CASINOS-OTC | put | pullback bajista a EMA | puntaje: 16 | prioridad: 3 | consenso: 50.0 MEDIO | score final: 97
CASINOS-OTC | put | continuación bajista con tendencia | puntaje: 13 | prioridad: 2 | consenso: 50.0 MEDIO | score final: 56
CONTEXTO FINAL: CASINOS-OTC put pullback bajista a EMA | MERCADO: TENDENCIA_BAJISTA | CALIDAD: NORMAL 64 | TENDENCIA: BAJISTA_NORMAL 66.89 | ACCION: PUT_SOPORTE_CERCA_SIN_RUPTURA
CONTEXTO FINAL: CASINOS-OTC put continuación bajista con tendencia | MERCADO: TENDENCIA_BAJISTA | CALIDAD: NORMAL 64 | TENDENCIA: BAJISTA_NORMAL 66.89 | ACCION: PUT_SOPORTE_CERCA_SIN_RUPTURA
Progreso: 2025 / 2818
RANKING DE SEÑALES:
NZDCAD-OTC | call | pullback alcista a EMA | puntaje: 16 | prioridad: 3 | consenso: 50.0 MEDIO | score final: 115
CONTEXTO FINAL: NZDCAD-OTC call pullback alcista a EMA | MERCADO: TENDENCIA_ALCISTA | CALIDAD: NORMAL 65 | TENDENCIA: ALCISTA_NORMAL 57.08 | ACCION: CALL_RESISTENCIA_CERCA_SIN_RUPTURA
RANKING DE SEÑALES:
AUS200-OTC | put | CHOCH bajista | puntaje: 19 | prioridad: 3 | consenso: 50.0 MEDIO | score final: 131
CONTEXTO FINAL: AUS200-OTC put CHOCH bajista | MERCADO: TENDENCIA_BAJISTA | CALIDAD: LIMPIO 75 | TENDENCIA: BAJISTA_FUERTE 70.91 | ACCION: PUT_SOPORTE_CERCA_SIN_RUPTURA
RANKING DE SEÑALES:
AUS200-OTC | put | CHOCH bajista | puntaje: 21 | prioridad: 4 | consenso: 50.0 MEDIO | score final: 148
CONTEXTO FINAL: AUS200-OTC put CHOCH bajista | MERCADO: TENDENCIA_BAJISTA | CALIDAD: LIMPIO 77 | TENDENCIA: BAJISTA_NORMAL 68.12 | ACCION: PUT_SOPORTE_CERCA_SIN_RUPTURA
RANKING DE SEÑALES:
AUS200-OTC | call | liquidity sweep alcista | puntaje: 24 | prioridad: 4 | consenso: 50.0 MEDIO | score final: 226
CANDIDATOS BOOTIQ V2: 1
CONTEXTO FINAL: AUS200-OTC call liquidity sweep alcista | MERCADO: TENDENCIA_BAJISTA | CALIDAD: LIMPIO 75 | TENDENCIA: BAJISTA_NORMAL 55.52 | ACCION: RECHAZO_COMPRADOR_SOPORTE
RANKING DE SEÑALES:
NZDCAD-OTC | call | CHOCH alcista | puntaje: 19 | prioridad: 3 | consenso: 50.0 MEDIO | score final: 131
CONTEXTO FINAL: NZDCAD-OTC call CHOCH alcista | MERCADO: TENDENCIA_ALCISTA | CALIDAD: NORMAL 72 | TENDENCIA: ALCISTA_NORMAL 64.43 | ACCION: CALL_RESISTENCIA_CERCA_SIN_RUPTURA
RANKING DE SEÑALES:
AUS200-OTC | put | pullback bajista a EMA | puntaje: 19 | prioridad: 4 | consenso: 50.0 MEDIO | score final: 116
CONTEXTO FINAL: AUS200-OTC put pullback bajista a EMA | MERCADO: TENDENCIA_BAJISTA | CALIDAD: NORMAL 55 | TENDENCIA: BAJISTA_NORMAL 62.43 | ACCION: ABSORCION_COMPRADORA
RANKING DE SEÑALES:
AUS200-OTC | put | CHOCH bajista | puntaje: 17 | prioridad: 3 | consenso: 50.0 MEDIO | score final: 137
CONTEXTO FINAL: AUS200-OTC put CHOCH bajista | MERCADO: TENDENCIA_BAJISTA | CALIDAD: NORMAL 55 | TENDENCIA: BAJISTA_FUERTE 70.89 | ACCION: ABSORCION_COMPRADORA
RANKING DE SEÑALES:
AUS200-OTC | put | pullback bajista a EMA | puntaje: 16 | prioridad: 3 | consenso: 50.0 MEDIO | score final: 107
CONTEXTO FINAL: AUS200-OTC put pullback bajista a EMA | MERCADO: TENDENCIA_BAJISTA | CALIDAD: NORMAL 55 | TENDENCIA: BAJISTA_FUERTE 72.61 | ACCION: ABSORCION_COMPRADORA
RANKING DE SEÑALES:
CANNABIS-OTC | call | reacción compradora en soporte | puntaje: 18 | prioridad: 0 | consenso: 50.0 MEDIO | score final: 125
CONTEXTO FINAL: CANNABIS-OTC call reacción compradora en soporte | MERCADO: TENDENCIA_ALCISTA | CALIDAD: NORMAL 59 | TENDENCIA: ALCISTA_NORMAL 64.1 | ACCION: CALL_RESISTENCIA_CERCA_SIN_RUPTURA
Progreso: 2050 / 2818
RANKING DE SEÑALES:
CHFJPY-OTC | put | reacción vendedora en resistencia | puntaje: 18 | prioridad: 0 | consenso: 50.0 MEDIO | score final: 106
CONTEXTO FINAL: CHFJPY-OTC put reacción vendedora en resistencia | MERCADO: TENDENCIA_ALCISTA | CALIDAD: NORMAL 64 | TENDENCIA: ALCISTA_NORMAL 56.59 | ACCION: PUT_SOPORTE_CERCA_SIN_RUPTURA
RANKING DE SEÑALES:
AUS200-OTC | call | liquidity sweep alcista | puntaje: 23 | prioridad: 4 | consenso: 50.0 MEDIO | score final: 212
CANDIDATOS BOOTIQ V2: 1
CONTEXTO FINAL: AUS200-OTC call liquidity sweep alcista | MERCADO: TENDENCIA_BAJISTA | CALIDAD: NORMAL 57 | TENDENCIA: BAJISTA_NORMAL 56.13 | ACCION: CALL_ZONA_NEUTRA
RANKING DE SEÑALES:
CHFJPY-OTC | call | pullback alcista a EMA | puntaje: 16 | prioridad: 3 | consenso: 50.0 MEDIO | score final: 115
CONTEXTO FINAL: CHFJPY-OTC call pullback alcista a EMA | MERCADO: TENDENCIA_ALCISTA | CALIDAD: NORMAL 59 | TENDENCIA: ALCISTA_NORMAL 60.96 | ACCION: CALL_RESISTENCIA_CERCA_SIN_RUPTURA
RANKING DE SEÑALES:
USNDAQ100-OTC | put | pullback bajista a EMA | puntaje: 19 | prioridad: 4 | consenso: 50.0 MEDIO | score final: 126
USNDAQ100-OTC | put | continuación bajista con tendencia | puntaje: 14 | prioridad: 3 | consenso: 50.0 MEDIO | score final: 73
CONTEXTO FINAL: USNDAQ100-OTC put pullback bajista a EMA | MERCADO: TENDENCIA_BAJISTA | CALIDAD: NORMAL 60 | TENDENCIA: BAJISTA_FUERTE 72.16 | ACCION: ABSORCION_COMPRADORA
CONTEXTO FINAL: USNDAQ100-OTC put continuación bajista con tendencia | MERCADO: TENDENCIA_BAJISTA | CALIDAD: NORMAL 60 | TENDENCIA: BAJISTA_FUERTE 72.16 | ACCION: ABSORCION_COMPRADORA
Progreso: 2075 / 2818
RANKING DE SEÑALES:
JUPUSD-OTC | call | CHOCH alcista | puntaje: 19 | prioridad: 3 | consenso: 50.0 MEDIO | score final: 131
CONTEXTO FINAL: JUPUSD-OTC call CHOCH alcista | MERCADO: TENDENCIA_ALCISTA | CALIDAD: NORMAL 57 | TENDENCIA: ALCISTA_NORMAL 59.98 | ACCION: CALL_RESISTENCIA_CERCA_SIN_RUPTURA
RANKING DE SEÑALES:
JUPUSD-OTC | call | CHOCH alcista | puntaje: 21 | prioridad: 4 | consenso: 50.0 MEDIO | score final: 148
CONTEXTO FINAL: JUPUSD-OTC call CHOCH alcista | MERCADO: TENDENCIA_ALCISTA | CALIDAD: NORMAL 57 | TENDENCIA: ALCISTA_FUERTE 73.75 | ACCION: CALL_RESISTENCIA_CERCA_SIN_RUPTURA
RANKING DE SEÑALES:
USNDAQ100-OTC | put | continuación bajista con tendencia | puntaje: 11 | prioridad: 2 | consenso: 50.0 MEDIO | score final: 64
CONTEXTO FINAL: USNDAQ100-OTC put continuación bajista con tendencia | MERCADO: TENDENCIA_BAJISTA | CALIDAD: NORMAL 56 | TENDENCIA: BAJISTA_NORMAL 51.17 | ACCION: ABSORCION_COMPRADORA
Progreso: 2100 / 2818
RANKING DE SEÑALES:
CASINOS-OTC | call | CHOCH alcista | puntaje: 17 | prioridad: 3 | consenso: 50.0 MEDIO | score final: 137
CONTEXTO FINAL: CASINOS-OTC call CHOCH alcista | MERCADO: TENDENCIA_ALCISTA | CALIDAD: NORMAL 57 | TENDENCIA: ALCISTA_NORMAL 55.82 | ACCION: ABSORCION_VENDEDORA
Ronda: 2100 Señales: 1
RANKING DE SEÑALES:
NZDCAD-OTC | put | pullback bajista a EMA | puntaje: 16 | prioridad: 3 | consenso: 50.0 MEDIO | score final: 97
CONTEXTO FINAL: NZDCAD-OTC put pullback bajista a EMA | MERCADO: TENDENCIA_BAJISTA | CALIDAD: NORMAL 63 | TENDENCIA: BAJISTA_DEBIL 48.64 | ACCION: PUT_SOPORTE_CERCA_SIN_RUPTURA
RANKING DE SEÑALES:
CHFJPY-OTC | call | continuación alcista con tendencia | puntaje: 11 | prioridad: 2 | consenso: 50.0 MEDIO | score final: 52
CONTEXTO FINAL: CHFJPY-OTC call continuación alcista con tendencia | MERCADO: TENDENCIA_ALCISTA | CALIDAD: NORMAL 64 | TENDENCIA: ALCISTA_NORMAL 64.62 | ACCION: CALL_RESISTENCIA_CERCA_SIN_RUPTURA
RANKING DE SEÑALES:
CHFJPY-OTC | put | liquidity sweep bajista | puntaje: 22 | prioridad: 4 | consenso: 50.0 MEDIO | score final: 200
CHFJPY-OTC | put | reacción vendedora en resistencia | puntaje: 20 | prioridad: 4 | consenso: 50.0 MEDIO | score final: 148
CONTEXTO FINAL: CHFJPY-OTC put liquidity sweep bajista | MERCADO: TENDENCIA_ALCISTA | CALIDAD: NORMAL 66 | TENDENCIA: ALCISTA_NORMAL 54.27 | ACCION: PUT_ZONA_NEUTRA
CONTEXTO FINAL: CHFJPY-OTC put reacción vendedora en resistencia | MERCADO: TENDENCIA_ALCISTA | CALIDAD: NORMAL 66 | TENDENCIA: ALCISTA_NORMAL 54.27 | ACCION: PUT_ZONA_NEUTRA
RANKING DE SEÑALES:
AUS200-OTC | put | pullback bajista a EMA | puntaje: 16 | prioridad: 3 | consenso: 50.0 MEDIO | score final: 107
CONTEXTO FINAL: AUS200-OTC put pullback bajista a EMA | MERCADO: TENDENCIA_BAJISTA | CALIDAD: NORMAL 56 | TENDENCIA: BAJISTA_NORMAL 61.23 | ACCION: PUT_SOPORTE_CERCA_SIN_RUPTURA
RANKING DE SEÑALES:
NZDCAD-OTC | put | pullback bajista a EMA | puntaje: 16 | prioridad: 3 | consenso: 50.0 MEDIO | score final: 107
CONTEXTO FINAL: NZDCAD-OTC put pullback bajista a EMA | MERCADO: TENDENCIA_BAJISTA | CALIDAD: NORMAL 60 | TENDENCIA: BAJISTA_NORMAL 56.92 | ACCION: PUT_SOPORTE_CERCA_SIN_RUPTURA
RANKING DE SEÑALES:
USNDAQ100-OTC | put | pullback bajista a EMA | puntaje: 19 | prioridad: 4 | consenso: 50.0 MEDIO | score final: 126
CONTEXTO FINAL: USNDAQ100-OTC put pullback bajista a EMA | MERCADO: TENDENCIA_BAJISTA | CALIDAD: NORMAL 60 | TENDENCIA: BAJISTA_NORMAL 60.26 | ACCION: PUT_SOPORTE_CERCA_SIN_RUPTURA
RANKING DE SEÑALES:
USNDAQ100-OTC | put | pullback bajista a EMA | puntaje: 16 | prioridad: 3 | consenso: 50.0 MEDIO | score final: 97
CONTEXTO FINAL: USNDAQ100-OTC put pullback bajista a EMA | MERCADO: TENDENCIA_BAJISTA | CALIDAD: NORMAL 60 | TENDENCIA: BAJISTA_NORMAL 52.87 | ACCION: PUT_SOPORTE_CERCA_SIN_RUPTURA
RANKING DE SEÑALES:
AUS200-OTC | put | pullback bajista a EMA | puntaje: 16 | prioridad: 3 | consenso: 50.0 MEDIO | score final: 97
CONTEXTO FINAL: AUS200-OTC put pullback bajista a EMA | MERCADO: TENDENCIA_BAJISTA | CALIDAD: NORMAL 58 | TENDENCIA: BAJISTA_NORMAL 53.98 | ACCION: PUT_SOPORTE_CERCA_SIN_RUPTURA
RANKING DE SEÑALES:
AUS200-OTC | put | continuación bajista con tendencia | puntaje: 11 | prioridad: 2 | consenso: 50.0 MEDIO | score final: 52
CONTEXTO FINAL: AUS200-OTC put continuación bajista con tendencia | MERCADO: TENDENCIA_BAJISTA | CALIDAD: NORMAL 58 | TENDENCIA: BAJISTA_NORMAL 56.29 | ACCION: PUT_SOPORTE_CERCA_SIN_RUPTURA
RANKING DE SEÑALES:
USNDAQ100-OTC | put | reacción vendedora en resistencia | puntaje: 23 | prioridad: 0 | consenso: 50.0 MEDIO | score final: 145
USNDAQ100-OTC | put | pullback bajista a EMA | puntaje: 19 | prioridad: 4 | consenso: 50.0 MEDIO | score final: 135
CONTEXTO FINAL: USNDAQ100-OTC put reacción vendedora en resistencia | MERCADO: TENDENCIA_BAJISTA | CALIDAD: NORMAL 62 | TENDENCIA: BAJISTA_NORMAL 57.09 | ACCION: PUT_SOPORTE_CERCA_SIN_RUPTURA
CONTEXTO FINAL: USNDAQ100-OTC put pullback bajista a EMA | MERCADO: TENDENCIA_BAJISTA | CALIDAD: NORMAL 62 | TENDENCIA: BAJISTA_NORMAL 57.09 | ACCION: PUT_SOPORTE_CERCA_SIN_RUPTURA
RANKING DE SEÑALES:
USNDAQ100-OTC | put | CHOCH bajista | puntaje: 22 | prioridad: 4 | consenso: 50.0 MEDIO | score final: 162
CONTEXTO FINAL: USNDAQ100-OTC put CHOCH bajista | MERCADO: TENDENCIA_BAJISTA | CALIDAD: NORMAL 62 | TENDENCIA: BAJISTA_NORMAL 56.14 | ACCION: PUT_SOPORTE_CERCA_SIN_RUPTURA
RANKING DE SEÑALES:
CHFJPY-OTC | call | pullback alcista a EMA | puntaje: 17 | prioridad: 3 | consenso: 50.0 MEDIO | score final: 117
CONTEXTO FINAL: CHFJPY-OTC call pullback alcista a EMA | MERCADO: TENDENCIA_ALCISTA | CALIDAD: NORMAL 57 | TENDENCIA: ALCISTA_NORMAL 62.69 | ACCION: ABSORCION_VENDEDORA
Progreso: 2125 / 2818
RANKING DE SEÑALES:
EURCAD-OTC | put | pullback bajista a EMA | puntaje: 16 | prioridad: 3 | consenso: 50.0 MEDIO | score final: 97
CONTEXTO FINAL: EURCAD-OTC put pullback bajista a EMA | MERCADO: TENDENCIA_BAJISTA | CALIDAD: NORMAL 57 | TENDENCIA: BAJISTA_NORMAL 63.27 | ACCION: PUT_SOPORTE_CERCA_SIN_RUPTURA
RANKING DE SEÑALES:
EURCAD-OTC | put | pullback bajista a EMA | puntaje: 19 | prioridad: 4 | consenso: 50.0 MEDIO | score final: 144
CONTEXTO FINAL: EURCAD-OTC put pullback bajista a EMA | MERCADO: TENDENCIA_BAJISTA | CALIDAD: NORMAL 66 | TENDENCIA: BAJISTA_NORMAL 67.88 | ACCION: PUT_ZONA_NEUTRA
RANKING DE SEÑALES:
EURCAD-OTC | put | continuación bajista con tendencia | puntaje: 11 | prioridad: 2 | consenso: 50.0 MEDIO | score final: 52
CONTEXTO FINAL: EURCAD-OTC put continuación bajista con tendencia | MERCADO: TENDENCIA_BAJISTA | CALIDAD: NORMAL 73 | TENDENCIA: BAJISTA_FUERTE 76.2 | ACCION: PUT_SOPORTE_CERCA_SIN_RUPTURA
RANKING DE SEÑALES:
USNDAQ100-OTC | put | continuación bajista con tendencia | puntaje: 11 | prioridad: 2 | consenso: 50.0 MEDIO | score final: 52
CONTEXTO FINAL: USNDAQ100-OTC put continuación bajista con tendencia | MERCADO: TENDENCIA_BAJISTA | CALIDAD: NORMAL 60 | TENDENCIA: BAJISTA_FUERTE 76.88 | ACCION: PUT_SOPORTE_CERCA_SIN_RUPTURA
RANKING DE SEÑALES:
USNDAQ100-OTC | put | continuación bajista con tendencia | puntaje: 14 | prioridad: 3 | consenso: 50.0 MEDIO | score final: 63
CONTEXTO FINAL: USNDAQ100-OTC put continuación bajista con tendencia | MERCADO: TENDENCIA_BAJISTA | CALIDAD: NORMAL 60 | TENDENCIA: BAJISTA_FUERTE 89.51 | ACCION: PUT_SOPORTE_CERCA_SIN_RUPTURA
RANKING DE SEÑALES:
USNDAQ100-OTC | put | continuación bajista con tendencia | puntaje: 11 | prioridad: 2 | consenso: 50.0 MEDIO | score final: 52
CONTEXTO FINAL: USNDAQ100-OTC put continuación bajista con tendencia | MERCADO: TENDENCIA_BAJISTA | CALIDAD: NORMAL 62 | TENDENCIA: BAJISTA_FUERTE 72.29 | ACCION: PUT_SOPORTE_CERCA_SIN_RUPTURA
RANKING DE SEÑALES:
CASINOS-OTC | put | continuación bajista con tendencia | puntaje: 11 | prioridad: 2 | consenso: 50.0 MEDIO | score final: 52
CONTEXTO FINAL: CASINOS-OTC put continuación bajista con tendencia | MERCADO: TENDENCIA_BAJISTA | CALIDAD: NORMAL 60 | TENDENCIA: BAJISTA_NORMAL 52.4 | ACCION: PUT_SOPORTE_CERCA_SIN_RUPTURA
RANKING DE SEÑALES:
USNDAQ100-OTC | put | continuación bajista con tendencia | puntaje: 11 | prioridad: 2 | consenso: 50.0 MEDIO | score final: 62
CONTEXTO FINAL: USNDAQ100-OTC put continuación bajista con tendencia | MERCADO: TENDENCIA_BAJISTA | CALIDAD: NORMAL 60 | TENDENCIA: BAJISTA_NORMAL 59.56 | ACCION: ABSORCION_COMPRADORA
RANKING DE SEÑALES:
USNDAQ100-OTC | put | pullback bajista a EMA | puntaje: 16 | prioridad: 3 | consenso: 50.0 MEDIO | score final: 97
USNDAQ100-OTC | put | continuación bajista con tendencia | puntaje: 13 | prioridad: 2 | consenso: 50.0 MEDIO | score final: 56
CONTEXTO FINAL: USNDAQ100-OTC put pullback bajista a EMA | MERCADO: TENDENCIA_BAJISTA | CALIDAD: NORMAL 57 | TENDENCIA: BAJISTA_NORMAL 58.9 | ACCION: ABSORCION_COMPRADORA
CONTEXTO FINAL: USNDAQ100-OTC put continuación bajista con tendencia | MERCADO: TENDENCIA_BAJISTA | CALIDAD: NORMAL 57 | TENDENCIA: BAJISTA_NORMAL 58.9 | ACCION: ABSORCION_COMPRADORA
RANKING DE SEÑALES:
USNDAQ100-OTC | put | continuación bajista con tendencia | puntaje: 11 | prioridad: 2 | consenso: 50.0 MEDIO | score final: 62
CONTEXTO FINAL: USNDAQ100-OTC put continuación bajista con tendencia | MERCADO: TENDENCIA_BAJISTA | CALIDAD: NORMAL 59 | TENDENCIA: BAJISTA_NORMAL 57.7 | ACCION: ABSORCION_COMPRADORA
RANKING DE SEÑALES:
USNDAQ100-OTC | put | continuación bajista con tendencia | puntaje: 11 | prioridad: 2 | consenso: 50.0 MEDIO | score final: 52
CONTEXTO FINAL: USNDAQ100-OTC put continuación bajista con tendencia | MERCADO: TENDENCIA_BAJISTA | CALIDAD: NORMAL 61 | TENDENCIA: BAJISTA_FUERTE 76.11 | ACCION: ABSORCION_COMPRADORA
RANKING DE SEÑALES:
USNDAQ100-OTC | put | continuación bajista con tendencia | puntaje: 11 | prioridad: 2 | consenso: 50.0 MEDIO | score final: 52
CONTEXTO FINAL: USNDAQ100-OTC put continuación bajista con tendencia | MERCADO: TENDENCIA_BAJISTA | CALIDAD: NORMAL 63 | TENDENCIA: BAJISTA_FUERTE 75.3 | ACCION: ABSORCION_COMPRADORA
RANKING DE SEÑALES:
USNDAQ100-OTC | put | continuación bajista con tendencia | puntaje: 11 | prioridad: 2 | consenso: 50.0 MEDIO | score final: 52
CONTEXTO FINAL: USNDAQ100-OTC put continuación bajista con tendencia | MERCADO: TENDENCIA_BAJISTA | CALIDAD: NORMAL 61 | TENDENCIA: BAJISTA_NORMAL 57.48 | ACCION: ABSORCION_COMPRADORA
RANKING DE SEÑALES:
CASINOS-OTC | put | pullback bajista a EMA | puntaje: 20 | prioridad: 4 | consenso: 50.0 MEDIO | score final: 140
CASINOS-OTC | put | continuación bajista con tendencia | puntaje: 15 | prioridad: 3 | consenso: 50.0 MEDIO | score final: 87
CONTEXTO FINAL: CASINOS-OTC put pullback bajista a EMA | MERCADO: TENDENCIA_BAJISTA | CALIDAD: NORMAL 61 | TENDENCIA: BAJISTA_NORMAL 58.97 | ACCION: RECHAZO_VENDEDOR_RESISTENCIA
CONTEXTO FINAL: CASINOS-OTC put continuación bajista con tendencia | MERCADO: TENDENCIA_BAJISTA | CALIDAD: NORMAL 61 | TENDENCIA: BAJISTA_NORMAL 58.97 | ACCION: RECHAZO_VENDEDOR_RESISTENCIA
RANKING DE SEÑALES:
CASINOS-OTC | put | pullback bajista a EMA | puntaje: 20 | prioridad: 4 | consenso: 50.0 MEDIO | score final: 140
CASINOS-OTC | put | continuación bajista con tendencia | puntaje: 15 | prioridad: 3 | consenso: 50.0 MEDIO | score final: 87
CONTEXTO FINAL: CASINOS-OTC put pullback bajista a EMA | MERCADO: TENDENCIA_BAJISTA | CALIDAD: NORMAL 59 | TENDENCIA: BAJISTA_NORMAL 54.26 | ACCION: RECHAZO_VENDEDOR_RESISTENCIA
CONTEXTO FINAL: CASINOS-OTC put continuación bajista con tendencia | MERCADO: TENDENCIA_BAJISTA | CALIDAD: NORMAL 59 | TENDENCIA: BAJISTA_NORMAL 54.26 | ACCION: RECHAZO_VENDEDOR_RESISTENCIA
Progreso: 2150 / 2818
RANKING DE SEÑALES:
EURCAD-OTC | put | continuación bajista con tendencia | puntaje: 11 | prioridad: 2 | consenso: 50.0 MEDIO | score final: 52
CONTEXTO FINAL: EURCAD-OTC put continuación bajista con tendencia | MERCADO: TENDENCIA_BAJISTA | CALIDAD: NORMAL 65 | TENDENCIA: BAJISTA_DEBIL 42.29 | ACCION: PUT_SOPORTE_CERCA_SIN_RUPTURA
RANKING DE SEÑALES:
EURCAD-OTC | put | pullback bajista a EMA | puntaje: 19 | prioridad: 4 | consenso: 50.0 MEDIO | score final: 116
EURCAD-OTC | put | continuación bajista con tendencia | puntaje: 14 | prioridad: 3 | consenso: 50.0 MEDIO | score final: 63
CONTEXTO FINAL: EURCAD-OTC put pullback bajista a EMA | MERCADO: TENDENCIA_BAJISTA | CALIDAD: NORMAL 63 | TENDENCIA: BAJISTA_DEBIL 49.37 | ACCION: PUT_SOPORTE_CERCA_SIN_RUPTURA
CONTEXTO FINAL: EURCAD-OTC put continuación bajista con tendencia | MERCADO: TENDENCIA_BAJISTA | CALIDAD: NORMAL 63 | TENDENCIA: BAJISTA_DEBIL 49.37 | ACCION: PUT_SOPORTE_CERCA_SIN_RUPTURA
RANKING DE SEÑALES:
NIKE-OTC | put | pullback bajista a EMA | puntaje: 16 | prioridad: 3 | consenso: 50.0 MEDIO | score final: 107
CONTEXTO FINAL: NIKE-OTC put pullback bajista a EMA | MERCADO: TENDENCIA_BAJISTA | CALIDAD: NORMAL 64 | TENDENCIA: BAJISTA_NORMAL 61.02 | ACCION: PUT_ZONA_NEUTRA
RANKING DE SEÑALES:
JUPUSD-OTC | call | continuación alcista con tendencia | puntaje: 11 | prioridad: 2 | consenso: 50.0 MEDIO | score final: 62
CONTEXTO FINAL: JUPUSD-OTC call continuación alcista con tendencia | MERCADO: TENDENCIA_ALCISTA | CALIDAD: NORMAL 62 | TENDENCIA: ALCISTA_DEBIL 48.08 | ACCION: CALL_RESISTENCIA_CERCA_SIN_RUPTURA
RANKING DE SEÑALES:
NIKE-OTC | put | reacción vendedora en resistencia | puntaje: 18 | prioridad: 0 | consenso: 50.0 MEDIO | score final: 125
CONTEXTO FINAL: NIKE-OTC put reacción vendedora en resistencia | MERCADO: TENDENCIA_BAJISTA | CALIDAD: NORMAL 66 | TENDENCIA: BAJISTA_NORMAL 63.55 | ACCION: PUT_SOPORTE_CERCA_SIN_RUPTURA
RANKING DE SEÑALES:
NIKE-OTC | put | pullback bajista a EMA | puntaje: 19 | prioridad: 4 | consenso: 50.0 MEDIO | score final: 116
CONTEXTO FINAL: NIKE-OTC put pullback bajista a EMA | MERCADO: TENDENCIA_BAJISTA | CALIDAD: NORMAL 62 | TENDENCIA: BAJISTA_NORMAL 58.05 | ACCION: PUT_SOPORTE_CERCA_SIN_RUPTURA
RANKING DE SEÑALES:
NIKE-OTC | put | liquidity sweep bajista | puntaje: 24 | prioridad: 4 | consenso: 50.0 MEDIO | score final: 214
CONTEXTO FINAL: NIKE-OTC put liquidity sweep bajista | MERCADO: TENDENCIA_ALCISTA | CALIDAD: NORMAL 64 | TENDENCIA: ALCISTA_NORMAL 50.37 | ACCION: PUT_SOPORTE_CERCA_SIN_RUPTURA
Progreso: 2175 / 2818
RANKING DE SEÑALES:
JUPUSD-OTC | put | pullback bajista a EMA | puntaje: 16 | prioridad: 3 | consenso: 50.0 MEDIO | score final: 107
CONTEXTO FINAL: JUPUSD-OTC put pullback bajista a EMA | MERCADO: TENDENCIA_BAJISTA | CALIDAD: NORMAL 55 | TENDENCIA: BAJISTA_NORMAL 52.86 | ACCION: PUT_SOPORTE_CERCA_SIN_RUPTURA
RANKING DE SEÑALES:
USDDOP-OTC | put | pullback bajista a EMA | puntaje: 18 | prioridad: 4 | consenso: 50.0 MEDIO | score final: 136
CONTEXTO FINAL: USDDOP-OTC put pullback bajista a EMA | MERCADO: TENDENCIA_BAJISTA | CALIDAD: NORMAL 57 | TENDENCIA: BAJISTA_FUERTE 70.45 | ACCION: RECHAZO_VENDEDOR_RESISTENCIA
RANKING DE SEÑALES:
CHFJPY-OTC | call | CHOCH alcista | puntaje: 19 | prioridad: 3 | consenso: 50.0 MEDIO | score final: 131
CONTEXTO FINAL: CHFJPY-OTC call CHOCH alcista | MERCADO: TENDENCIA_ALCISTA | CALIDAD: NORMAL 63 | TENDENCIA: ALCISTA_NORMAL 61.93 | ACCION: CALL_RESISTENCIA_CERCA_SIN_RUPTURA
Progreso: 2200 / 2818
Ronda: 2200 Señales: 0
RANKING DE SEÑALES:
NZDCAD-OTC | put | continuación bajista con tendencia | puntaje: 11 | prioridad: 2 | consenso: 50.0 MEDIO | score final: 52
CONTEXTO FINAL: NZDCAD-OTC put continuación bajista con tendencia | MERCADO: TENDENCIA_BAJISTA | CALIDAD: NORMAL 55 | TENDENCIA: BAJISTA_NORMAL 54.11 | ACCION: PUT_SOPORTE_CERCA_SIN_RUPTURA
RANKING DE SEÑALES:
USDDOP-OTC | call | liquidity sweep alcista | puntaje: 20 | prioridad: 4 | consenso: 50.0 MEDIO | score final: 196
CANDIDATOS BOOTIQ V2: 1
CONTEXTO FINAL: USDDOP-OTC call liquidity sweep alcista | MERCADO: TENDENCIA_BAJISTA | CALIDAD: NORMAL 70 | TENDENCIA: BAJISTA_NORMAL 64.03 | ACCION: CALL_RESISTENCIA_CERCA_SIN_RUPTURA
RANKING DE SEÑALES:
JUPUSD-OTC | put | pullback bajista a EMA | puntaje: 17 | prioridad: 3 | consenso: 50.0 MEDIO | score final: 99
CONTEXTO FINAL: JUPUSD-OTC put pullback bajista a EMA | MERCADO: TENDENCIA_BAJISTA | CALIDAD: NORMAL 62 | TENDENCIA: BAJISTA_NORMAL 62.57 | ACCION: PUT_SOPORTE_CERCA_SIN_RUPTURA
RANKING DE SEÑALES:
NZDCAD-OTC | call | CHOCH alcista | puntaje: 19 | prioridad: 3 | consenso: 50.0 MEDIO | score final: 131
CONTEXTO FINAL: NZDCAD-OTC call CHOCH alcista | MERCADO: TENDENCIA_ALCISTA | CALIDAD: NORMAL 64 | TENDENCIA: ALCISTA_FUERTE 71.33 | ACCION: CALL_RESISTENCIA_CERCA_SIN_RUPTURA
RANKING DE SEÑALES:
USDDOP-OTC | put | pullback bajista a EMA | puntaje: 16 | prioridad: 3 | consenso: 50.0 MEDIO | score final: 107
CONTEXTO FINAL: USDDOP-OTC put pullback bajista a EMA | MERCADO: TENDENCIA_BAJISTA | CALIDAD: NORMAL 72 | TENDENCIA: BAJISTA_NORMAL 53.67 | ACCION: PUT_SOPORTE_CERCA_SIN_RUPTURA
RANKING DE SEÑALES:
EURCAD-OTC | call | liquidity sweep alcista | puntaje: 20 | prioridad: 4 | consenso: 50.0 MEDIO | score final: 196
CANDIDATOS BOOTIQ V2: 1
CONTEXTO FINAL: EURCAD-OTC call liquidity sweep alcista | MERCADO: TENDENCIA_BAJISTA | CALIDAD: NORMAL 56 | TENDENCIA: BAJISTA_NORMAL 63.19 | ACCION: CALL_RESISTENCIA_CERCA_SIN_RUPTURA
RANKING DE SEÑALES:
USDDOP-OTC | put | liquidity sweep bajista | puntaje: 24 | prioridad: 4 | consenso: 50.0 MEDIO | score final: 214
USDDOP-OTC | put | pullback bajista a EMA | puntaje: 16 | prioridad: 3 | consenso: 50.0 MEDIO | score final: 107
CONTEXTO FINAL: USDDOP-OTC put liquidity sweep bajista | MERCADO: TENDENCIA_BAJISTA | CALIDAD: NORMAL 70 | TENDENCIA: BAJISTA_DEBIL 46.12 | ACCION: PUT_SOPORTE_CERCA_SIN_RUPTURA
CONTEXTO FINAL: USDDOP-OTC put pullback bajista a EMA | MERCADO: TENDENCIA_BAJISTA | CALIDAD: NORMAL 70 | TENDENCIA: BAJISTA_DEBIL 46.12 | ACCION: PUT_SOPORTE_CERCA_SIN_RUPTURA
Progreso: 2225 / 2818
RANKING DE SEÑALES:
EURCAD-OTC | put | CHOCH bajista | puntaje: 19 | prioridad: 3 | consenso: 50.0 MEDIO | score final: 141
CONTEXTO FINAL: EURCAD-OTC put CHOCH bajista | MERCADO: TENDENCIA_BAJISTA | CALIDAD: NORMAL 61 | TENDENCIA: BAJISTA_FUERTE 73.73 | ACCION: ABSORCION_COMPRADORA
RANKING DE SEÑALES:
AUS200-OTC | put | continuación bajista con tendencia | puntaje: 11 | prioridad: 2 | consenso: 50.0 MEDIO | score final: 52
CONTEXTO FINAL: AUS200-OTC put continuación bajista con tendencia | MERCADO: TENDENCIA_BAJISTA | CALIDAD: NORMAL 69 | TENDENCIA: BAJISTA_NORMAL 58.84 | ACCION: PUT_SOPORTE_CERCA_SIN_RUPTURA
RANKING DE SEÑALES:
EURCAD-OTC | call | liquidity sweep alcista | puntaje: 22 | prioridad: 4 | consenso: 50.0 MEDIO | score final: 200
CANDIDATOS BOOTIQ V2: 1
CONTEXTO FINAL: EURCAD-OTC call liquidity sweep alcista | MERCADO: TENDENCIA_BAJISTA | CALIDAD: NORMAL 61 | TENDENCIA: BAJISTA_NORMAL 60.7 | ACCION: CALL_RESISTENCIA_CERCA_SIN_RUPTURA
RANKING DE SEÑALES:
AUS200-OTC | put | continuación bajista con tendencia | puntaje: 11 | prioridad: 2 | consenso: 50.0 MEDIO | score final: 52
CONTEXTO FINAL: AUS200-OTC put continuación bajista con tendencia | MERCADO: RANGO | CALIDAD: LIMPIO 78 | TENDENCIA: BAJISTA_NORMAL 51.31 | ACCION: PUT_SOPORTE_CERCA_SIN_RUPTURA
RANKING DE SEÑALES:
AUS200-OTC | put | continuación bajista con tendencia | puntaje: 11 | prioridad: 2 | consenso: 50.0 MEDIO | score final: 52
CONTEXTO FINAL: AUS200-OTC put continuación bajista con tendencia | MERCADO: TENDENCIA_BAJISTA | CALIDAD: LIMPIO 78 | TENDENCIA: BAJISTA_NORMAL 67.83 | ACCION: PUT_SOPORTE_CERCA_SIN_RUPTURA
RANKING DE SEÑALES:
AUS200-OTC | put | pullback bajista a EMA | puntaje: 19 | prioridad: 4 | consenso: 50.0 MEDIO | score final: 126
AUS200-OTC | put | continuación bajista con tendencia | puntaje: 14 | prioridad: 3 | consenso: 50.0 MEDIO | score final: 73
CONTEXTO FINAL: AUS200-OTC put pullback bajista a EMA | MERCADO: TENDENCIA_BAJISTA | CALIDAD: NORMAL 70 | TENDENCIA: BAJISTA_FUERTE 71.34 | ACCION: ABSORCION_COMPRADORA
CONTEXTO FINAL: AUS200-OTC put continuación bajista con tendencia | MERCADO: TENDENCIA_BAJISTA | CALIDAD: NORMAL 70 | TENDENCIA: BAJISTA_FUERTE 71.34 | ACCION: ABSORCION_COMPRADORA
RANKING DE SEÑALES:
EURCAD-OTC | put | liquidity sweep bajista | puntaje: 22 | prioridad: 4 | consenso: 50.0 MEDIO | score final: 200
CONTEXTO FINAL: EURCAD-OTC put liquidity sweep bajista | MERCADO: TENDENCIA_ALCISTA | CALIDAD: NORMAL 62 | TENDENCIA: ALCISTA_NORMAL 51.1 | ACCION: PUT_SOPORTE_CERCA_SIN_RUPTURA
Progreso: 2250 / 2818
RANKING DE SEÑALES:
EURCAD-OTC | call | liquidity sweep alcista | puntaje: 23 | prioridad: 4 | consenso: 50.0 MEDIO | score final: 212
CANDIDATOS BOOTIQ V2: 1
CONTEXTO FINAL: EURCAD-OTC call liquidity sweep alcista | MERCADO: TENDENCIA_BAJISTA | CALIDAD: NORMAL 55 | TENDENCIA: BAJISTA_FUERTE 71.1 | ACCION: CALL_RESISTENCIA_CERCA_SIN_RUPTURA
RANKING DE SEÑALES:
EURUSD-OTC | call | continuación alcista con tendencia | puntaje: 11 | prioridad: 2 | consenso: 50.0 MEDIO | score final: 62
CONTEXTO FINAL: EURUSD-OTC call continuación alcista con tendencia | MERCADO: TENDENCIA_ALCISTA | CALIDAD: NORMAL 58 | TENDENCIA: ALCISTA_NORMAL 53.23 | ACCION: CALL_RESISTENCIA_CERCA_SIN_RUPTURA
RANKING DE SEÑALES:
EURUSD-OTC | call | continuación alcista con tendencia | puntaje: 11 | prioridad: 2 | consenso: 50.0 MEDIO | score final: 62
CONTEXTO FINAL: EURUSD-OTC call continuación alcista con tendencia | MERCADO: TENDENCIA_ALCISTA | CALIDAD: NORMAL 58 | TENDENCIA: ALCISTA_NORMAL 56.89 | ACCION: CALL_RESISTENCIA_CERCA_SIN_RUPTURA
RANKING DE SEÑALES:
CANNABIS-OTC | put | pullback bajista a EMA | puntaje: 16 | prioridad: 3 | consenso: 50.0 MEDIO | score final: 97
CONTEXTO FINAL: CANNABIS-OTC put pullback bajista a EMA | MERCADO: TENDENCIA_BAJISTA | CALIDAD: LIMPIO 76 | TENDENCIA: BAJISTA_NORMAL 62.58 | ACCION: PUT_SOPORTE_CERCA_SIN_RUPTURA
Progreso: 2275 / 2818
RANKING DE SEÑALES:
CASINOS-OTC | put | continuación bajista con tendencia | puntaje: 11 | prioridad: 2 | consenso: 50.0 MEDIO | score final: 62
CONTEXTO FINAL: CASINOS-OTC put continuación bajista con tendencia | MERCADO: TENDENCIA_BAJISTA | CALIDAD: NORMAL 55 | TENDENCIA: BAJISTA_NORMAL 60.17 | ACCION: PUT_SOPORTE_CERCA_SIN_RUPTURA
RANKING DE SEÑALES:
EURUSD-OTC | put | reacción vendedora en resistencia | puntaje: 18 | prioridad: 4 | consenso: 50.0 MEDIO | score final: 134
EURUSD-OTC | put | CHOCH bajista | puntaje: 19 | prioridad: 3 | consenso: 50.0 MEDIO | score final: 131
CONTEXTO FINAL: EURUSD-OTC put reacción vendedora en resistencia | MERCADO: TENDENCIA_BAJISTA | CALIDAD: NORMAL 60 | TENDENCIA: BAJISTA_NORMAL 63.08 | ACCION: PUT_ZONA_NEUTRA
CONTEXTO FINAL: EURUSD-OTC put CHOCH bajista | MERCADO: TENDENCIA_BAJISTA | CALIDAD: NORMAL 60 | TENDENCIA: BAJISTA_NORMAL 63.08 | ACCION: PUT_ZONA_NEUTRA
Progreso: 2300 / 2818
Ronda: 2300 Señales: 0
RANKING DE SEÑALES:
EURUSD-OTC | put | liquidity sweep bajista | puntaje: 22 | prioridad: 4 | consenso: 50.0 MEDIO | score final: 200
CONTEXTO FINAL: EURUSD-OTC put liquidity sweep bajista | MERCADO: TENDENCIA_ALCISTA | CALIDAD: NORMAL 68 | TENDENCIA: ALCISTA_NORMAL 55.45 | ACCION: PUT_SOPORTE_CERCA_SIN_RUPTURA
RANKING DE SEÑALES:
EURCAD-OTC | put | liquidity sweep bajista | puntaje: 25 | prioridad: 4 | consenso: 50.0 MEDIO | score final: 216
CONTEXTO FINAL: EURCAD-OTC put liquidity sweep bajista | MERCADO: TENDENCIA_ALCISTA | CALIDAD: NORMAL 62 | TENDENCIA: ALCISTA_NORMAL 64.8 | ACCION: PUT_SOPORTE_CERCA_SIN_RUPTURA
RANKING DE SEÑALES:
CANNABIS-OTC | call | CHOCH alcista | puntaje: 19 | prioridad: 3 | consenso: 50.0 MEDIO | score final: 131
CONTEXTO FINAL: CANNABIS-OTC call CHOCH alcista | MERCADO: RANGO | CALIDAD: LIMPIO 80 | TENDENCIA: ALCISTA_NORMAL 52.86 | ACCION: CALL_RESISTENCIA_CERCA_SIN_RUPTURA
RANKING DE SEÑALES:
EURCAD-OTC | call | pullback alcista a EMA | puntaje: 16 | prioridad: 3 | consenso: 50.0 MEDIO | score final: 127
CONTEXTO FINAL: EURCAD-OTC call pullback alcista a EMA | MERCADO: TENDENCIA_ALCISTA | CALIDAD: NORMAL 60 | TENDENCIA: ALCISTA_NORMAL 61.29 | ACCION: RECHAZO_COMPRADOR_SOPORTE
Progreso: 2325 / 2818
RANKING DE SEÑALES:
CASINOS-OTC | call | continuación alcista con tendencia | puntaje: 11 | prioridad: 2 | consenso: 50.0 MEDIO | score final: 62
CONTEXTO FINAL: CASINOS-OTC call continuación alcista con tendencia | MERCADO: TENDENCIA_ALCISTA | CALIDAD: NORMAL 64 | TENDENCIA: ALCISTA_NORMAL 60.9 | ACCION: ABSORCION_VENDEDORA
RANKING DE SEÑALES:
USDDOP-OTC | put | pullback bajista a EMA | puntaje: 21 | prioridad: 4 | consenso: 50.0 MEDIO | score final: 130
CONTEXTO FINAL: USDDOP-OTC put pullback bajista a EMA | MERCADO: TENDENCIA_BAJISTA | CALIDAD: NORMAL 61 | TENDENCIA: BAJISTA_NORMAL 56.34 | ACCION: ABSORCION_COMPRADORA
RANKING DE SEÑALES:
CANNABIS-OTC | put | continuación bajista con tendencia | puntaje: 11 | prioridad: 2 | consenso: 50.0 MEDIO | score final: 52
CONTEXTO FINAL: CANNABIS-OTC put continuación bajista con tendencia | MERCADO: TENDENCIA_BAJISTA | CALIDAD: NORMAL 68 | TENDENCIA: BAJISTA_NORMAL 69.95 | ACCION: PUT_SOPORTE_CERCA_SIN_RUPTURA
RANKING DE SEÑALES:
CANNABIS-OTC | put | pullback bajista a EMA | puntaje: 20 | prioridad: 4 | consenso: 50.0 MEDIO | score final: 128
CONTEXTO FINAL: CANNABIS-OTC put pullback bajista a EMA | MERCADO: TENDENCIA_BAJISTA | CALIDAD: NORMAL 64 | TENDENCIA: BAJISTA_NORMAL 61.93 | ACCION: PUT_SOPORTE_CERCA_SIN_RUPTURA
RANKING DE SEÑALES:
CANNABIS-OTC | put | pullback bajista a EMA | puntaje: 16 | prioridad: 3 | consenso: 50.0 MEDIO | score final: 119
CONTEXTO FINAL: CANNABIS-OTC put pullback bajista a EMA | MERCADO: TENDENCIA_BAJISTA | CALIDAD: NORMAL 57 | TENDENCIA: BAJISTA_NORMAL 59.68 | ACCION: RECHAZO_VENDEDOR_RESISTENCIA
RANKING DE SEÑALES:
CHFJPY-OTC | call | continuación alcista con tendencia | puntaje: 11 | prioridad: 2 | consenso: 50.0 MEDIO | score final: 62
CONTEXTO FINAL: CHFJPY-OTC call continuación alcista con tendencia | MERCADO: TENDENCIA_ALCISTA | CALIDAD: NORMAL 60 | TENDENCIA: ALCISTA_NORMAL 60.43 | ACCION: CALL_RESISTENCIA_CERCA_SIN_RUPTURA
RANKING DE SEÑALES:
CANNABIS-OTC | put | CHOCH bajista | puntaje: 19 | prioridad: 3 | consenso: 50.0 MEDIO | score final: 131
CONTEXTO FINAL: CANNABIS-OTC put CHOCH bajista | MERCADO: RANGO | CALIDAD: NORMAL 62 | TENDENCIA: BAJISTA_NORMAL 50.08 | ACCION: PUT_SOPORTE_CERCA_SIN_RUPTURA
RANKING DE SEÑALES:
CHFJPY-OTC | call | continuación alcista con tendencia | puntaje: 11 | prioridad: 2 | consenso: 50.0 MEDIO | score final: 52
CONTEXTO FINAL: CHFJPY-OTC call continuación alcista con tendencia | MERCADO: TENDENCIA_ALCISTA | CALIDAD: NORMAL 56 | TENDENCIA: ALCISTA_NORMAL 51.03 | ACCION: CALL_RESISTENCIA_CERCA_SIN_RUPTURA
Progreso: 2350 / 2818
RANKING DE SEÑALES:
USDDOP-OTC | call | liquidity sweep alcista | puntaje: 20 | prioridad: 3 | consenso: 50.0 MEDIO | score final: 191
CANDIDATOS BOOTIQ V2: 1
CONTEXTO FINAL: USDDOP-OTC call liquidity sweep alcista | MERCADO: TENDENCIA_BAJISTA | CALIDAD: NORMAL 57 | TENDENCIA: BAJISTA_NORMAL 58.93 | ACCION: CALL_RESISTENCIA_CERCA_SIN_RUPTURA
RANKING DE SEÑALES:
CASINOS-OTC | put | reacción vendedora en resistencia | puntaje: 20 | prioridad: 4 | consenso: 50.0 MEDIO | score final: 166
CONTEXTO FINAL: CASINOS-OTC put reacción vendedora en resistencia | MERCADO: TENDENCIA_ALCISTA | CALIDAD: NORMAL 65 | TENDENCIA: ALCISTA_NORMAL 63.08 | ACCION: ABSORCION_COMPRADORA
RANKING DE SEÑALES:
CASINOS-OTC | put | reacción vendedora en resistencia | puntaje: 20 | prioridad: 4 | consenso: 50.0 MEDIO | score final: 162
CONTEXTO FINAL: CASINOS-OTC put reacción vendedora en resistencia | MERCADO: TENDENCIA_ALCISTA | CALIDAD: NORMAL 61 | TENDENCIA: ALCISTA_NORMAL 55.31 | ACCION: RECHAZO_VENDEDOR_RESISTENCIA
RANKING DE SEÑALES:
CANNABIS-OTC | put | pullback bajista a EMA | puntaje: 16 | prioridad: 3 | consenso: 50.0 MEDIO | score final: 97
CONTEXTO FINAL: CANNABIS-OTC put pullback bajista a EMA | MERCADO: TENDENCIA_BAJISTA | CALIDAD: NORMAL 57 | TENDENCIA: BAJISTA_AGOTADA 49.57 | ACCION: PUT_SOPORTE_CERCA_SIN_RUPTURA
Progreso: 2375 / 2818
RANKING DE SEÑALES:
EURCAD-OTC | put | pullback bajista a EMA | puntaje: 17 | prioridad: 3 | consenso: 50.0 MEDIO | score final: 109
CONTEXTO FINAL: EURCAD-OTC put pullback bajista a EMA | MERCADO: TENDENCIA_BAJISTA | CALIDAD: NORMAL 64 | TENDENCIA: BAJISTA_NORMAL 62.06 | ACCION: PUT_SOPORTE_CERCA_SIN_RUPTURA
RANKING DE SEÑALES:
EURCAD-OTC | call | liquidity sweep alcista | puntaje: 20 | prioridad: 4 | consenso: 50.0 MEDIO | score final: 208
CANDIDATOS BOOTIQ V2: 1
CONTEXTO FINAL: EURCAD-OTC call liquidity sweep alcista | MERCADO: TENDENCIA_BAJISTA | CALIDAD: NORMAL 57 | TENDENCIA: BAJISTA_NORMAL 63.87 | ACCION: RECHAZO_COMPRADOR_SOPORTE
RANKING DE SEÑALES:
NIKE-OTC | put | pullback bajista a EMA | puntaje: 20 | prioridad: 4 | consenso: 50.0 MEDIO | score final: 118
CONTEXTO FINAL: NIKE-OTC put pullback bajista a EMA | MERCADO: TENDENCIA_BAJISTA | CALIDAD: NORMAL 57 | TENDENCIA: BAJISTA_NORMAL 69.86 | ACCION: ABSORCION_COMPRADORA
RANKING DE SEÑALES:
NIKE-OTC | put | pullback bajista a EMA | puntaje: 16 | prioridad: 3 | consenso: 50.0 MEDIO | score final: 97
CONTEXTO FINAL: NIKE-OTC put pullback bajista a EMA | MERCADO: TENDENCIA_BAJISTA | CALIDAD: NORMAL 57 | TENDENCIA: BAJISTA_FUERTE 77.23 | ACCION: PUT_SOPORTE_CERCA_SIN_RUPTURA
RANKING DE SEÑALES:
NIKE-OTC | call | liquidity sweep alcista | puntaje: 22 | prioridad: 4 | consenso: 50.0 MEDIO | score final: 200
CANDIDATOS BOOTIQ V2: 1
CONTEXTO FINAL: NIKE-OTC call liquidity sweep alcista | MERCADO: TENDENCIA_BAJISTA | CALIDAD: NORMAL 57 | TENDENCIA: BAJISTA_NORMAL 50.8 | ACCION: CALL_RESISTENCIA_CERCA_SIN_RUPTURA
RANKING DE SEÑALES:
JUPUSD-OTC | call | liquidity sweep alcista | puntaje: 28 | prioridad: 4 | consenso: 50.0 MEDIO | score final: 234
CANDIDATOS BOOTIQ V2: 1
CONTEXTO FINAL: JUPUSD-OTC call liquidity sweep alcista | MERCADO: TENDENCIA_BAJISTA | CALIDAD: NORMAL 74 | TENDENCIA: BAJISTA_FUERTE 77.37 | ACCION: RECHAZO_COMPRADOR_SOPORTE
RANKING DE SEÑALES:
EURUSD-OTC | call | pullback alcista a EMA | puntaje: 20 | prioridad: 4 | consenso: 50.0 MEDIO | score final: 126
CONTEXTO FINAL: EURUSD-OTC call pullback alcista a EMA | MERCADO: TENDENCIA_ALCISTA | CALIDAD: NORMAL 60 | TENDENCIA: ALCISTA_NORMAL 57.84 | ACCION: ABSORCION_VENDEDORA
RANKING DE SEÑALES:
JUPUSD-OTC | put | pullback bajista a EMA | puntaje: 16 | prioridad: 3 | consenso: 50.0 MEDIO | score final: 97
CONTEXTO FINAL: JUPUSD-OTC put pullback bajista a EMA | MERCADO: TENDENCIA_BAJISTA | CALIDAD: NORMAL 58 | TENDENCIA: BAJISTA_NORMAL 61.53 | ACCION: PUT_SOPORTE_CERCA_SIN_RUPTURA
RANKING DE SEÑALES:
CANNABIS-OTC | call | liquidity sweep alcista | puntaje: 26 | prioridad: 4 | consenso: 50.0 MEDIO | score final: 220
CANDIDATOS BOOTIQ V2: 1
CONTEXTO FINAL: CANNABIS-OTC call liquidity sweep alcista | MERCADO: TENDENCIA_BAJISTA | CALIDAD: NORMAL 62 | TENDENCIA: BAJISTA_DEBIL 45.81 | ACCION: RECHAZO_COMPRADOR_SOPORTE
Progreso: 2400 / 2818
Ronda: 2400 Señales: 0
RANKING DE SEÑALES:
EURCAD-OTC | put | pullback bajista a EMA | puntaje: 20 | prioridad: 4 | consenso: 50.0 MEDIO | score final: 140
CONTEXTO FINAL: EURCAD-OTC put pullback bajista a EMA | MERCADO: TENDENCIA_BAJISTA | CALIDAD: NORMAL 57 | TENDENCIA: BAJISTA_NORMAL 66.62 | ACCION: RECHAZO_VENDEDOR_RESISTENCIA
Progreso: 2425 / 2818
Progreso: 2450 / 2818
RANKING DE SEÑALES:
JUPUSD-OTC | put | pullback bajista a EMA | puntaje: 16 | prioridad: 3 | consenso: 50.0 MEDIO | score final: 107
CONTEXTO FINAL: JUPUSD-OTC put pullback bajista a EMA | MERCADO: TENDENCIA_BAJISTA | CALIDAD: NORMAL 59 | TENDENCIA: BAJISTA_NORMAL 53.07 | ACCION: PUT_SOPORTE_CERCA_SIN_RUPTURA
RANKING DE SEÑALES:
CASINOS-OTC | call | continuación alcista con tendencia | puntaje: 11 | prioridad: 2 | consenso: 50.0 MEDIO | score final: 62
CONTEXTO FINAL: CASINOS-OTC call continuación alcista con tendencia | MERCADO: TENDENCIA_ALCISTA | CALIDAD: NORMAL 57 | TENDENCIA: ALCISTA_NORMAL 52.31 | ACCION: CALL_RESISTENCIA_CERCA_SIN_RUPTURA
RANKING DE SEÑALES:
NIKE-OTC | call | continuación alcista con tendencia | puntaje: 11 | prioridad: 2 | consenso: 50.0 MEDIO | score final: 52
CONTEXTO FINAL: NIKE-OTC call continuación alcista con tendencia | MERCADO: TENDENCIA_ALCISTA | CALIDAD: NORMAL 65 | TENDENCIA: ALCISTA_FUERTE 76.24 | ACCION: CALL_RESISTENCIA_CERCA_SIN_RUPTURA
RANKING DE SEÑALES:
EURUSD-OTC | call | continuación alcista con tendencia | puntaje: 11 | prioridad: 2 | consenso: 50.0 MEDIO | score final: 52
CONTEXTO FINAL: EURUSD-OTC call continuación alcista con tendencia | MERCADO: TENDENCIA_ALCISTA | CALIDAD: NORMAL 61 | TENDENCIA: ALCISTA_NORMAL 69.92 | ACCION: CALL_RESISTENCIA_CERCA_SIN_RUPTURA
RANKING DE SEÑALES:
NIKE-OTC | call | continuación alcista con tendencia | puntaje: 11 | prioridad: 2 | consenso: 50.0 MEDIO | score final: 52
CONTEXTO FINAL: NIKE-OTC call continuación alcista con tendencia | MERCADO: TENDENCIA_ALCISTA | CALIDAD: NORMAL 74 | TENDENCIA: ALCISTA_FUERTE 78.61 | ACCION: CALL_RESISTENCIA_CERCA_SIN_RUPTURA
RANKING DE SEÑALES:
EURUSD-OTC | call | continuación alcista con tendencia | puntaje: 11 | prioridad: 2 | consenso: 50.0 MEDIO | score final: 62
CONTEXTO FINAL: EURUSD-OTC call continuación alcista con tendencia | MERCADO: TENDENCIA_ALCISTA | CALIDAD: NORMAL 61 | TENDENCIA: ALCISTA_NORMAL 51.01 | ACCION: CALL_RESISTENCIA_CERCA_SIN_RUPTURA
RANKING DE SEÑALES:
NIKE-OTC | call | continuación alcista con tendencia | puntaje: 11 | prioridad: 2 | consenso: 50.0 MEDIO | score final: 52
CONTEXTO FINAL: NIKE-OTC call continuación alcista con tendencia | MERCADO: TENDENCIA_ALCISTA | CALIDAD: NORMAL 65 | TENDENCIA: ALCISTA_NORMAL 65.65 | ACCION: ABSORCION_VENDEDORA
RANKING DE SEÑALES:
NIKE-OTC | call | continuación alcista con tendencia | puntaje: 11 | prioridad: 2 | consenso: 50.0 MEDIO | score final: 62
CONTEXTO FINAL: NIKE-OTC call continuación alcista con tendencia | MERCADO: TENDENCIA_ALCISTA | CALIDAD: NORMAL 70 | TENDENCIA: ALCISTA_NORMAL 68.14 | ACCION: ABSORCION_VENDEDORA
RANKING DE SEÑALES:
NIKE-OTC | put | liquidity sweep bajista | puntaje: 24 | prioridad: 4 | consenso: 50.0 MEDIO | score final: 226
CONTEXTO FINAL: NIKE-OTC put liquidity sweep bajista | MERCADO: TENDENCIA_ALCISTA | CALIDAD: NORMAL 61 | TENDENCIA: ALCISTA_NORMAL 57.12 | ACCION: RECHAZO_VENDEDOR_RESISTENCIA
RANKING DE SEÑALES:
USNDAQ100-OTC | put | liquidity sweep bajista | puntaje: 23 | prioridad: 4 | consenso: 50.0 MEDIO | score final: 212
CONTEXTO FINAL: USNDAQ100-OTC put liquidity sweep bajista | MERCADO: TENDENCIA_ALCISTA | CALIDAD: NORMAL 57 | TENDENCIA: ALCISTA_NORMAL 59.27 | ACCION: PUT_SOPORTE_CERCA_SIN_RUPTURA
RANKING DE SEÑALES:
CHFJPY-OTC | put | liquidity sweep bajista | puntaje: 26 | prioridad: 4 | consenso: 50.0 MEDIO | score final: 218
CONTEXTO FINAL: CHFJPY-OTC put liquidity sweep bajista | MERCADO: TENDENCIA_ALCISTA | CALIDAD: NORMAL 60 | TENDENCIA: ALCISTA_NORMAL 55.52 | ACCION: ABSORCION_COMPRADORA
RANKING DE SEÑALES:
CHFJPY-OTC | call | pullback alcista a EMA | puntaje: 16 | prioridad: 3 | consenso: 50.0 MEDIO | score final: 105
CONTEXTO FINAL: CHFJPY-OTC call pullback alcista a EMA | MERCADO: TENDENCIA_ALCISTA | CALIDAD: NORMAL 60 | TENDENCIA: ALCISTA_NORMAL 61.48 | ACCION: CALL_RESISTENCIA_CERCA_SIN_RUPTURA
Progreso: 2475 / 2818
RANKING DE SEÑALES:
CASINOS-OTC | call | liquidity sweep alcista | puntaje: 26 | prioridad: 4 | consenso: 50.0 MEDIO | score final: 230
CANDIDATOS BOOTIQ V2: 1
CONTEXTO FINAL: CASINOS-OTC call liquidity sweep alcista | MERCADO: TENDENCIA_BAJISTA | CALIDAD: NORMAL 65 | TENDENCIA: BAJISTA_FUERTE 75.18 | ACCION: RECHAZO_COMPRADOR_SOPORTE
RANKING DE SEÑALES:
CHFJPY-OTC | put | CHOCH bajista | puntaje: 19 | prioridad: 3 | consenso: 50.0 MEDIO | score final: 141
CONTEXTO FINAL: CHFJPY-OTC put CHOCH bajista | MERCADO: TENDENCIA_BAJISTA | CALIDAD: NORMAL 64 | TENDENCIA: BAJISTA_DEBIL 47.93 | ACCION: ABSORCION_COMPRADORA
Progreso: 2500 / 2818
Ronda: 2500 Señales: 0
RANKING DE SEÑALES:
AUS200-OTC | call | continuación alcista con tendencia | puntaje: 11 | prioridad: 2 | consenso: 50.0 MEDIO | score final: 62
CONTEXTO FINAL: AUS200-OTC call continuación alcista con tendencia | MERCADO: TENDENCIA_ALCISTA | CALIDAD: LIMPIO 75 | TENDENCIA: ALCISTA_NORMAL 63.24 | ACCION: CALL_RESISTENCIA_CERCA_SIN_RUPTURA
RANKING DE SEÑALES:
AUS200-OTC | call | continuación alcista con tendencia | puntaje: 11 | prioridad: 2 | consenso: 50.0 MEDIO | score final: 52
CONTEXTO FINAL: AUS200-OTC call continuación alcista con tendencia | MERCADO: TENDENCIA_ALCISTA | CALIDAD: NORMAL 72 | TENDENCIA: ALCISTA_NORMAL 63.19 | ACCION: ABSORCION_VENDEDORA
RANKING DE SEÑALES:
AUS200-OTC | call | continuación alcista con tendencia | puntaje: 11 | prioridad: 2 | consenso: 50.0 MEDIO | score final: 62
CONTEXTO FINAL: AUS200-OTC call continuación alcista con tendencia | MERCADO: TENDENCIA_ALCISTA | CALIDAD: NORMAL 72 | TENDENCIA: ALCISTA_FUERTE 72.16 | ACCION: ABSORCION_VENDEDORA
RANKING DE SEÑALES:
AUS200-OTC | call | continuación alcista con tendencia | puntaje: 13 | prioridad: 2 | consenso: 50.0 MEDIO | score final: 56
CONTEXTO FINAL: AUS200-OTC call continuación alcista con tendencia | MERCADO: TENDENCIA_ALCISTA | CALIDAD: NORMAL 67 | TENDENCIA: ALCISTA_NORMAL 54.62 | ACCION: ABSORCION_VENDEDORA
RANKING DE SEÑALES:
AUS200-OTC | put | liquidity sweep bajista | puntaje: 23 | prioridad: 4 | consenso: 50.0 MEDIO | score final: 212
CONTEXTO FINAL: AUS200-OTC put liquidity sweep bajista | MERCADO: TENDENCIA_ALCISTA | CALIDAD: NORMAL 67 | TENDENCIA: ALCISTA_NORMAL 50.74 | ACCION: PUT_ZONA_NEUTRA
RANKING DE SEÑALES:
AUS200-OTC | call | continuación alcista con tendencia | puntaje: 11 | prioridad: 2 | consenso: 50.0 MEDIO | score final: 52
CONTEXTO FINAL: AUS200-OTC call continuación alcista con tendencia | MERCADO: TENDENCIA_ALCISTA | CALIDAD: NORMAL 67 | TENDENCIA: ALCISTA_NORMAL 50.45 | ACCION: ABSORCION_VENDEDORA
Progreso: 2525 / 2818
RANKING DE SEÑALES:
USDDOP-OTC | put | pullback bajista a EMA | puntaje: 16 | prioridad: 3 | consenso: 50.0 MEDIO | score final: 119
CONTEXTO FINAL: USDDOP-OTC put pullback bajista a EMA | MERCADO: TENDENCIA_BAJISTA | CALIDAD: NORMAL 55 | TENDENCIA: BAJISTA_NORMAL 50.68 | ACCION: RECHAZO_VENDEDOR_RESISTENCIA
RANKING DE SEÑALES:
CANNABIS-OTC | call | reacción compradora en soporte | puntaje: 21 | prioridad: 0 | consenso: 50.0 MEDIO | score final: 124
CONTEXTO FINAL: CANNABIS-OTC call reacción compradora en soporte | MERCADO: RANGO | CALIDAD: NORMAL 66 | TENDENCIA: BAJISTA_NORMAL 52.47 | ACCION: CALL_RESISTENCIA_CERCA_SIN_RUPTURA
RANKING DE SEÑALES:
USDDOP-OTC | put | continuación bajista con tendencia | puntaje: 11 | prioridad: 2 | consenso: 50.0 MEDIO | score final: 52
CONTEXTO FINAL: USDDOP-OTC put continuación bajista con tendencia | MERCADO: TENDENCIA_BAJISTA | CALIDAD: NORMAL 58 | TENDENCIA: BAJISTA_NORMAL 62.46 | ACCION: PUT_SOPORTE_CERCA_SIN_RUPTURA
RANKING DE SEÑALES:
USDDOP-OTC | put | pullback bajista a EMA | puntaje: 19 | prioridad: 4 | consenso: 50.0 MEDIO | score final: 116
USDDOP-OTC | put | continuación bajista con tendencia | puntaje: 14 | prioridad: 3 | consenso: 50.0 MEDIO | score final: 63
CONTEXTO FINAL: USDDOP-OTC put pullback bajista a EMA | MERCADO: TENDENCIA_BAJISTA | CALIDAD: NORMAL 63 | TENDENCIA: BAJISTA_FUERTE 70.92 | ACCION: PUT_SOPORTE_CERCA_SIN_RUPTURA
CONTEXTO FINAL: USDDOP-OTC put continuación bajista con tendencia | MERCADO: TENDENCIA_BAJISTA | CALIDAD: NORMAL 63 | TENDENCIA: BAJISTA_FUERTE 70.92 | ACCION: PUT_SOPORTE_CERCA_SIN_RUPTURA
RANKING DE SEÑALES:
USDDOP-OTC | put | pullback bajista a EMA | puntaje: 16 | prioridad: 3 | consenso: 50.0 MEDIO | score final: 119
USDDOP-OTC | put | continuación bajista con tendencia | puntaje: 13 | prioridad: 2 | consenso: 50.0 MEDIO | score final: 78
CONTEXTO FINAL: USDDOP-OTC put pullback bajista a EMA | MERCADO: TENDENCIA_BAJISTA | CALIDAD: NORMAL 59 | TENDENCIA: BAJISTA_NORMAL 51.68 | ACCION: RECHAZO_VENDEDOR_RESISTENCIA
CONTEXTO FINAL: USDDOP-OTC put continuación bajista con tendencia | MERCADO: TENDENCIA_BAJISTA | CALIDAD: NORMAL 59 | TENDENCIA: BAJISTA_NORMAL 51.68 | ACCION: RECHAZO_VENDEDOR_RESISTENCIA
RANKING DE SEÑALES:
USDDOP-OTC | put | pullback bajista a EMA | puntaje: 19 | prioridad: 4 | consenso: 50.0 MEDIO | score final: 116
CONTEXTO FINAL: USDDOP-OTC put pullback bajista a EMA | MERCADO: TENDENCIA_BAJISTA | CALIDAD: NORMAL 66 | TENDENCIA: BAJISTA_DEBIL 47.44 | ACCION: PUT_SOPORTE_CERCA_SIN_RUPTURA
Progreso: 2550 / 2818
RANKING DE SEÑALES:
USDDOP-OTC | call | pullback alcista a EMA | puntaje: 16 | prioridad: 3 | consenso: 50.0 MEDIO | score final: 105
CONTEXTO FINAL: USDDOP-OTC call pullback alcista a EMA | MERCADO: TENDENCIA_ALCISTA | CALIDAD: NORMAL 67 | TENDENCIA: ALCISTA_NORMAL 61.11 | ACCION: CALL_RESISTENCIA_CERCA_SIN_RUPTURA
RANKING DE SEÑALES:
JUPUSD-OTC | call | liquidity sweep alcista | puntaje: 22 | prioridad: 3 | consenso: 50.0 MEDIO | score final: 195
CANDIDATOS BOOTIQ V2: 1
CONTEXTO FINAL: JUPUSD-OTC call liquidity sweep alcista | MERCADO: TENDENCIA_BAJISTA | CALIDAD: NORMAL 61 | TENDENCIA: BAJISTA_NORMAL 53.22 | ACCION: CALL_RESISTENCIA_CERCA_SIN_RUPTURA
RANKING DE SEÑALES:
AUS200-OTC | put | liquidity sweep bajista | puntaje: 22 | prioridad: 4 | consenso: 50.0 MEDIO | score final: 212
CONTEXTO FINAL: AUS200-OTC put liquidity sweep bajista | MERCADO: TENDENCIA_ALCISTA | CALIDAD: NORMAL 59 | TENDENCIA: ALCISTA_NORMAL 52.84 | ACCION: RECHAZO_VENDEDOR_RESISTENCIA
RANKING DE SEÑALES:
CASINOS-OTC | put | CHOCH bajista | puntaje: 24 | prioridad: 4 | consenso: 50.0 MEDIO | score final: 176
CASINOS-OTC | put | continuación bajista con tendencia | puntaje: 11 | prioridad: 2 | consenso: 50.0 MEDIO | score final: 64
CONTEXTO FINAL: CASINOS-OTC put CHOCH bajista | MERCADO: TENDENCIA_BAJISTA | CALIDAD: NORMAL 55 | TENDENCIA: BAJISTA_NORMAL 59.83 | ACCION: PUT_SOPORTE_CERCA_SIN_RUPTURA
CONTEXTO FINAL: CASINOS-OTC put continuación bajista con tendencia | MERCADO: TENDENCIA_BAJISTA | CALIDAD: NORMAL 55 | TENDENCIA: BAJISTA_NORMAL 59.83 | ACCION: PUT_SOPORTE_CERCA_SIN_RUPTURA
RANKING DE SEÑALES:
CASINOS-OTC | put | continuación bajista con tendencia | puntaje: 11 | prioridad: 2 | consenso: 50.0 MEDIO | score final: 52
CONTEXTO FINAL: CASINOS-OTC put continuación bajista con tendencia | MERCADO: TENDENCIA_BAJISTA | CALIDAD: NORMAL 55 | TENDENCIA: BAJISTA_NORMAL 51.16 | ACCION: PUT_SOPORTE_CERCA_SIN_RUPTURA
Progreso: 2575 / 2818
RANKING DE SEÑALES:
EURCAD-OTC | put | pullback bajista a EMA | puntaje: 17 | prioridad: 3 | consenso: 50.0 MEDIO | score final: 99
CONTEXTO FINAL: EURCAD-OTC put pullback bajista a EMA | MERCADO: TENDENCIA_BAJISTA | CALIDAD: NORMAL 58 | TENDENCIA: BAJISTA_NORMAL 67.57 | ACCION: PUT_SOPORTE_CERCA_SIN_RUPTURA
RANKING DE SEÑALES:
EURCAD-OTC | put | pullback bajista a EMA | puntaje: 19 | prioridad: 4 | consenso: 50.0 MEDIO | score final: 126
CONTEXTO FINAL: EURCAD-OTC put pullback bajista a EMA | MERCADO: TENDENCIA_BAJISTA | CALIDAD: NORMAL 56 | TENDENCIA: BAJISTA_NORMAL 50.77 | ACCION: PUT_SOPORTE_CERCA_SIN_RUPTURA
RANKING DE SEÑALES:
EURCAD-OTC | put | pullback bajista a EMA | puntaje: 16 | prioridad: 3 | consenso: 50.0 MEDIO | score final: 107
CONTEXTO FINAL: EURCAD-OTC put pullback bajista a EMA | MERCADO: TENDENCIA_BAJISTA | CALIDAD: NORMAL 57 | TENDENCIA: BAJISTA_NORMAL 57.48 | ACCION: PUT_SOPORTE_CERCA_SIN_RUPTURA
RANKING DE SEÑALES:
USDDOP-OTC | put | reacción vendedora en resistencia | puntaje: 18 | prioridad: 4 | consenso: 50.0 MEDIO | score final: 144
CONTEXTO FINAL: USDDOP-OTC put reacción vendedora en resistencia | MERCADO: TENDENCIA_ALCISTA | CALIDAD: NORMAL 59 | TENDENCIA: ALCISTA_NORMAL 67.35 | ACCION: PUT_ZONA_NEUTRA
RANKING DE SEÑALES:
JUPUSD-OTC | put | pullback bajista a EMA | puntaje: 16 | prioridad: 3 | consenso: 50.0 MEDIO | score final: 107
CONTEXTO FINAL: JUPUSD-OTC put pullback bajista a EMA | MERCADO: TENDENCIA_BAJISTA | CALIDAD: NORMAL 57 | TENDENCIA: BAJISTA_NORMAL 50.8 | ACCION: PUT_SOPORTE_CERCA_SIN_RUPTURA
Progreso: 2600 / 2818
RANKING DE SEÑALES:
EURUSD-OTC | put | reacción vendedora en resistencia | puntaje: 18 | prioridad: 0 | consenso: 50.0 MEDIO | score final: 134
CONTEXTO FINAL: EURUSD-OTC put reacción vendedora en resistencia | MERCADO: TENDENCIA_BAJISTA | CALIDAD: NORMAL 56 | TENDENCIA: BAJISTA_NORMAL 61.59 | ACCION: ABSORCION_COMPRADORA
Ronda: 2600 Señales: 1
RANKING DE SEÑALES:
CHFJPY-OTC | put | reacción vendedora en resistencia | puntaje: 20 | prioridad: 4 | consenso: 50.0 MEDIO | score final: 138
CONTEXTO FINAL: CHFJPY-OTC put reacción vendedora en resistencia | MERCADO: TENDENCIA_ALCISTA | CALIDAD: NORMAL 65 | TENDENCIA: ALCISTA_NORMAL 69.67 | ACCION: ABSORCION_COMPRADORA
RANKING DE SEÑALES:
CANNABIS-OTC | put | liquidity sweep bajista | puntaje: 24 | prioridad: 4 | consenso: 50.0 MEDIO | score final: 214
CONTEXTO FINAL: CANNABIS-OTC put liquidity sweep bajista | MERCADO: TENDENCIA_ALCISTA | CALIDAD: NORMAL 63 | TENDENCIA: ALCISTA_NORMAL 64.99 | ACCION: PUT_SOPORTE_CERCA_SIN_RUPTURA
RANKING DE SEÑALES:
CANNABIS-OTC | call | continuación alcista con tendencia | puntaje: 13 | prioridad: 2 | consenso: 50.0 MEDIO | score final: 66
CONTEXTO FINAL: CANNABIS-OTC call continuación alcista con tendencia | MERCADO: TENDENCIA_ALCISTA | CALIDAD: NORMAL 63 | TENDENCIA: ALCISTA_FUERTE 72.21 | ACCION: CALL_RESISTENCIA_CERCA_SIN_RUPTURA
RANKING DE SEÑALES:
CANNABIS-OTC | call | continuación alcista con tendencia | puntaje: 13 | prioridad: 2 | consenso: 50.0 MEDIO | score final: 68
CONTEXTO FINAL: CANNABIS-OTC call continuación alcista con tendencia | MERCADO: TENDENCIA_ALCISTA | CALIDAD: NORMAL 58 | TENDENCIA: ALCISTA_NORMAL 64.36 | ACCION: RECHAZO_COMPRADOR_SOPORTE
RANKING DE SEÑALES:
USDDOP-OTC | call | continuación alcista con tendencia | puntaje: 11 | prioridad: 2 | consenso: 50.0 MEDIO | score final: 52
CONTEXTO FINAL: USDDOP-OTC call continuación alcista con tendencia | MERCADO: TENDENCIA_ALCISTA | CALIDAD: NORMAL 60 | TENDENCIA: ALCISTA_NORMAL 50.13 | ACCION: CALL_ZONA_NEUTRA
RANKING DE SEÑALES:
EURCAD-OTC | call | liquidity sweep alcista | puntaje: 25 | prioridad: 4 | consenso: 50.0 MEDIO | score final: 216
CANDIDATOS BOOTIQ V2: 1
CONTEXTO FINAL: EURCAD-OTC call liquidity sweep alcista | MERCADO: TENDENCIA_BAJISTA | CALIDAD: NORMAL 55 | TENDENCIA: BAJISTA_NORMAL 57.16 | ACCION: CALL_RESISTENCIA_CERCA_SIN_RUPTURA
RANKING DE SEÑALES:
EURCAD-OTC | put | pullback bajista a EMA | puntaje: 17 | prioridad: 3 | consenso: 50.0 MEDIO | score final: 99
CONTEXTO FINAL: EURCAD-OTC put pullback bajista a EMA | MERCADO: TENDENCIA_BAJISTA | CALIDAD: NORMAL 59 | TENDENCIA: BAJISTA_NORMAL 57.19 | ACCION: PUT_SOPORTE_CERCA_SIN_RUPTURA
Progreso: 2625 / 2818
RANKING DE SEÑALES:
CANNABIS-OTC | call | liquidity sweep alcista | puntaje: 22 | prioridad: 4 | consenso: 50.0 MEDIO | score final: 200
CANDIDATOS BOOTIQ V2: 1
CONTEXTO FINAL: CANNABIS-OTC call liquidity sweep alcista | MERCADO: TENDENCIA_BAJISTA | CALIDAD: NORMAL 61 | TENDENCIA: BAJISTA_FUERTE 71.8 | ACCION: CALL_RESISTENCIA_CERCA_SIN_RUPTURA
RANKING DE SEÑALES:
USNDAQ100-OTC | put | continuación bajista con tendencia | puntaje: 11 | prioridad: 2 | consenso: 50.0 MEDIO | score final: 52
CONTEXTO FINAL: USNDAQ100-OTC put continuación bajista con tendencia | MERCADO: TENDENCIA_BAJISTA | CALIDAD: NORMAL 65 | TENDENCIA: BAJISTA_FUERTE 83.46 | ACCION: PUT_SOPORTE_CERCA_SIN_RUPTURA
RANKING DE SEÑALES:
USNDAQ100-OTC | put | continuación bajista con tendencia | puntaje: 11 | prioridad: 2 | consenso: 50.0 MEDIO | score final: 62
CONTEXTO FINAL: USNDAQ100-OTC put continuación bajista con tendencia | MERCADO: TENDENCIA_BAJISTA | CALIDAD: NORMAL 67 | TENDENCIA: BAJISTA_FUERTE 79.19 | ACCION: PUT_SOPORTE_CERCA_SIN_RUPTURA
RANKING DE SEÑALES:
USNDAQ100-OTC | put | continuación bajista con tendencia | puntaje: 11 | prioridad: 2 | consenso: 50.0 MEDIO | score final: 52
CONTEXTO FINAL: USNDAQ100-OTC put continuación bajista con tendencia | MERCADO: TENDENCIA_BAJISTA | CALIDAD: NORMAL 72 | TENDENCIA: BAJISTA_FUERTE 82.23 | ACCION: PUT_SOPORTE_CERCA_SIN_RUPTURA
RANKING DE SEÑALES:
CANNABIS-OTC | call | liquidity sweep alcista | puntaje: 23 | prioridad: 3 | consenso: 50.0 MEDIO | score final: 207
CANDIDATOS BOOTIQ V2: 1
CONTEXTO FINAL: CANNABIS-OTC call liquidity sweep alcista | MERCADO: TENDENCIA_BAJISTA | CALIDAD: NORMAL 68 | TENDENCIA: BAJISTA_NORMAL 68.88 | ACCION: CALL_RESISTENCIA_CERCA_SIN_RUPTURA
RANKING DE SEÑALES:
CHFJPY-OTC | put | pullback bajista a EMA | puntaje: 19 | prioridad: 4 | consenso: 50.0 MEDIO | score final: 126
CONTEXTO FINAL: CHFJPY-OTC put pullback bajista a EMA | MERCADO: TENDENCIA_BAJISTA | CALIDAD: NORMAL 64 | TENDENCIA: BAJISTA_NORMAL 55.7 | ACCION: PUT_SOPORTE_CERCA_SIN_RUPTURA
RANKING DE SEÑALES:
USNDAQ100-OTC | call | reacción compradora en soporte | puntaje: 18 | prioridad: 0 | consenso: 50.0 MEDIO | score final: 125
CONTEXTO FINAL: USNDAQ100-OTC call reacción compradora en soporte | MERCADO: TENDENCIA_ALCISTA | CALIDAD: NORMAL 71 | TENDENCIA: ALCISTA_NORMAL 55.01 | ACCION: CALL_RESISTENCIA_CERCA_SIN_RUPTURA
RANKING DE SEÑALES:
USNDAQ100-OTC | put | pullback bajista a EMA | puntaje: 17 | prioridad: 3 | consenso: 50.0 MEDIO | score final: 109
CONTEXTO FINAL: USNDAQ100-OTC put pullback bajista a EMA | MERCADO: TENDENCIA_BAJISTA | CALIDAD: NORMAL 73 | TENDENCIA: BAJISTA_DEBIL 49.9 | ACCION: PUT_SOPORTE_CERCA_SIN_RUPTURA
RANKING DE SEÑALES:
USNDAQ100-OTC | put | CHOCH bajista | puntaje: 21 | prioridad: 4 | consenso: 50.0 MEDIO | score final: 148
CONTEXTO FINAL: USNDAQ100-OTC put CHOCH bajista | MERCADO: TENDENCIA_BAJISTA | CALIDAD: LIMPIO 81 | TENDENCIA: BAJISTA_NORMAL 68.54 | ACCION: ABSORCION_COMPRADORA
RANKING DE SEÑALES:
JUPUSD-OTC | call | CHOCH alcista | puntaje: 19 | prioridad: 3 | consenso: 50.0 MEDIO | score final: 131
CONTEXTO FINAL: JUPUSD-OTC call CHOCH alcista | MERCADO: TENDENCIA_ALCISTA | CALIDAD: NORMAL 61 | TENDENCIA: ALCISTA_NORMAL 65.07 | ACCION: CALL_RESISTENCIA_CERCA_SIN_RUPTURA
Progreso: 2650 / 2818
RANKING DE SEÑALES:
EURUSD-OTC | put | continuación bajista con tendencia | puntaje: 11 | prioridad: 2 | consenso: 50.0 MEDIO | score final: 52
CONTEXTO FINAL: EURUSD-OTC put continuación bajista con tendencia | MERCADO: TENDENCIA_BAJISTA | CALIDAD: NORMAL 64 | TENDENCIA: BAJISTA_FUERTE 77.99 | ACCION: PUT_SOPORTE_CERCA_SIN_RUPTURA
Progreso: 2675 / 2818
Progreso: 2700 / 2818
Ronda: 2700 Señales: 0
RANKING DE SEÑALES:
AUS200-OTC | put | pullback bajista a EMA | puntaje: 16 | prioridad: 3 | consenso: 50.0 MEDIO | score final: 97
CONTEXTO FINAL: AUS200-OTC put pullback bajista a EMA | MERCADO: TENDENCIA_BAJISTA | CALIDAD: NORMAL 69 | TENDENCIA: BAJISTA_NORMAL 54.1 | ACCION: PUT_SOPORTE_CERCA_SIN_RUPTURA
RANKING DE SEÑALES:
EURUSD-OTC | put | liquidity sweep bajista | puntaje: 22 | prioridad: 4 | consenso: 50.0 MEDIO | score final: 200
CONTEXTO FINAL: EURUSD-OTC put liquidity sweep bajista | MERCADO: TENDENCIA_ALCISTA | CALIDAD: NORMAL 59 | TENDENCIA: ALCISTA_FUERTE 77.79 | ACCION: PUT_SOPORTE_CERCA_SIN_RUPTURA
RANKING DE SEÑALES:
EURUSD-OTC | call | pullback alcista a EMA | puntaje: 16 | prioridad: 3 | consenso: 50.0 MEDIO | score final: 115
CONTEXTO FINAL: EURUSD-OTC call pullback alcista a EMA | MERCADO: TENDENCIA_ALCISTA | CALIDAD: NORMAL 61 | TENDENCIA: ALCISTA_NORMAL 67.66 | ACCION: CALL_RESISTENCIA_CERCA_SIN_RUPTURA
RANKING DE SEÑALES:
JUPUSD-OTC | call | continuación alcista con tendencia | puntaje: 11 | prioridad: 2 | consenso: 50.0 MEDIO | score final: 52
CONTEXTO FINAL: JUPUSD-OTC call continuación alcista con tendencia | MERCADO: TENDENCIA_ALCISTA | CALIDAD: NORMAL 60 | TENDENCIA: ALCISTA_NORMAL 55.18 | ACCION: ABSORCION_VENDEDORA
RANKING DE SEÑALES:
CANNABIS-OTC | put | pullback bajista a EMA | puntaje: 16 | prioridad: 3 | consenso: 50.0 MEDIO | score final: 97
CONTEXTO FINAL: CANNABIS-OTC put pullback bajista a EMA | MERCADO: TENDENCIA_BAJISTA | CALIDAD: NORMAL 64 | TENDENCIA: BAJISTA_NORMAL 55.67 | ACCION: PUT_SOPORTE_CERCA_SIN_RUPTURA
RANKING DE SEÑALES:
EURUSD-OTC | put | liquidity sweep bajista | puntaje: 22 | prioridad: 4 | consenso: 50.0 MEDIO | score final: 200
CONTEXTO FINAL: EURUSD-OTC put liquidity sweep bajista | MERCADO: TENDENCIA_ALCISTA | CALIDAD: NORMAL 63 | TENDENCIA: ALCISTA_NORMAL 68.91 | ACCION: PUT_SOPORTE_CERCA_SIN_RUPTURA
RANKING DE SEÑALES:
CANNABIS-OTC | put | continuación bajista con tendencia | puntaje: 11 | prioridad: 2 | consenso: 50.0 MEDIO | score final: 52
CONTEXTO FINAL: CANNABIS-OTC put continuación bajista con tendencia | MERCADO: TENDENCIA_BAJISTA | CALIDAD: NORMAL 57 | TENDENCIA: BAJISTA_NORMAL 56.49 | ACCION: PUT_SOPORTE_CERCA_SIN_RUPTURA
RANKING DE SEÑALES:
CANNABIS-OTC | put | continuación bajista con tendencia | puntaje: 14 | prioridad: 3 | consenso: 50.0 MEDIO | score final: 63
CONTEXTO FINAL: CANNABIS-OTC put continuación bajista con tendencia | MERCADO: TENDENCIA_BAJISTA | CALIDAD: NORMAL 57 | TENDENCIA: BAJISTA_NORMAL 63.29 | ACCION: PUT_SOPORTE_CERCA_SIN_RUPTURA
Progreso: 2725 / 2818
RANKING DE SEÑALES:
USNDAQ100-OTC | put | CHOCH bajista | puntaje: 19 | prioridad: 3 | consenso: 50.0 MEDIO | score final: 131
USNDAQ100-OTC | put | continuación bajista con tendencia | puntaje: 11 | prioridad: 2 | consenso: 50.0 MEDIO | score final: 52
CONTEXTO FINAL: USNDAQ100-OTC put CHOCH bajista | MERCADO: TENDENCIA_BAJISTA | CALIDAD: NORMAL 56 | TENDENCIA: BAJISTA_FUERTE 71.85 | ACCION: PUT_SOPORTE_CERCA_SIN_RUPTURA
CONTEXTO FINAL: USNDAQ100-OTC put continuación bajista con tendencia | MERCADO: TENDENCIA_BAJISTA | CALIDAD: NORMAL 56 | TENDENCIA: BAJISTA_FUERTE 71.85 | ACCION: PUT_SOPORTE_CERCA_SIN_RUPTURA
RANKING DE SEÑALES:
USNDAQ100-OTC | put | CHOCH bajista | puntaje: 19 | prioridad: 3 | consenso: 50.0 MEDIO | score final: 131
USNDAQ100-OTC | put | continuación bajista con tendencia | puntaje: 11 | prioridad: 2 | consenso: 50.0 MEDIO | score final: 52
CONTEXTO FINAL: USNDAQ100-OTC put CHOCH bajista | MERCADO: TENDENCIA_BAJISTA | CALIDAD: NORMAL 56 | TENDENCIA: BAJISTA_NORMAL 68.93 | ACCION: PUT_SOPORTE_CERCA_SIN_RUPTURA
CONTEXTO FINAL: USNDAQ100-OTC put continuación bajista con tendencia | MERCADO: TENDENCIA_BAJISTA | CALIDAD: NORMAL 56 | TENDENCIA: BAJISTA_NORMAL 68.93 | ACCION: PUT_SOPORTE_CERCA_SIN_RUPTURA
RANKING DE SEÑALES:
CANNABIS-OTC | put | continuación bajista con tendencia | puntaje: 11 | prioridad: 2 | consenso: 50.0 MEDIO | score final: 62
CONTEXTO FINAL: CANNABIS-OTC put continuación bajista con tendencia | MERCADO: TENDENCIA_BAJISTA | CALIDAD: NORMAL 59 | TENDENCIA: BAJISTA_NORMAL 61.45 | ACCION: PUT_SOPORTE_CERCA_SIN_RUPTURA
RANKING DE SEÑALES:
EURCAD-OTC | put | reacción vendedora en resistencia | puntaje: 23 | prioridad: 0 | consenso: 50.0 MEDIO | score final: 138
EURCAD-OTC | put | pullback bajista a EMA | puntaje: 19 | prioridad: 4 | consenso: 50.0 MEDIO | score final: 128
CONTEXTO FINAL: EURCAD-OTC put reacción vendedora en resistencia | MERCADO: TENDENCIA_BAJISTA | CALIDAD: NORMAL 57 | TENDENCIA: BAJISTA_NORMAL 59.6 | ACCION: PUT_SOPORTE_CERCA_SIN_RUPTURA
CONTEXTO FINAL: EURCAD-OTC put pullback bajista a EMA | MERCADO: TENDENCIA_BAJISTA | CALIDAD: NORMAL 57 | TENDENCIA: BAJISTA_NORMAL 59.6 | ACCION: PUT_SOPORTE_CERCA_SIN_RUPTURA
RANKING DE SEÑALES:
CASINOS-OTC | put | reacción vendedora en resistencia | puntaje: 20 | prioridad: 4 | consenso: 50.0 MEDIO | score final: 138
CONTEXTO FINAL: CASINOS-OTC put reacción vendedora en resistencia | MERCADO: TENDENCIA_ALCISTA | CALIDAD: NORMAL 62 | TENDENCIA: ALCISTA_NORMAL 61.47 | ACCION: ABSORCION_COMPRADORA
RANKING DE SEÑALES:
AUS200-OTC | put | pullback bajista a EMA | puntaje: 19 | prioridad: 4 | consenso: 50.0 MEDIO | score final: 126
CONTEXTO FINAL: AUS200-OTC put pullback bajista a EMA | MERCADO: TENDENCIA_BAJISTA | CALIDAD: NORMAL 55 | TENDENCIA: BAJISTA_NORMAL 51.05 | ACCION: PUT_SOPORTE_CERCA_SIN_RUPTURA
RANKING DE SEÑALES:
CASINOS-OTC | call | liquidity sweep alcista | puntaje: 22 | prioridad: 4 | consenso: 50.0 MEDIO | score final: 200
CANDIDATOS BOOTIQ V2: 1
CONTEXTO FINAL: CASINOS-OTC call liquidity sweep alcista | MERCADO: TENDENCIA_ALCISTA | CALIDAD: NORMAL 55 | TENDENCIA: ALCISTA_NORMAL 55.92 | ACCION: CALL_RESISTENCIA_CERCA_SIN_RUPTURA
RANKING DE SEÑALES:
CASINOS-OTC | put | reacción vendedora en resistencia | puntaje: 20 | prioridad: 4 | consenso: 50.0 MEDIO | score final: 138
CONTEXTO FINAL: CASINOS-OTC put reacción vendedora en resistencia | MERCADO: TENDENCIA_ALCISTA | CALIDAD: NORMAL 57 | TENDENCIA: ALCISTA_NORMAL 52.6 | ACCION: ABSORCION_COMPRADORA
RANKING DE SEÑALES:
EURUSD-OTC | call | continuación alcista con tendencia | puntaje: 11 | prioridad: 2 | consenso: 50.0 MEDIO | score final: 62
CONTEXTO FINAL: EURUSD-OTC call continuación alcista con tendencia | MERCADO: TENDENCIA_ALCISTA | CALIDAD: NORMAL 57 | TENDENCIA: ALCISTA_NORMAL 54.85 | ACCION: CALL_RESISTENCIA_CERCA_SIN_RUPTURA
Progreso: 2750 / 2818
RANKING DE SEÑALES:
CANNABIS-OTC | put | pullback bajista a EMA | puntaje: 19 | prioridad: 4 | consenso: 50.0 MEDIO | score final: 126
CONTEXTO FINAL: CANNABIS-OTC put pullback bajista a EMA | MERCADO: TENDENCIA_BAJISTA | CALIDAD: NORMAL 70 | TENDENCIA: BAJISTA_NORMAL 57.95 | ACCION: PUT_SOPORTE_CERCA_SIN_RUPTURA
RANKING DE SEÑALES:
CASINOS-OTC | call | liquidity sweep alcista | puntaje: 22 | prioridad: 4 | consenso: 50.0 MEDIO | score final: 200
CANDIDATOS BOOTIQ V2: 1
CONTEXTO FINAL: CASINOS-OTC call liquidity sweep alcista | MERCADO: TENDENCIA_BAJISTA | CALIDAD: NORMAL 64 | TENDENCIA: BAJISTA_NORMAL 62.25 | ACCION: CALL_RESISTENCIA_CERCA_SIN_RUPTURA
Progreso: 2775 / 2818
RANKING DE SEÑALES:
EURCAD-OTC | call | pullback alcista a EMA | puntaje: 16 | prioridad: 3 | consenso: 50.0 MEDIO | score final: 105
CONTEXTO FINAL: EURCAD-OTC call pullback alcista a EMA | MERCADO: TENDENCIA_ALCISTA | CALIDAD: NORMAL 64 | TENDENCIA: ALCISTA_NORMAL 52.9 | ACCION: CALL_RESISTENCIA_CERCA_SIN_RUPTURA
Progreso: 2800 / 2818
Ronda: 2800 Señales: 0
RANKING DE SEÑALES:
USNDAQ100-OTC | put | reacción vendedora en resistencia | puntaje: 18 | prioridad: 0 | consenso: 50.0 MEDIO | score final: 116
CONTEXTO FINAL: USNDAQ100-OTC put reacción vendedora en resistencia | MERCADO: TENDENCIA_ALCISTA | CALIDAD: NORMAL 57 | TENDENCIA: ALCISTA_FUERTE 72.7 | ACCION: PUT_ZONA_NEUTRA
RANKING DE SEÑALES:
USNDAQ100-OTC | put | reacción vendedora en resistencia | puntaje: 18 | prioridad: 0 | consenso: 50.0 MEDIO | score final: 116
CONTEXTO FINAL: USNDAQ100-OTC put reacción vendedora en resistencia | MERCADO: TENDENCIA_ALCISTA | CALIDAD: NORMAL 58 | TENDENCIA: ALCISTA_FUERTE 74.55 | ACCION: PUT_ZONA_NEUTRA
RANKING DE SEÑALES:
NZDCAD-OTC | put | CHOCH bajista | puntaje: 21 | prioridad: 4 | consenso: 50.0 MEDIO | score final: 148
NZDCAD-OTC | put | pullback bajista a EMA | puntaje: 16 | prioridad: 3 | consenso: 50.0 MEDIO | score final: 97
CONTEXTO FINAL: NZDCAD-OTC put CHOCH bajista | MERCADO: TENDENCIA_BAJISTA | CALIDAD: NORMAL 57 | TENDENCIA: BAJISTA_NORMAL 63.97 | ACCION: PUT_SOPORTE_CERCA_SIN_RUPTURA
CONTEXTO FINAL: NZDCAD-OTC put pullback bajista a EMA | MERCADO: TENDENCIA_BAJISTA | CALIDAD: NORMAL 57 | TENDENCIA: BAJISTA_NORMAL 63.97 | ACCION: PUT_SOPORTE_CERCA_SIN_RUPTURA
RANKING DE SEÑALES:
EURCAD-OTC | call | liquidity sweep alcista | puntaje: 22 | prioridad: 4 | consenso: 50.0 MEDIO | score final: 200
CANDIDATOS BOOTIQ V2: 1
CONTEXTO FINAL: EURCAD-OTC call liquidity sweep alcista | MERCADO: TENDENCIA_BAJISTA | CALIDAD: NORMAL 59 | TENDENCIA: BAJISTA_NORMAL 67.65 | ACCION: CALL_RESISTENCIA_CERCA_SIN_RUPTURA
RANKING DE SEÑALES:
USDDOP-OTC | put | liquidity sweep bajista | puntaje: 24 | prioridad: 4 | consenso: 50.0 MEDIO | score final: 214
CONTEXTO FINAL: USDDOP-OTC put liquidity sweep bajista | MERCADO: TENDENCIA_ALCISTA | CALIDAD: NORMAL 73 | TENDENCIA: ALCISTA_DEBIL 48.65 | ACCION: PUT_SOPORTE_CERCA_SIN_RUPTURA
RANKING DE SEÑALES:
EURUSD-OTC | call | CHOCH alcista | puntaje: 22 | prioridad: 4 | consenso: 50.0 MEDIO | score final: 150
CONTEXTO FINAL: EURUSD-OTC call CHOCH alcista | MERCADO: TENDENCIA_ALCISTA | CALIDAD: NORMAL 57 | TENDENCIA: ALCISTA_NORMAL 55.16 | ACCION: ABSORCION_VENDEDORA
RANKING DE SEÑALES:
CANNABIS-OTC | put | liquidity sweep bajista | puntaje: 22 | prioridad: 4 | consenso: 50.0 MEDIO | score final: 200
CONTEXTO FINAL: CANNABIS-OTC put liquidity sweep bajista | MERCADO: TENDENCIA_ALCISTA | CALIDAD: LIMPIO 85 | TENDENCIA: ALCISTA_FUERTE 87.23 | ACCION: PUT_SOPORTE_CERCA_SIN_RUPTURA
RANKING DE SEÑALES:
NIKE-OTC | put | pullback bajista a EMA | puntaje: 17 | prioridad: 3 | consenso: 50.0 MEDIO | score final: 109
CONTEXTO FINAL: NIKE-OTC put pullback bajista a EMA | MERCADO: TENDENCIA_BAJISTA | CALIDAD: NORMAL 57 | TENDENCIA: BAJISTA_NORMAL 56.38 | ACCION: PUT_SOPORTE_CERCA_SIN_RUPTURA
Aprendizaje histórico congelado: no se sobrescribió durante esta prueba.

===== BACKTEST BOT REAL =====
Datasets: 11
Paso ronda: 1
Total operaciones: 36
Ganadas: 19
Perdidas: 17
Winrate: 52.78 %
============================


===== IMPACTO CEREBRO UNICO =====
Señales evaluadas: 702
WIN hipotéticos: 343
LOSS hipotéticos: 359
Winrate universo: 48.86%
----------------------------
Autorizadas: 72
WIN autorizadas: 36
LOSS autorizadas: 36
Winrate autorizadas: 50.0%
----------------------------
Rechazadas: 630
WIN rechazadas: 307
LOSS rechazadas: 323
Winrate rechazadas: 48.73%
Precisión del bloqueo: 51.27%
----------------------------
Operadas directas: 21 | winrate: 61.9%
Operadas por protocolo: 15 | winrate: 40.0%
Canceladas por protocolo: 36 | winrate hipotético: 27.78%
================================

Total señales evaluadas: 702
Operadas: 36
Canceladas Cerebro: 630
Canceladas Protocolo: 36

===== POR ESTADO OPERACION =====
OPERADA_DIRECTA | total: 21 | win: 13 | loss: 8 | winrate: 61.9%
CANCELADA_CEREBRO | total: 630 | win: 307 | loss: 323 | winrate: 48.73%
OPERADA_PROTOCOLO | total: 15 | win: 6 | loss: 9 | winrate: 40.0%
CANCELADA_PROTOCOLO | total: 36 | win: 10 | loss: 26 | winrate: 27.78%

===== POR ESTRATEGIA =====
reacción compradora en soporte | total: 10 | win: 7 | loss: 3 | winrate: 70.0%
CHOCH alcista | total: 33 | win: 21 | loss: 12 | winrate: 63.64%
reacción vendedora en resistencia | total: 32 | win: 18 | loss: 14 | winrate: 56.25%
continuación bajista con tendencia | total: 111 | win: 59 | loss: 52 | winrate: 53.15%
continuación alcista con tendencia | total: 94 | win: 49 | loss: 45 | winrate: 52.13%
pullback bajista a EMA | total: 148 | win: 73 | loss: 75 | winrate: 49.32%
liquidity sweep alcista | total: 102 | win: 47 | loss: 55 | winrate: 46.08%
pullback alcista a EMA | total: 52 | win: 23 | loss: 29 | winrate: 44.23%
liquidity sweep bajista | total: 77 | win: 30 | loss: 47 | winrate: 38.96%
CHOCH bajista | total: 43 | win: 16 | loss: 27 | winrate: 37.21%

===== POR BASE ESTRATEGIA =====
MEDIA | total: 702 | win: 343 | loss: 359 | winrate: 48.86%

===== POR ACCION PRECIO =====
ABSORCION_COMPRADORA | total: 59 | win: 34 | loss: 25 | winrate: 57.63%
RECHAZO_COMPRADOR_SOPORTE | total: 44 | win: 24 | loss: 20 | winrate: 54.55%
ABSORCION_VENDEDORA | total: 50 | win: 27 | loss: 23 | winrate: 54.0%
CALL_RESISTENCIA_CERCA_SIN_RUPTURA | total: 191 | win: 95 | loss: 96 | winrate: 49.74%
PUT_SOPORTE_CERCA_SIN_RUPTURA | total: 287 | win: 133 | loss: 154 | winrate: 46.34%
PUT_ZONA_NEUTRA | total: 24 | win: 11 | loss: 13 | winrate: 45.83%
RECHAZO_VENDEDOR_RESISTENCIA | total: 41 | win: 18 | loss: 23 | winrate: 43.9%
CALL_ZONA_NEUTRA | total: 6 | win: 1 | loss: 5 | winrate: 16.67%

===== POR PA PROFESIONAL =====
RECHAZO_COMPRADOR_CONFIRMADO | total: 10 | win: 7 | loss: 3 | winrate: 70.0%
RECHAZO_COMPRADOR_HISTORICO | total: 20 | win: 13 | loss: 7 | winrate: 65.0%
RECHAZO_VENDEDOR_CONFIRMADO | total: 22 | win: 14 | loss: 8 | winrate: 63.64%
IMPULSO_ALCISTA_FUERTE | total: 54 | win: 33 | loss: 21 | winrate: 61.11%
RECHAZO_VENDEDOR_OBSERVADO | total: 14 | win: 8 | loss: 6 | winrate: 57.14%
RECHAZO_VENDEDOR_HISTORICO | total: 36 | win: 19 | loss: 17 | winrate: 52.78%
IMPULSO_BAJISTA_MEDIO | total: 162 | win: 82 | loss: 80 | winrate: 50.62%
IMPULSO_BAJISTA_AGOTANDOSE | total: 28 | win: 14 | loss: 14 | winrate: 50.0%
RECHAZO_COMPRADOR_OBSERVADO | total: 16 | win: 8 | loss: 8 | winrate: 50.0%
IMPULSO_BAJISTA_FUERTE | total: 22 | win: 10 | loss: 12 | winrate: 45.45%
IMPULSO_ALCISTA_AGOTANDOSE | total: 31 | win: 14 | loss: 17 | winrate: 45.16%
SIN_CONTEXTO_CLARO | total: 184 | win: 79 | loss: 105 | winrate: 42.93%
IMPULSO_ALCISTA_MEDIO | total: 102 | win: 42 | loss: 60 | winrate: 41.18%
AGOTAMIENTO_ALCISTA_CONFIRMADO | total: 1 | win: 0 | loss: 1 | winrate: 0.0%

===== POR DIRECCION PA =====
PUT | total: 285 | win: 147 | loss: 138 | winrate: 51.58%
CALL | total: 233 | win: 117 | loss: 116 | winrate: 50.21%
NEUTRA | total: 184 | win: 79 | loss: 105 | winrate: 42.93%

===== POR RUPTURA =====
FALSA_RUPTURA_SOPORTE | total: 6 | win: 4 | loss: 2 | winrate: 66.67%
SIN_RUPTURA_RESISTENCIA | total: 283 | win: 144 | loss: 139 | winrate: 50.88%
SIN_RUPTURA_SOPORTE | total: 405 | win: 192 | loss: 213 | winrate: 47.41%
FALSA_RUPTURA_RESISTENCIA | total: 8 | win: 3 | loss: 5 | winrate: 37.5%

===== POR TIPO SETUP =====
RECHAZO_BAJISTA | total: 7 | win: 5 | loss: 2 | winrate: 71.43%
CHOCH_ALCISTA | total: 33 | win: 21 | loss: 12 | winrate: 63.64%
INDEFINIDO | total: 33 | win: 19 | loss: 14 | winrate: 57.58%
CONTINUACION | total: 405 | win: 204 | loss: 201 | winrate: 50.37%
RECHAZO_ALCISTA | total: 2 | win: 1 | loss: 1 | winrate: 50.0%
SWEEP_ALCISTA | total: 80 | win: 37 | loss: 43 | winrate: 46.25%
REVERSION_ALCISTA | total: 22 | win: 10 | loss: 12 | winrate: 45.45%
SWEEP_BAJISTA | total: 69 | win: 27 | loss: 42 | winrate: 39.13%
REVERSION_BAJISTA | total: 8 | win: 3 | loss: 5 | winrate: 37.5%
CHOCH_BAJISTA | total: 43 | win: 16 | loss: 27 | winrate: 37.21%

===== POR FAMILIA SETUP =====
REACCIÓN_ZONA | total: 42 | win: 25 | loss: 17 | winrate: 59.52%
CONTINUACIÓN | total: 405 | win: 204 | loss: 201 | winrate: 50.37%
REVERSIÓN_ESTRUCTURAL | total: 76 | win: 37 | loss: 39 | winrate: 48.68%
REVERSIÓN | total: 179 | win: 77 | loss: 102 | winrate: 43.02%

===== POR SUBTIPO SETUP =====
PULLBACK_TENDENCIA_AGOTADA | total: 2 | win: 2 | loss: 0 | winrate: 100.0%
ZONA_RECHAZO_CONFIRMADO | total: 24 | win: 18 | loss: 6 | winrate: 75.0%
CONTINUACION_TENDENCIA_FUERTE | total: 64 | win: 37 | loss: 27 | winrate: 57.81%
SWEEP_CON_RECHAZO_AGOTAMIENTO | total: 23 | win: 12 | loss: 11 | winrate: 52.17%
CHOCH_CON_PA_A_FAVOR | total: 67 | win: 34 | loss: 33 | winrate: 50.75%
CONTINUACION_SIMPLE | total: 141 | win: 71 | loss: 70 | winrate: 50.35%
SWEEP_SIMPLE | total: 44 | win: 21 | loss: 23 | winrate: 47.73%
PULLBACK_GENERICO | total: 198 | win: 94 | loss: 104 | winrate: 47.47%
CHOCH_SIMPLE | total: 7 | win: 3 | loss: 4 | winrate: 42.86%
ZONA_GENERICA | total: 17 | win: 7 | loss: 10 | winrate: 41.18%
SWEEP_RUPTURA_CONFIRMABLE | total: 112 | win: 44 | loss: 68 | winrate: 39.29%
ZONA_SIN_RUPTURA | total: 1 | win: 0 | loss: 1 | winrate: 0.0%
CHOCH_TENDENCIA_DEBIL | total: 2 | win: 0 | loss: 2 | winrate: 0.0%

===== POR PROTOCOLO SUGERIDO =====
PROTOCOLO_REACCION_ZONA | total: 35 | win: 20 | loss: 15 | winrate: 57.14%
PROTOCOLO_CONTINUACION | total: 141 | win: 77 | loss: 64 | winrate: 54.61%
PROTOCOLO_RUPTURA_RESISTENCIA | total: 191 | win: 95 | loss: 96 | winrate: 49.74%
PROTOCOLO_PULLBACK | total: 169 | win: 80 | loss: 89 | winrate: 47.34%
PROTOCOLO_CHOCH | total: 56 | win: 24 | loss: 32 | winrate: 42.86%
PROTOCOLO_SWEEP | total: 110 | win: 47 | loss: 63 | winrate: 42.73%

===== POR NIVEL SETUP =====
MEDIO | total: 702 | win: 343 | loss: 359 | winrate: 48.86%

===== POR ESTADO SETUP =====
PENDIENTE_CONFIRMACION | total: 702 | win: 343 | loss: 359 | winrate: 48.86%

===== POR CALIDAD SETUP =====
DEBIL | total: 135 | win: 75 | loss: 60 | winrate: 55.56%
PREMIUM | total: 102 | win: 55 | loss: 47 | winrate: 53.92%
BUENA | total: 281 | win: 136 | loss: 145 | winrate: 48.4%
MEDIA | total: 184 | win: 77 | loss: 107 | winrate: 41.85%

===== POR MODO ENTRADA SETUP =====
ESPERAR_RUPTURA | total: 215 | win: 110 | loss: 105 | winrate: 51.16%
NO_OPERAR | total: 16 | win: 8 | loss: 8 | winrate: 50.0%
DIRECTA | total: 471 | win: 225 | loss: 246 | winrate: 47.77%

===== POR NIVEL RIESGO PROTOCOLO =====
 | total: 651 | win: 320 | loss: 331 | winrate: 49.16%
MUY_BAJO | total: 48 | win: 22 | loss: 26 | winrate: 45.83%
BAJO | total: 3 | win: 1 | loss: 2 | winrate: 33.33%

===== POR NIVEL CONFIRMACION IA =====
 | total: 651 | win: 320 | loss: 331 | winrate: 49.16%
ALTO | total: 36 | win: 17 | loss: 19 | winrate: 47.22%
MEDIO | total: 15 | win: 6 | loss: 9 | winrate: 40.0%

===== POR ACCION CONFIRMACION IA =====
 | total: 651 | win: 320 | loss: 331 | winrate: 49.16%
ESPERAR_2 | total: 36 | win: 17 | loss: 19 | winrate: 47.22%
ESPERAR_3 | total: 15 | win: 6 | loss: 9 | winrate: 40.0%

===== POR INDICE CONFIRMACION IA =====
0_44_MUY_BAJO | total: 651 | win: 320 | loss: 331 | winrate: 49.16%
60_74_MEDIO | total: 36 | win: 17 | loss: 19 | winrate: 47.22%
45_59_BAJO | total: 15 | win: 6 | loss: 9 | winrate: 40.0%

===== POR SCORE FINAL =====
154 | total: 2 | win: 2 | loss: 0 | winrate: 100.0%
210 | total: 1 | win: 1 | loss: 0 | winrate: 100.0%
166 | total: 2 | win: 2 | loss: 0 | winrate: 100.0%
228 | total: 1 | win: 1 | loss: 0 | winrate: 100.0%
185 | total: 1 | win: 1 | loss: 0 | winrate: 100.0%
182 | total: 1 | win: 1 | loss: 0 | winrate: 100.0%
121 | total: 1 | win: 1 | loss: 0 | winrate: 100.0%
176 | total: 2 | win: 2 | loss: 0 | winrate: 100.0%
159 | total: 1 | win: 1 | loss: 0 | winrate: 100.0%
104 | total: 1 | win: 1 | loss: 0 | winrate: 100.0%
186 | total: 1 | win: 1 | loss: 0 | winrate: 100.0%
145 | total: 1 | win: 1 | loss: 0 | winrate: 100.0%
208 | total: 1 | win: 1 | loss: 0 | winrate: 100.0%
64 | total: 7 | win: 6 | loss: 1 | winrate: 85.71%
128 | total: 5 | win: 4 | loss: 1 | winrate: 80.0%
190 | total: 4 | win: 3 | loss: 1 | winrate: 75.0%
138 | total: 7 | win: 5 | loss: 2 | winrate: 71.43%
130 | total: 7 | win: 5 | loss: 2 | winrate: 71.43%
118 | total: 6 | win: 4 | loss: 2 | winrate: 66.67%
125 | total: 6 | win: 4 | loss: 2 | winrate: 66.67%

===== POR NIVEL CONSENSO =====
MEDIO | total: 702 | win: 343 | loss: 359 | winrate: 48.86%

===== POR DECISION BOOTIQ =====
OPERAR | total: 21 | win: 13 | loss: 8 | winrate: 61.9%
NO_OPERAR | total: 630 | win: 307 | loss: 323 | winrate: 48.73%
OPERAR_CON_PROTOCOLO | total: 51 | win: 23 | loss: 28 | winrate: 45.1%

===== POR CONFIANZA BOOTIQ =====
46.65 | total: 2 | win: 2 | loss: 0 | winrate: 100.0%
46.08 | total: 1 | win: 1 | loss: 0 | winrate: 100.0%
54.16 | total: 1 | win: 1 | loss: 0 | winrate: 100.0%
48.68 | total: 1 | win: 1 | loss: 0 | winrate: 100.0%
47.63 | total: 9 | win: 8 | loss: 1 | winrate: 88.89%
48.0 | total: 4 | win: 3 | loss: 1 | winrate: 75.0%
49.72 | total: 8 | win: 6 | loss: 2 | winrate: 75.0%
46.1 | total: 25 | win: 18 | loss: 7 | winrate: 72.0%
52.5 | total: 29 | win: 19 | loss: 10 | winrate: 65.52%
47.25 | total: 20 | win: 12 | loss: 8 | winrate: 60.0%
47.4 | total: 34 | win: 19 | loss: 15 | winrate: 55.88%
47.03 | total: 13 | win: 7 | loss: 6 | winrate: 53.85%
47.66 | total: 13 | win: 7 | loss: 6 | winrate: 53.85%
47.26 | total: 68 | win: 36 | loss: 32 | winrate: 52.94%
45.39 | total: 23 | win: 12 | loss: 11 | winrate: 52.17%
44.52 | total: 2 | win: 1 | loss: 1 | winrate: 50.0%
46.47 | total: 4 | win: 2 | loss: 2 | winrate: 50.0%
52.72 | total: 2 | win: 1 | loss: 1 | winrate: 50.0%
45.12 | total: 2 | win: 1 | loss: 1 | winrate: 50.0%
46.45 | total: 2 | win: 1 | loss: 1 | winrate: 50.0%

===== POR TIPO =====
turbo | total: 702 | win: 343 | loss: 359 | winrate: 48.86%

===== POR MERCADO =====
TENDENCIA_ALCISTA | total: 288 | win: 143 | loss: 145 | winrate: 49.65%
TENDENCIA_BAJISTA | total: 406 | win: 197 | loss: 209 | winrate: 48.52%
RANGO | total: 8 | win: 3 | loss: 5 | winrate: 37.5%

===== POR CALIDAD MERCADO =====
NORMAL | total: 670 | win: 332 | loss: 338 | winrate: 49.55%
LIMPIO | total: 32 | win: 11 | loss: 21 | winrate: 34.38%

===== POR TENDENCIA =====
BAJISTA_AGOTADA | total: 3 | win: 2 | loss: 1 | winrate: 66.67%
ALCISTA_FUERTE | total: 59 | win: 32 | loss: 27 | winrate: 54.24%
BAJISTA_FUERTE | total: 94 | win: 50 | loss: 44 | winrate: 53.19%
ALCISTA_NORMAL | total: 211 | win: 105 | loss: 106 | winrate: 49.76%
BAJISTA_NORMAL | total: 280 | win: 132 | loss: 148 | winrate: 47.14%
BAJISTA_DEBIL | total: 32 | win: 14 | loss: 18 | winrate: 43.75%
ALCISTA_DEBIL | total: 23 | win: 8 | loss: 15 | winrate: 34.78%

===== POR ACTIVO =====
CHFJPY-OTC | total: 45 | win: 29 | loss: 16 | winrate: 64.44%
NIKE-OTC | total: 59 | win: 34 | loss: 25 | winrate: 57.63%
USNDAQ100-OTC | total: 72 | win: 39 | loss: 33 | winrate: 54.17%
EURCAD-OTC | total: 65 | win: 35 | loss: 30 | winrate: 53.85%
AUS200-OTC | total: 103 | win: 54 | loss: 49 | winrate: 52.43%
JUPUSD-OTC | total: 46 | win: 22 | loss: 24 | winrate: 47.83%
CANNABIS-OTC | total: 102 | win: 45 | loss: 57 | winrate: 44.12%
CASINOS-OTC | total: 51 | win: 22 | loss: 29 | winrate: 43.14%
EURUSD-OTC | total: 68 | win: 28 | loss: 40 | winrate: 41.18%
USDDOP-OTC | total: 38 | win: 15 | loss: 23 | winrate: 39.47%
NZDCAD-OTC | total: 53 | win: 20 | loss: 33 | winrate: 37.74%

===== POR EVIDENCIA PA =====
RECHAZO_COMPRADOR_CONFIRMADO | IMPULSO_ALCISTA_MEDIO | RECHAZO_COMPRADOR_HISTORICO | total: 1 | win: 1 | loss: 0 | winrate: 100.0%
RECHAZO_VENDEDOR_CONFIRMADO | IMPULSO_BAJISTA_MEDIO | RECHAZO_VENDEDOR_HISTORICO | total: 4 | win: 4 | loss: 0 | winrate: 100.0%
RECHAZO_VENDEDOR_CONFIRMADO | IMPULSO_BAJISTA_MEDIO | RECHAZO_VENDEDOR_OBSERVADO | total: 1 | win: 1 | loss: 0 | winrate: 100.0%
IMPULSO_ALCISTA_MEDIO | RECHAZO_VENDEDOR_OBSERVADO | CONTRADICCION_PA | total: 2 | win: 2 | loss: 0 | winrate: 100.0%
RECHAZO_COMPRADOR_CONFIRMADO | IMPULSO_ALCISTA_MEDIO | RECHAZO_COMPRADOR_OBSERVADO | total: 1 | win: 1 | loss: 0 | winrate: 100.0%
RECHAZO_VENDEDOR_CONFIRMADO | IMPULSO_BAJISTA_FUERTE | total: 1 | win: 1 | loss: 0 | winrate: 100.0%
RECHAZO_VENDEDOR_CONFIRMADO | RECHAZO_VENDEDOR_HISTORICO | total: 1 | win: 1 | loss: 0 | winrate: 100.0%
RECHAZO_COMPRADOR_CONFIRMADO | IMPULSO_ALCISTA_MEDIO | total: 6 | win: 5 | loss: 1 | winrate: 83.33%
IMPULSO_ALCISTA_MEDIO | RECHAZO_COMPRADOR_HISTORICO | total: 11 | win: 8 | loss: 3 | winrate: 72.73%
IMPULSO_ALCISTA_AGOTANDOSE | RECHAZO_VENDEDOR_HISTORICO | CONTRADICCION_PA | total: 3 | win: 2 | loss: 1 | winrate: 66.67%
IMPULSO_ALCISTA_AGOTANDOSE | RECHAZO_COMPRADOR_HISTORICO | total: 3 | win: 2 | loss: 1 | winrate: 66.67%
RECHAZO_COMPRADOR_HISTORICO | total: 3 | win: 2 | loss: 1 | winrate: 66.67%
IMPULSO_BAJISTA_MEDIO | RECHAZO_COMPRADOR_OBSERVADO | CONTRADICCION_PA | total: 3 | win: 2 | loss: 1 | winrate: 66.67%
RECHAZO_VENDEDOR_HISTORICO | total: 14 | win: 9 | loss: 5 | winrate: 64.29%
IMPULSO_ALCISTA_FUERTE | total: 54 | win: 33 | loss: 21 | winrate: 61.11%
RECHAZO_VENDEDOR_CONFIRMADO | total: 7 | win: 4 | loss: 3 | winrate: 57.14%
RECHAZO_VENDEDOR_OBSERVADO | total: 14 | win: 8 | loss: 6 | winrate: 57.14%
IMPULSO_BAJISTA_AGOTANDOSE | total: 25 | win: 13 | loss: 12 | winrate: 52.0%
IMPULSO_BAJISTA_MEDIO | total: 153 | win: 78 | loss: 75 | winrate: 50.98%
IMPULSO_BAJISTA_AGOTANDOSE | RECHAZO_COMPRADOR_OBSERVADO | CONTRADICCION_PA | total: 2 | win: 1 | loss: 1 | winrate: 50.0%

===== POR EVIDENCIA MERCADO =====
TENDENCIA_ALCISTA | MERCADO_LIMPIO | TENDENCIA_LIMPIA | SCORE_MERCADO_ALTO | total: 1 | win: 1 | loss: 0 | winrate: 100.0%
TENDENCIA_ALCISTA | MERCADO_NORMAL | TENDENCIA_FUERTE | TENDENCIA_LIMPIA | SCORE_MERCADO_ALTO | total: 10 | win: 7 | loss: 3 | winrate: 70.0%
TENDENCIA_BAJISTA | MERCADO_LIMPIO | TENDENCIA_FUERTE | SCORE_MERCADO_ALTO | total: 3 | win: 2 | loss: 1 | winrate: 66.67%
TENDENCIA_ALCISTA | MERCADO_NORMAL | TENDENCIA_DEBIL | SCORE_MERCADO_ALTO | total: 3 | win: 2 | loss: 1 | winrate: 66.67%
TENDENCIA_BAJISTA | MERCADO_NORMAL | TENDENCIA_AGOTADA | total: 3 | win: 2 | loss: 1 | winrate: 66.67%
MERCADO_RANGO | MERCADO_LIMPIO | SCORE_MERCADO_ALTO | total: 3 | win: 2 | loss: 1 | winrate: 66.67%
TENDENCIA_ALCISTA | MERCADO_LIMPIO | TENDENCIA_FUERTE | TENDENCIA_LIMPIA | SCORE_MERCADO_ALTO | total: 3 | win: 2 | loss: 1 | winrate: 66.67%
TENDENCIA_BAJISTA | MERCADO_NORMAL | TENDENCIA_FUERTE | SCORE_MERCADO_ALTO | total: 8 | win: 5 | loss: 3 | winrate: 62.5%
TENDENCIA_BAJISTA | MERCADO_NORMAL | TENDENCIA_LIMPIA | total: 56 | win: 33 | loss: 23 | winrate: 58.93%
TENDENCIA_ALCISTA | MERCADO_NORMAL | TENDENCIA_FUERTE | total: 26 | win: 15 | loss: 11 | winrate: 57.69%
TENDENCIA_BAJISTA | MERCADO_NORMAL | TENDENCIA_FUERTE | total: 42 | win: 24 | loss: 18 | winrate: 57.14%
TENDENCIA_BAJISTA | MERCADO_LIMPIO | SCORE_MERCADO_ALTO | total: 7 | win: 4 | loss: 3 | winrate: 57.14%
TENDENCIA_BAJISTA | MERCADO_NORMAL | TENDENCIA_FUERTE | TENDENCIA_LIMPIA | total: 25 | win: 14 | loss: 11 | winrate: 56.0%
TENDENCIA_ALCISTA | MERCADO_NORMAL | TENDENCIA_LIMPIA | SCORE_MERCADO_ALTO | total: 15 | win: 8 | loss: 7 | winrate: 53.33%
TENDENCIA_ALCISTA | MERCADO_NORMAL | TENDENCIA_LIMPIA | total: 37 | win: 19 | loss: 18 | winrate: 51.35%
TENDENCIA_ALCISTA | MERCADO_NORMAL | total: 144 | win: 72 | loss: 72 | winrate: 50.0%
TENDENCIA_ALCISTA | MERCADO_NORMAL | SCORE_MERCADO_ALTO | total: 6 | win: 3 | loss: 3 | winrate: 50.0%
MERCADO_RANGO | MERCADO_NORMAL | SCORE_MERCADO_ALTO | total: 2 | win: 1 | loss: 1 | winrate: 50.0%
TENDENCIA_ALCISTA | MERCADO_NORMAL | TENDENCIA_FUERTE | SCORE_MERCADO_ALTO | total: 2 | win: 1 | loss: 1 | winrate: 50.0%
TENDENCIA_ALCISTA | MERCADO_NORMAL | TENDENCIA_FUERTE | TENDENCIA_LIMPIA | total: 14 | win: 7 | loss: 7 | winrate: 50.0%

===== POR CEREBRO UNICO DECISION =====
OPERAR | total: 21 | win: 13 | loss: 8 | winrate: 61.9%
NO_OPERAR | total: 630 | win: 307 | loss: 323 | winrate: 48.73%
OPERAR_CON_PROTOCOLO | total: 51 | win: 23 | loss: 28 | winrate: 45.1%

===== POR CEREBRO UNICO RIESGO =====
BAJO | total: 118 | win: 63 | loss: 55 | winrate: 53.39%
MEDIO | total: 373 | win: 191 | loss: 182 | winrate: 51.21%
EXTREMO | total: 90 | win: 38 | loss: 52 | winrate: 42.22%
ALTO | total: 121 | win: 51 | loss: 70 | winrate: 42.15%

===== POR CEREBRO UNICO MODO EJECUCION =====
DIRECTA | total: 21 | win: 13 | loss: 8 | winrate: 61.9%
BLOQUEADA | total: 630 | win: 307 | loss: 323 | winrate: 48.73%
PROTOCOLO | total: 51 | win: 23 | loss: 28 | winrate: 45.1%

===== POR CEREBRO UNICO REQUIERE PROTOCOLO =====
False | total: 651 | win: 320 | loss: 331 | winrate: 49.16%
True | total: 51 | win: 23 | loss: 28 | winrate: 45.1%

===== POR AJUSTE PONDERACION =====
0.0 | total: 702 | win: 343 | loss: 359 | winrate: 48.86%

===== POR CONFIANZA FINAL CEREBRO =====
46.65 | total: 2 | win: 2 | loss: 0 | winrate: 100.0%
46.08 | total: 1 | win: 1 | loss: 0 | winrate: 100.0%
54.16 | total: 1 | win: 1 | loss: 0 | winrate: 100.0%
48.68 | total: 1 | win: 1 | loss: 0 | winrate: 100.0%
47.63 | total: 9 | win: 8 | loss: 1 | winrate: 88.89%
48.0 | total: 4 | win: 3 | loss: 1 | winrate: 75.0%
49.72 | total: 8 | win: 6 | loss: 2 | winrate: 75.0%
46.1 | total: 25 | win: 18 | loss: 7 | winrate: 72.0%
52.5 | total: 29 | win: 19 | loss: 10 | winrate: 65.52%
47.25 | total: 20 | win: 12 | loss: 8 | winrate: 60.0%
47.4 | total: 34 | win: 19 | loss: 15 | winrate: 55.88%
47.03 | total: 13 | win: 7 | loss: 6 | winrate: 53.85%
47.66 | total: 13 | win: 7 | loss: 6 | winrate: 53.85%
47.26 | total: 68 | win: 36 | loss: 32 | winrate: 52.94%
45.39 | total: 23 | win: 12 | loss: 11 | winrate: 52.17%
44.52 | total: 2 | win: 1 | loss: 1 | winrate: 50.0%
46.47 | total: 4 | win: 2 | loss: 2 | winrate: 50.0%
52.72 | total: 2 | win: 1 | loss: 1 | winrate: 50.0%
45.12 | total: 2 | win: 1 | loss: 1 | winrate: 50.0%
46.45 | total: 2 | win: 1 | loss: 1 | winrate: 50.0%

===== AUDITORIA POR CONFIANZA BASE =====
50.0 | total: 702 | win: 343 | loss: 359 | winrate: 48.86%

===== AUDITORIA POR AJUSTE APRENDIZAJE =====
0.0 | total: 702 | win: 343 | loss: 359 | winrate: 48.86%

===== AUDITORIA POR AJUSTE PRICE ACTION =====
7.9 | total: 3 | win: 3 | loss: 0 | winrate: 100.0%
8.8 | total: 2 | win: 2 | loss: 0 | winrate: 100.0%
5.4 | total: 1 | win: 1 | loss: 0 | winrate: 100.0%
6.3 | total: 1 | win: 1 | loss: 0 | winrate: 100.0%
4.9 | total: 1 | win: 1 | loss: 0 | winrate: 100.0%
6.8 | total: 1 | win: 1 | loss: 0 | winrate: 100.0%
7.0 | total: 1 | win: 1 | loss: 0 | winrate: 100.0%
-2.22 | total: 5 | win: 4 | loss: 1 | winrate: 80.0%
0.9 | total: 20 | win: 15 | loss: 5 | winrate: 75.0%
-6.2 | total: 4 | win: 3 | loss: 1 | winrate: 75.0%
-5.0 | total: 3 | win: 2 | loss: 1 | winrate: 66.67%
0.5 | total: 21 | win: 13 | loss: 8 | winrate: 61.9%
3.0 | total: 12 | win: 7 | loss: 5 | winrate: 58.33%
-4.22 | total: 9 | win: 5 | loss: 4 | winrate: 55.56%
2.8 | total: 65 | win: 36 | loss: 29 | winrate: 55.38%
4.8 | total: 13 | win: 7 | loss: 6 | winrate: 53.85%
5.8 | total: 13 | win: 7 | loss: 6 | winrate: 53.85%
1.8 | total: 162 | win: 83 | loss: 79 | winrate: 51.23%
4.0 | total: 8 | win: 4 | loss: 4 | winrate: 50.0%
3.9 | total: 12 | win: 6 | loss: 6 | winrate: 50.0%

===== AUDITORIA POR AJUSTE MERCADO =====
0.0 | total: 702 | win: 343 | loss: 359 | winrate: 48.86%

===== AUDITORIA POR AJUSTE ESTRATEGIA =====
0.0 | total: 702 | win: 343 | loss: 359 | winrate: 48.86%

===== AUDITORIA POR AJUSTE EVIDENCIAS =====
0.0 | total: 702 | win: 343 | loss: 359 | winrate: 48.86%

===== AUDITORIA POR AJUSTE PONDERACION =====
0.0 | total: 702 | win: 343 | loss: 359 | winrate: 48.86%

===== AUDITORIA CONFIANZA ANTES PONDERACION =====
50.0 | total: 702 | win: 343 | loss: 359 | winrate: 48.86%

===== AUDITORIA CONFIANZA FINAL =====
50.0 | total: 702 | win: 343 | loss: 359 | winrate: 48.86%

===== CALIBRACION CONFIANZA BASE =====
0-39 | total: 0 | win: 0 | loss: 0 | winrate: 0%
40-44 | total: 0 | win: 0 | loss: 0 | winrate: 0%
45-49 | total: 0 | win: 0 | loss: 0 | winrate: 0%
50-54 | total: 702 | win: 343 | loss: 359 | winrate: 48.86%
55-59 | total: 0 | win: 0 | loss: 0 | winrate: 0%
60-64 | total: 0 | win: 0 | loss: 0 | winrate: 0%
65-69 | total: 0 | win: 0 | loss: 0 | winrate: 0%
70+ | total: 0 | win: 0 | loss: 0 | winrate: 0%

===== CALIBRACION ANTES PONDERACION =====
0-39 | total: 0 | win: 0 | loss: 0 | winrate: 0%
40-44 | total: 0 | win: 0 | loss: 0 | winrate: 0%
45-49 | total: 0 | win: 0 | loss: 0 | winrate: 0%
50-54 | total: 702 | win: 343 | loss: 359 | winrate: 48.86%
55-59 | total: 0 | win: 0 | loss: 0 | winrate: 0%
60-64 | total: 0 | win: 0 | loss: 0 | winrate: 0%
65-69 | total: 0 | win: 0 | loss: 0 | winrate: 0%
70+ | total: 0 | win: 0 | loss: 0 | winrate: 0%

===== CALIBRACION CONFIANZA FINAL =====
0-39 | total: 0 | win: 0 | loss: 0 | winrate: 0%
40-44 | total: 0 | win: 0 | loss: 0 | winrate: 0%
45-49 | total: 0 | win: 0 | loss: 0 | winrate: 0%
50-54 | total: 702 | win: 343 | loss: 359 | winrate: 48.86%
55-59 | total: 0 | win: 0 | loss: 0 | winrate: 0%
60-64 | total: 0 | win: 0 | loss: 0 | winrate: 0%
65-69 | total: 0 | win: 0 | loss: 0 | winrate: 0%
70+ | total: 0 | win: 0 | loss: 0 | winrate: 0%

===== CALIBRACION PROBABILIDAD ESTIMADA =====
0-39 | total: 0 | win: 0 | loss: 0 | winrate: 0%
40-44 | total: 115 | win: 52 | loss: 63 | winrate: 45.22%
45-49 | total: 515 | win: 255 | loss: 260 | winrate: 49.51%
50-54 | total: 72 | win: 36 | loss: 36 | winrate: 50.0%
55-59 | total: 0 | win: 0 | loss: 0 | winrate: 0%
60-64 | total: 0 | win: 0 | loss: 0 | winrate: 0%
65-69 | total: 0 | win: 0 | loss: 0 | winrate: 0%
70+ | total: 0 | win: 0 | loss: 0 | winrate: 0%

===== POR DECISION ESTADISTICA SOMBRA =====
OPERAR_CON_PROTOCOLO_SOMBRA | total: 72 | win: 36 | loss: 36 | winrate: 50.0%
NO_OPERAR_SOMBRA | total: 630 | win: 307 | loss: 323 | winrate: 48.73%

===== POR CONFIABILIDAD PROBABILIDAD =====
MEDIA | total: 219 | win: 113 | loss: 106 | winrate: 51.6%
ALTA | total: 477 | win: 228 | loss: 249 | winrate: 47.8%
BAJA | total: 6 | win: 2 | loss: 4 | winrate: 33.33%

===== POR NIVEL PROBABILIDAD PRINCIPAL =====
PA_DIRECCION | total: 38 | win: 22 | loss: 16 | winrate: 57.89%
CONTEXTO_TECNICO | total: 235 | win: 115 | loss: 120 | winrate: 48.94%
CONTEXTO_SETUP | total: 368 | win: 178 | loss: 190 | winrate: 48.37%
FAMILIA_DIRECCION | total: 42 | win: 20 | loss: 22 | winrate: 47.62%
FAMILIA_TENDENCIA | total: 16 | win: 7 | loss: 9 | winrate: 43.75%
PA | total: 3 | win: 1 | loss: 2 | winrate: 33.33%

===== COMPARACIÓN DECISIÓN ACTUAL VS SOMBRA =====
ACTUAL_SI_SOMBRA_SI | total: 72 | win: 36 | loss: 36 | winrate: 50.0%
ACTUAL_SI_SOMBRA_NO | total: 0 | win: 0 | loss: 0 | winrate: 0%
ACTUAL_NO_SOMBRA_SI | total: 0 | win: 0 | loss: 0 | winrate: 0%
ACTUAL_NO_SOMBRA_NO | total: 630 | win: 307 | loss: 323 | winrate: 48.73%
----------------------------
Autorizadas por sombra: 72
WIN sombra: 36
LOSS sombra: 36
Winrate sombra: 50.0%
=================================================


===== AUDITORIA OPERACIONES DIRECTAS — TRAIN =====
TOTAL DIRECTAS: 21 | WIN: 13 | LOSS: 8 | WR: 61.9% | activos: 7
Con auditoría de muestra: 21 / 21

--- POR EVIDENCIA SOLIDA ---
FALSE | total: 21 | win: 13 | loss: 8 | WR: 61.9% | activos: 7

--- POR CONFIABILIDAD ---
MEDIA | total: 20 | win: 13 | loss: 7 | WR: 65.0% | activos: 7
BAJA | total: 1 | win: 0 | loss: 1 | WR: 0.0% | activos: 1

--- POR RANGO DE MUESTRA ---
20-29 | total: 19 | win: 12 | loss: 7 | WR: 63.16% | activos: 7
30-49 | total: 1 | win: 1 | loss: 0 | WR: 100.0% | activos: 1
<20 | total: 1 | win: 0 | loss: 1 | WR: 0.0% | activos: 1

--- POR NIVEL PROBABILIDAD ---
CONTEXTO_SETUP | total: 19 | win: 12 | loss: 7 | WR: 63.16% | activos: 7
PA_DIRECCION | total: 1 | win: 1 | loss: 0 | WR: 100.0% | activos: 1
FAMILIA_DIRECCION | total: 1 | win: 0 | loss: 1 | WR: 0.0% | activos: 1

--- POR RANGO PROBABILIDAD ---
<55 | total: 21 | win: 13 | loss: 8 | WR: 61.9% | activos: 7

--- POR TIPO SETUP ---
CHOCH_ALCISTA | total: 20 | win: 13 | loss: 7 | WR: 65.0% | activos: 7
INDEFINIDO | total: 1 | win: 0 | loss: 1 | WR: 0.0% | activos: 1

--- POR SUBTIPO SETUP ---
CHOCH_CON_PA_A_FAVOR | total: 20 | win: 13 | loss: 7 | WR: 65.0% | activos: 7
ZONA_RECHAZO_CONFIRMADO | total: 1 | win: 0 | loss: 1 | WR: 0.0% | activos: 1

--- POR MERCADO ---
TENDENCIA_ALCISTA | total: 18 | win: 11 | loss: 7 | WR: 61.11% | activos: 7
RANGO | total: 2 | win: 1 | loss: 1 | WR: 50.0% | activos: 1
TENDENCIA_BAJISTA | total: 1 | win: 1 | loss: 0 | WR: 100.0% | activos: 1

--- POR TENDENCIA ---
ALCISTA_NORMAL | total: 11 | win: 7 | loss: 4 | WR: 63.64% | activos: 7
ALCISTA_FUERTE | total: 8 | win: 5 | loss: 3 | WR: 62.5% | activos: 5
BAJISTA_NORMAL | total: 2 | win: 1 | loss: 1 | WR: 50.0% | activos: 2

--- POR PA ---
IMPULSO_ALCISTA_FUERTE | total: 20 | win: 13 | loss: 7 | WR: 65.0% | activos: 7
RECHAZO_COMPRADOR_CONFIRMADO | total: 1 | win: 0 | loss: 1 | WR: 0.0% | activos: 1

--- NIVEL PROBABILIDAD × CONFIABILIDAD ---
CONTEXTO_SETUP | MEDIA | total: 19 | win: 12 | loss: 7 | WR: 63.16% | activos: 7
PA_DIRECCION | MEDIA | total: 1 | win: 1 | loss: 0 | WR: 100.0% | activos: 1
FAMILIA_DIRECCION | BAJA | total: 1 | win: 0 | loss: 1 | WR: 0.0% | activos: 1

--- RANGO MUESTRA × RANGO PROBABILIDAD ---
20-29 | <55 | total: 19 | win: 12 | loss: 7 | WR: 63.16% | activos: 7
30-49 | <55 | total: 1 | win: 1 | loss: 0 | WR: 100.0% | activos: 1
<20 | <55 | total: 1 | win: 0 | loss: 1 | WR: 0.0% | activos: 1

--- SUBTIPO SETUP × MERCADO ---
CHOCH_CON_PA_A_FAVOR | TENDENCIA_ALCISTA | total: 18 | win: 11 | loss: 7 | WR: 61.11% | activos: 7
CHOCH_CON_PA_A_FAVOR | RANGO | total: 1 | win: 1 | loss: 0 | WR: 100.0% | activos: 1
CHOCH_CON_PA_A_FAVOR | TENDENCIA_BAJISTA | total: 1 | win: 1 | loss: 0 | WR: 100.0% | activos: 1
ZONA_RECHAZO_CONFIRMADO | RANGO | total: 1 | win: 0 | loss: 1 | WR: 0.0% | activos: 1

--- CLAVES PRINCIPALES DIRECTAS ---
CONTEXTO_SETUP|CALL|REVERSIÓN_ESTRUCTURAL|CHOCH_ALCISTA|CHOCH_CON_PA_A_FAVOR|TENDENCIA | total: 19 | win: 12 | loss: 7 | WR: 63.16% | activos: 7
PA_DIRECCION|IMPULSO_ALCISTA_FUERTE|CALL | total: 1 | win: 1 | loss: 0 | WR: 100.0% | activos: 1
FAMILIA_DIRECCION|REACCIÓN_ZONA|CALL | total: 1 | win: 0 | loss: 1 | WR: 0.0% | activos: 1
==============================================


===== POR MOTIVO EJECUCION =====
CANCELADA_CHOCH_SIN_RUPTURA_REAL | total: 1 | win: 1 | loss: 0 | winrate: 100.0%
OPERACION_DIRECTA_CEREBRO_UNICO | total: 21 | win: 13 | loss: 8 | winrate: 61.9%
CANCELADA_CEREBRO_UNICO_NO_OPERAR | total: 630 | win: 307 | loss: 323 | winrate: 48.73%
PROTOCOLO_CHOCH_PA_FAVOR_RUPTURA_IMPULSO_ESPERA_2 | total: 15 | win: 6 | loss: 9 | winrate: 40.0%
CANCELADA_CHOCH_PA_FAVOR_SIN_CONFIRMACION | total: 30 | win: 8 | loss: 22 | winrate: 26.67%
CANCELADA_ZONA_GENERICA_SIN_RECHAZO | total: 4 | win: 1 | loss: 3 | winrate: 25.0%
CANCELADA_CHOCH_TENDENCIA_DEBIL | total: 1 | win: 0 | loss: 1 | winrate: 0.0%

===== POR ESPERA VELAS =====
3 | total: 1 | win: 1 | loss: 0 | winrate: 100.0%
0 | total: 687 | win: 330 | loss: 357 | winrate: 48.03%
2 | total: 5 | win: 2 | loss: 3 | winrate: 40.0%
1 | total: 9 | win: 3 | loss: 6 | winrate: 33.33%

===== POR RIESGOS BASE =====
MERCADO_NO_VALIDADO | total: 295 | win: 142 | loss: 153 | winrate: 48.14%
ZONA_SR_NO_VALIDADA | total: 243 | win: 123 | loss: 120 | winrate: 50.62%
ACCION_PRECIO_NO_VALIDADA | total: 109 | win: 61 | loss: 48 | winrate: 55.96%
VELA_CONTRARIA_RECIENTE | total: 98 | win: 48 | loss: 50 | winrate: 48.98%
UBICACION_FATIGA_NO_VALIDADA | total: 93 | win: 54 | loss: 39 | winrate: 58.06%

===== POR FORTALEZAS BASE =====

===== POR RIESGOS BASE =====
MERCADO_NO_VALIDADO | total: 295 | win: 142 | loss: 153 | winrate: 48.14%
ZONA_SR_NO_VALIDADA | total: 243 | win: 123 | loss: 120 | winrate: 50.62%
ACCION_PRECIO_NO_VALIDADA | total: 109 | win: 61 | loss: 48 | winrate: 55.96%
VELA_CONTRARIA_RECIENTE | total: 98 | win: 48 | loss: 50 | winrate: 48.98%
UBICACION_FATIGA_NO_VALIDADA | total: 93 | win: 54 | loss: 39 | winrate: 58.06%

===== POR FORTALEZAS BASE =====

===== AUDITORIA VETO SETUP — TRAIN =====
No se encontraron señales CANCELADA_SETUP_NO_OPERAR.
=========================================

===== AUDITORIA MOTOR PROTOCOLOS — TRAIN =====

--- POR PROTOCOLO ---
CHOCH | total: 47 | win: 15 | loss: 32 | winrate: 31.91% | activos: 11
REACCION_ZONA | total: 4 | win: 1 | loss: 3 | winrate: 25.0% | activos: 4

--- POR PROTOCOLO + ESTADO ---
CHOCH | OPERADA_PROTOCOLO | total: 15 | win: 6 | loss: 9 | winrate: 40.0% | activos: 8
CHOCH | CANCELADA_PROTOCOLO | total: 32 | win: 9 | loss: 23 | winrate: 28.12% | activos: 11
REACCION_ZONA | CANCELADA_PROTOCOLO | total: 4 | win: 1 | loss: 3 | winrate: 25.0% | activos: 4

--- POR PROTOCOLO + ESPERA ---
CHOCH | 3 | total: 1 | win: 1 | loss: 0 | winrate: 100.0% | activos: 1
CHOCH | 2 | total: 5 | win: 2 | loss: 3 | winrate: 40.0% | activos: 5
CHOCH | 1 | total: 9 | win: 3 | loss: 6 | winrate: 33.33% | activos: 5
CHOCH | -1 | total: 32 | win: 9 | loss: 23 | winrate: 28.12% | activos: 11
REACCION_ZONA | -1 | total: 4 | win: 1 | loss: 3 | winrate: 25.0% | activos: 4

--- POR PROTOCOLO + MOTIVO ---
CHOCH | CANCELADA_CHOCH_SIN_RUPTURA_REAL | total: 1 | win: 1 | loss: 0 | winrate: 100.0% | activos: 1
CHOCH | PROTOCOLO_CHOCH_PA_FAVOR_RUPTURA_IMPULSO_ESPERA_2 | total: 15 | win: 6 | loss: 9 | winrate: 40.0% | activos: 8
CHOCH | CANCELADA_CHOCH_PA_FAVOR_SIN_CONFIRMACION | total: 30 | win: 8 | loss: 22 | winrate: 26.67% | activos: 11
REACCION_ZONA | CANCELADA_ZONA_GENERICA_SIN_RECHAZO | total: 4 | win: 1 | loss: 3 | winrate: 25.0% | activos: 4
CHOCH | CANCELADA_CHOCH_TENDENCIA_DEBIL | total: 1 | win: 0 | loss: 1 | winrate: 0.0% | activos: 1

--- POR PROTOCOLO + NIVEL CONFIRMACION ---
CHOCH | ALTO | total: 32 | win: 12 | loss: 20 | winrate: 37.5% | activos: 11
REACCION_ZONA | ALTO | total: 4 | win: 1 | loss: 3 | winrate: 25.0% | activos: 4
CHOCH | MEDIO | total: 15 | win: 3 | loss: 12 | winrate: 20.0% | activos: 9

--- POR PROTOCOLO + ACCION CONFIRMACION ---
CHOCH | ESPERAR_2 | total: 32 | win: 12 | loss: 20 | winrate: 37.5% | activos: 11
REACCION_ZONA | ESPERAR_2 | total: 4 | win: 1 | loss: 3 | winrate: 25.0% | activos: 4
CHOCH | ESPERAR_3 | total: 15 | win: 3 | loss: 12 | winrate: 20.0% | activos: 9

--- POR PROTOCOLO + NIVEL RIESGO ---
REACCION_ZONA | BAJO | total: 3 | win: 1 | loss: 2 | winrate: 33.33% | activos: 3
CHOCH | MUY_BAJO | total: 47 | win: 15 | loss: 32 | winrate: 31.91% | activos: 11
REACCION_ZONA | MUY_BAJO | total: 1 | win: 0 | loss: 1 | winrate: 0.0% | activos: 1

--- POR PROTOCOLO + MERCADO ---
CHOCH | TENDENCIA_ALCISTA | total: 13 | win: 5 | loss: 8 | winrate: 38.46% | activos: 7
CHOCH | TENDENCIA_BAJISTA | total: 34 | win: 10 | loss: 24 | winrate: 29.41% | activos: 10
REACCION_ZONA | TENDENCIA_ALCISTA | total: 4 | win: 1 | loss: 3 | winrate: 25.0% | activos: 4

--- POR PROTOCOLO + TENDENCIA ---
CHOCH | ALCISTA_NORMAL | total: 8 | win: 4 | loss: 4 | winrate: 50.0% | activos: 5
CHOCH | ALCISTA_DEBIL | total: 2 | win: 1 | loss: 1 | winrate: 50.0% | activos: 2
CHOCH | BAJISTA_NORMAL | total: 21 | win: 8 | loss: 13 | winrate: 38.1% | activos: 10
REACCION_ZONA | ALCISTA_NORMAL | total: 3 | win: 1 | loss: 2 | winrate: 33.33% | activos: 3
CHOCH | BAJISTA_FUERTE | total: 13 | win: 2 | loss: 11 | winrate: 15.38% | activos: 5
CHOCH | ALCISTA_FUERTE | total: 3 | win: 0 | loss: 3 | winrate: 0.0% | activos: 3
REACCION_ZONA | ALCISTA_FUERTE | total: 1 | win: 0 | loss: 1 | winrate: 0.0% | activos: 1

--- POR PROTOCOLO + PA ---
CHOCH | RECHAZO_COMPRADOR_CONFIRMADO | total: 2 | win: 1 | loss: 1 | winrate: 50.0% | activos: 2
CHOCH | SIN_CONTEXTO_CLARO | total: 2 | win: 1 | loss: 1 | winrate: 50.0% | activos: 1
CHOCH | IMPULSO_ALCISTA_FUERTE | total: 2 | win: 1 | loss: 1 | winrate: 50.0% | activos: 1
CHOCH | IMPULSO_BAJISTA_MEDIO | total: 23 | win: 9 | loss: 14 | winrate: 39.13% | activos: 10
CHOCH | IMPULSO_ALCISTA_MEDIO | total: 6 | win: 2 | loss: 4 | winrate: 33.33% | activos: 4
CHOCH | RECHAZO_VENDEDOR_HISTORICO | total: 3 | win: 1 | loss: 2 | winrate: 33.33% | activos: 3
REACCION_ZONA | IMPULSO_ALCISTA_FUERTE | total: 4 | win: 1 | loss: 3 | winrate: 25.0% | activos: 4
CHOCH | IMPULSO_BAJISTA_FUERTE | total: 7 | win: 0 | loss: 7 | winrate: 0.0% | activos: 5
CHOCH | IMPULSO_ALCISTA_AGOTANDOSE | total: 1 | win: 0 | loss: 1 | winrate: 0.0% | activos: 1
CHOCH | IMPULSO_BAJISTA_AGOTANDOSE | total: 1 | win: 0 | loss: 1 | winrate: 0.0% | activos: 1

--- POR PROTOCOLO + SUBTIPO ---
CHOCH | choch_simple | total: 1 | win: 1 | loss: 0 | winrate: 100.0% | activos: 1
CHOCH | choch_con_pa_a_favor | total: 45 | win: 14 | loss: 31 | winrate: 31.11% | activos: 11
REACCION_ZONA | zona_generica | total: 4 | win: 1 | loss: 3 | winrate: 25.0% | activos: 4
CHOCH | choch_tendencia_debil | total: 1 | win: 0 | loss: 1 | winrate: 0.0% | activos: 1

--- CANDIDATOS PROTOCOLO TRAIN ---
Criterio: >= 8 muestras, >= 60% WR, >= 2 activos.
No hay candidatos que superen los criterios.
==============================================


===== MATRIZ SETUP × RIESGO — TRAIN =====

--- SETUP_BLOQUEA + RIESGO_BLOQUEA ---
total: 0 | win: 0 | loss: 0 | winrate: 0% | activos: 0

--- SETUP_BLOQUEA + RIESGO_PASA ---
total: 0 | win: 0 | loss: 0 | winrate: 0% | activos: 0

--- SETUP_PASA + RIESGO_BLOQUEA ---
total: 0 | win: 0 | loss: 0 | winrate: 0% | activos: 0

--- SETUP_PASA + RIESGO_PASA ---
total: 51 | win: 23 | loss: 28 | winrate: 45.1% | activos: 11
PROTOCOLOS: PROTOCOLO_CHOCH:47 | PROTOCOLO_REACCION_ZONA:4
TIPO SETUP: CHOCH_BAJISTA:34 | CHOCH_ALCISTA:13 | INDEFINIDO:3 | RECHAZO_ALCISTA:1
SUBTIPO SETUP: CHOCH_CON_PA_A_FAVOR:45 | ZONA_GENERICA:4 | CHOCH_SIMPLE:1 | CHOCH_TENDENCIA_DEBIL:1
MERCADO: TENDENCIA_BAJISTA:34 | TENDENCIA_ALCISTA:17
CONFIRMACION: ESPERAR_2:36 | ESPERAR_3:15
NIVEL RIESGO: MUY_BAJO:48 | BAJO:3

--- SOLAPAMIENTO ---
Universo protocolo: 51
Setup bloquearía: 0
Riesgo bloquearía: 0
Ambos bloquearían: 0
Solo setup: 0
Solo riesgo: 0
Ninguno: 51
==============================================


===== C3 BYPASS SOMBRA DE VETOS — TRAIN =====
No hay señales alcanzadas por C3.
============================================

===== C5 RUPTURA RESISTENCIA — TIMING TRAIN =====
No hay operaciones RUPTURA_RESISTENCIA.
==============================================

===== C6 AUDITORIA MOTOR CONFIRMACION — TRAIN =====
UNIVERSO PROTOCOLO: 51 | WIN: 16 | LOSS: 35 | WR: 31.37% | activos: 11

--- NIVEL CONFIRMACION GLOBAL ---
ALTO | total: 36 | win: 13 | loss: 23 | WR: 36.11% | activos: 11
MEDIO | total: 15 | win: 3 | loss: 12 | WR: 20.0% | activos: 9

--- ACCION CONFIRMACION GLOBAL ---
ESPERAR_2 | total: 36 | win: 13 | loss: 23 | WR: 36.11% | activos: 11
ESPERAR_3 | total: 15 | win: 3 | loss: 12 | WR: 20.0% | activos: 9

--- PROTOCOLO × NIVEL CONFIRMACION ---
CHOCH | ALTO | total: 32 | win: 12 | loss: 20 | WR: 37.5% | activos: 11
CHOCH | MEDIO | total: 15 | win: 3 | loss: 12 | WR: 20.0% | activos: 9
REACCION_ZONA | ALTO | total: 4 | win: 1 | loss: 3 | WR: 25.0% | activos: 4

--- PROTOCOLO × ACCION CONFIRMACION ---
CHOCH | ESPERAR_2 | total: 32 | win: 12 | loss: 20 | WR: 37.5% | activos: 11
CHOCH | ESPERAR_3 | total: 15 | win: 3 | loss: 12 | WR: 20.0% | activos: 9
REACCION_ZONA | ESPERAR_2 | total: 4 | win: 1 | loss: 3 | WR: 25.0% | activos: 4

--- PROTOCOLO × NIVEL × ESTADO ---
CHOCH | ALTO | CANCELADA_PROTOCOLO | total: 21 | win: 7 | loss: 14 | WR: 33.33% | activos: 11
CHOCH | ALTO | OPERADA_PROTOCOLO | total: 11 | win: 5 | loss: 6 | WR: 45.45% | activos: 6
CHOCH | MEDIO | CANCELADA_PROTOCOLO | total: 11 | win: 2 | loss: 9 | WR: 18.18% | activos: 8
CHOCH | MEDIO | OPERADA_PROTOCOLO | total: 4 | win: 1 | loss: 3 | WR: 25.0% | activos: 4
REACCION_ZONA | ALTO | CANCELADA_PROTOCOLO | total: 4 | win: 1 | loss: 3 | WR: 25.0% | activos: 4

--- INDICE CONFIRMACION POR RANGO ---
45-59 | total: 15 | win: 3 | loss: 12 | WR: 20.0% | activos: 9
60-74 | total: 36 | win: 13 | loss: 23 | WR: 36.11% | activos: 11

--- COMPARACION MEDIO VS ALTO ---
MEDIO | total: 15 | win: 3 | loss: 12 | WR: 20.0% | activos: 9
ALTO | total: 36 | win: 13 | loss: 23 | WR: 36.11% | activos: 11
DIFERENCIA MEDIO - ALTO: -16.11 puntos
==============================================


===== C7 CONFIRMACION × ESPERA REAL — TRAIN =====

--- GLOBAL ACCION × ESPERA REAL ---
ESPERAR_2 | espera_real: -1 | total: 25 | win: 8 | loss: 17 | WR: 32.0% | activos: 11
ESPERAR_3 | espera_real: -1 | total: 11 | win: 2 | loss: 9 | WR: 18.18% | activos: 8
ESPERAR_2 | espera_real: 1 | total: 7 | win: 3 | loss: 4 | WR: 42.86% | activos: 5
ESPERAR_2 | espera_real: 2 | total: 4 | win: 2 | loss: 2 | WR: 50.0% | activos: 4
ESPERAR_3 | espera_real: 1 | total: 2 | win: 0 | loss: 2 | WR: 0.0% | activos: 2
ESPERAR_3 | espera_real: 2 | total: 1 | win: 0 | loss: 1 | WR: 0.0% | activos: 1
ESPERAR_3 | espera_real: 3 | total: 1 | win: 1 | loss: 0 | WR: 100.0% | activos: 1

--- CUMPLIMIENTO DE LA RECOMENDACION ---
ESPERAR_2 | SIN_ENTRADA | total: 25 | win: 8 | loss: 17 | WR: 32.0% | activos: 11
ESPERAR_3 | SIN_ENTRADA | total: 11 | win: 2 | loss: 9 | WR: 18.18% | activos: 8
ESPERAR_2 | ANTES_DE_LO_SUGERIDO | total: 7 | win: 3 | loss: 4 | WR: 42.86% | activos: 5
ESPERAR_2 | EXACTAMENTE_LO_SUGERIDO | total: 4 | win: 2 | loss: 2 | WR: 50.0% | activos: 4
ESPERAR_3 | ANTES_DE_LO_SUGERIDO | total: 3 | win: 0 | loss: 3 | WR: 0.0% | activos: 3
ESPERAR_3 | EXACTAMENTE_LO_SUGERIDO | total: 1 | win: 1 | loss: 0 | WR: 100.0% | activos: 1

--- PROTOCOLO × ACCION × RELACION ---
CHOCH | ESPERAR_2 | SIN_ENTRADA | total: 21 | win: 7 | loss: 14 | WR: 33.33% | activos: 11
CHOCH | ESPERAR_3 | SIN_ENTRADA | total: 11 | win: 2 | loss: 9 | WR: 18.18% | activos: 8
CHOCH | ESPERAR_2 | ANTES_DE_LO_SUGERIDO | total: 7 | win: 3 | loss: 4 | WR: 42.86% | activos: 5
CHOCH | ESPERAR_2 | EXACTAMENTE_LO_SUGERIDO | total: 4 | win: 2 | loss: 2 | WR: 50.0% | activos: 4
REACCION_ZONA | ESPERAR_2 | SIN_ENTRADA | total: 4 | win: 1 | loss: 3 | WR: 25.0% | activos: 4
CHOCH | ESPERAR_3 | ANTES_DE_LO_SUGERIDO | total: 3 | win: 0 | loss: 3 | WR: 0.0% | activos: 3
CHOCH | ESPERAR_3 | EXACTAMENTE_LO_SUGERIDO | total: 1 | win: 1 | loss: 0 | WR: 100.0% | activos: 1

--- PROTOCOLO × ACCION × ESPERA EXACTA ---
CHOCH | ESPERAR_2 | espera: -1 | total: 21 | win: 7 | loss: 14 | WR: 33.33% | activos: 11
CHOCH | ESPERAR_3 | espera: -1 | total: 11 | win: 2 | loss: 9 | WR: 18.18% | activos: 8
CHOCH | ESPERAR_2 | espera: 1 | total: 7 | win: 3 | loss: 4 | WR: 42.86% | activos: 5
CHOCH | ESPERAR_2 | espera: 2 | total: 4 | win: 2 | loss: 2 | WR: 50.0% | activos: 4
REACCION_ZONA | ESPERAR_2 | espera: -1 | total: 4 | win: 1 | loss: 3 | WR: 25.0% | activos: 4
CHOCH | ESPERAR_3 | espera: 1 | total: 2 | win: 0 | loss: 2 | WR: 0.0% | activos: 2
CHOCH | ESPERAR_3 | espera: 2 | total: 1 | win: 0 | loss: 1 | WR: 0.0% | activos: 1
CHOCH | ESPERAR_3 | espera: 3 | total: 1 | win: 1 | loss: 0 | WR: 100.0% | activos: 1

--- SOLO OPERADAS: ACCION × RELACION ---
ESPERAR_2 | ANTES_DE_LO_SUGERIDO | total: 7 | win: 3 | loss: 4 | WR: 42.86% | activos: 5
ESPERAR_2 | EXACTAMENTE_LO_SUGERIDO | total: 4 | win: 2 | loss: 2 | WR: 50.0% | activos: 4
ESPERAR_3 | ANTES_DE_LO_SUGERIDO | total: 3 | win: 0 | loss: 3 | WR: 0.0% | activos: 3
ESPERAR_3 | EXACTAMENTE_LO_SUGERIDO | total: 1 | win: 1 | loss: 0 | WR: 100.0% | activos: 1

--- RESUMEN COHERENCIA ---
Señales con objetivo de espera: 51
Exactamente: 5 | 9.8%
Antes: 10 | 19.61%
Después: 0 | 0.0%
Sin entrada: 36 | 70.59%
==============================================


===== C8 EVENTO TECNICO DE ENTRADA — TRAIN =====
OPERADAS PROTOCOLO: 15 | WIN: 6 | LOSS: 9 | WR: 40.0% | activos: 8

--- EVENTO EXACTO GLOBAL ---
PROTOCOLO_CHOCH_PA_FAVOR_RUPTURA_IMPULSO_ESPERA_2 | total: 15 | win: 6 | loss: 9 | WR: 40.0% | activos: 8

--- FAMILIA EVENTO GLOBAL ---
IMPULSO | total: 15 | win: 6 | loss: 9 | WR: 40.0% | activos: 8

--- PROTOCOLO × EVENTO EXACTO ---
CHOCH | PROTOCOLO_CHOCH_PA_FAVOR_RUPTURA_IMPULSO_ESPERA_2 | total: 15 | win: 6 | loss: 9 | WR: 40.0% | activos: 8

--- PROTOCOLO × EVENTO × TIMING ---
CHOCH | evento: IMPULSO | timing: ANTES | total: 10 | win: 3 | loss: 7 | WR: 30.0% | activos: 6
CHOCH | evento: IMPULSO | timing: EXACTA | total: 5 | win: 3 | loss: 2 | WR: 60.0% | activos: 5

--- FOCO RUPTURA_RESISTENCIA ---

--- SOLO ENTRADAS ANTES DE LO SUGERIDO ---
CHOCH | evento: IMPULSO | accion: ESPERAR_2 | espera_real: 1 | total: 7 | win: 3 | loss: 4 | WR: 42.86% | activos: 5
CHOCH | evento: IMPULSO | accion: ESPERAR_3 | espera_real: 1 | total: 2 | win: 0 | loss: 2 | WR: 0.0% | activos: 2
CHOCH | evento: IMPULSO | accion: ESPERAR_3 | espera_real: 2 | total: 1 | win: 0 | loss: 1 | WR: 0.0% | activos: 1
==============================================


===== C-C2 PROBABILIDAD POST-PROTOCOLO — TRAIN =====
Operaciones protocolo: 15
Con aprendizaje post-protocolo: 15
Sin datos post-protocolo: 0

--- CALIBRACION POST-PROTOCOLO ---
<45 | total: 0 | win: 0 | loss: 0 | WR: 0% | activos: 0
45-49 | total: 5 | win: 2 | loss: 3 | WR: 40.0% | activos: 5
50-54 | total: 10 | win: 4 | loss: 6 | WR: 40.0% | activos: 6
55-59 | total: 0 | win: 0 | loss: 0 | WR: 0% | activos: 0
60-64 | total: 0 | win: 0 | loss: 0 | WR: 0% | activos: 0
65+ | total: 0 | win: 0 | loss: 0 | WR: 0% | activos: 0

--- CONFIABILIDAD POST-PROTOCOLO ---
BAJA | total: 10 | win: 4 | loss: 6 | WR: 40.0%
MUY_BAJA | total: 5 | win: 2 | loss: 3 | WR: 40.0%

--- TOP CUANTILES POST-PROTOCOLO ---
TOP 25% | total: 4 | win: 1 | loss: 3 | WR: 25.0% | prob mínima: 51.06%
TOP 40% | total: 6 | win: 2 | loss: 4 | WR: 33.33% | prob mínima: 51.06%
TOP 50% | total: 8 | win: 3 | loss: 5 | WR: 37.5% | prob mínima: 51.06%
TOP 60% | total: 9 | win: 3 | loss: 6 | WR: 33.33% | prob mínima: 51.06%
TOP 75% | total: 11 | win: 5 | loss: 6 | WR: 45.45% | prob mínima: 48.58%
TOP 100% | total: 15 | win: 6 | loss: 9 | WR: 40.0% | prob mínima: 48.58%
============================================


===== C-C2 SOMBRA CUELLO PROTOCOLO — TRAIN =====
PROTOCOLO ACTUAL
Total: 15 | WIN: 6 | LOSS: 9 | WR: 40.0%
Con datos C-C2: 15 | Sin datos: 0

--- CORTES FIJOS C-C2 (SOLO SOMBRA) ---

Corte probabilidad >= 45.0
APROBADAS SOMBRA | total: 15 | win: 6 | loss: 9 | WR: 40.0% | activos: 8
RECHAZADAS SOMBRA | total: 0 | win: 0 | loss: 0 | WR hipotético: 0% | activos: 0

Corte probabilidad >= 50.0
APROBADAS SOMBRA | total: 10 | win: 4 | loss: 6 | WR: 40.0% | activos: 6
RECHAZADAS SOMBRA | total: 5 | win: 2 | loss: 3 | WR hipotético: 40.0% | activos: 5

Corte probabilidad >= 52.5
APROBADAS SOMBRA | total: 0 | win: 0 | loss: 0 | WR: 0% | activos: 0
RECHAZADAS SOMBRA | total: 15 | win: 6 | loss: 9 | WR hipotético: 40.0% | activos: 8

Corte probabilidad >= 55.0
APROBADAS SOMBRA | total: 0 | win: 0 | loss: 0 | WR: 0% | activos: 0
RECHAZADAS SOMBRA | total: 15 | win: 6 | loss: 9 | WR hipotético: 40.0% | activos: 8

--- CONFIABILIDAD C-C2 ---
BAJA | total: 10 | win: 4 | loss: 6 | WR: 40.0% | activos: 6
MUY_BAJA | total: 5 | win: 2 | loss: 3 | WR: 40.0% | activos: 5
===============================================


===== C-C2 AUDITORIA GENERALIZACION =====
Operaciones C-C2 evaluables: 15

--- FUENTE PRINCIPAL TRAIN VS RESULTADO ACTUAL ---
PROTOCOLO_EVENTO_RIESGO | PROTOCOLO_EVENTO_RIESGO|CHOCH|PROTOCOLO_CHOCH_PA_FAVOR_RUPTURA_IMPULSO_ESPERA_2|MUY_BAJO | train total: 13 | train WR: 53.85% | prob train: 51.06% | valid total: 10 | valid WIN: 4 | valid LOSS: 6 | valid WR: 40.0% | activos: 6
PROTOCOLO_EVENTO_ESPERA | PROTOCOLO_EVENTO_ESPERA|CHOCH|PROTOCOLO_CHOCH_PA_FAVOR_RUPTURA_IMPULSO_ESPERA_2|2 | train total: 9 | train WR: 44.44% | prob train: 47.76% | valid total: 5 | valid WIN: 2 | valid LOSS: 3 | valid WR: 40.0% | activos: 5
========================================

Archivo generado: backtest_bootiq_F5_7_D4_2_TRAIN.csv
