fecha,estado,order_id,activo,tipo,direccion,puntaje,patron,rsi,resultado,razon,origen_autoridad,decision_sombra_origen,core4_rescate,core4_reglas,directa_ruta_validada,validacion_mercado_ok,razon_validacion_mercado,segundo_antes,segundo_entrada,demora_envio,tiempo_envio_inicio,tiempo_respuesta_iq,tiempo_expiracion,vela_confirmacion_from,precio_confirmacion_open,precio_confirmacion_close,precio_confirmacion_high,precio_confirmacion_low,auditoria_orden_iq_json
2026-09-02 15:15:07,CERRADA,14224842328,EURTHB-OTC,turbo,call,18,reacción compradora en soporte,51.07,20.5,"ESTRATEGIA: reacción compradora en soporte, CALL válido por price action profesional: rechazo comprador confirmado: soporte + cierre alto + confirmación sin resistencia inmediata | impulso alcista medio: avance válido pero no dominante, precio reaccionando en soporte, presión: presión alcista reciente, RSI: 51.07, calidad C, sin historial suficiente, ubicación válida, MERCADO: TENDENCIA_ALCISTA - tendencia alcista moderada por avance predominante, CALIDAD MERCADO: NORMAL score 59, TENDENCIA AVANZADA: ALCISTA_NORMAL fuerza 55.85, VALIDACIÓN MERCADO: CALL permitido a favor de tendencia alcista, ZONA SR: CALL permitido: señal fuerte cerca de resistencia, ACCION PRECIO: acción precio: CALL con resistencia cerca; decisión delegada a zonas, RUPTURA: sin ruptura confirmada de resistencia",,,,,,,,6,7,0.407,1788376507.5157151,1788376507.9229438,1,,,,,,"{""option-opened"": {""name"": ""option-opened"", ""microserviceName"": ""binary-options"", ""msg"": {""index"": 10340905676, ""option_id"": 14224842328, ""user_id"": 100593322, ""user_group_id"": 191, ""open_time"": 1788376507, ""open_time_millisecond"": 1788376507305, ""expiration_time"": 1788376560, ""amount"": 25, ""enrolled_amount"": 25, ""currency"": ""USD"", ""profit_amount"": 0, ""profit_percent"": 182, ""option_type"": ""turbo"", ""option_type_id"": 3, ""direction"": ""call"", ""value"": 38.836565, ""active"": ""EURTHB-OTC"", ""params"": null, ""platform_id"": 82, ""is_demo"": false, ""aff_id"": 0, ""balance_type_id"": 4, ""robot_id"": null, ""tournament_id"": null, ""bonus_rate"": 1, ""inout_diff"": 0, ""aff_track"": """", ""country_id"": 59, ""balance"": 0, ""client_platform_id"": 82, ""is_can_trade"": true, ""currency_mask"": ""$%s"", ""active_id"": 2181, ""balance_id"": 497753323, ""requested_at"": 1788376507304, ""created_at"": 1788376507304, ""updated_at"": 1788376507384}}, ""position-changed"": {""name"": ""position-changed"", ""microserviceName"": ""portfolio"", ""msg"": {""version"": 45507117933, ""id"": ""22bf7f46126b49e5695afab684b34ce5"", ""user_id"": 100593322, ""user_balance_id"": 497753323, ""platform_id"": 82, ""external_id"": 14224842328, ""active_id"": 2181, ""instrument_id"": ""2181"", ""source"": ""binary-options"", ""instrument_type"": ""turbo-option"", ""status"": ""open"", ""open_time"": 1788376507305, ""open_quote"": 38.836565, ""invest"": 25, ""invest_enrolled"": 25, ""sell_profit"": 2.275, ""sell_profit_enrolled"": 2.275, ""expected_profit"": 25, ""expected_profit_enrolled"": 25, ""pnl"": -22.725, ""pnl_net"": -22.725, ""current_price"": 38.836565, ""quote_timestamp"": 1788376507000, ""swap"": 0, ""raw_event"": {""index"": 13826122854, ""option_id"": 14224842328, ""user_id"": 100593322, ""balance_id"": 497753323, ""option_type_id"": 3, ""option_type"": ""turbo"", ""active_id"": 2181, ""platform_id"": 82, ""profit_percent"": 182, ""user_balance_type"": 4, ""currency"": ""USD"", ""direction"": ""call"", ""result"": ""opened"", ""amount"": 25, ""enrolled_amount"": 25, ""profit_amount"": null, ""win_enrolled_amount"": null, ""value"": 38.836565, ""expiration_value"": null, ""open_time"": 1788376507, ""open_time_millisecond"": 1788376507305, ""expiration_time"": 1788376560, ""initial_expiration_count"": 1, ""actual_expire"": null, ""user_group_id"": 191, ""requested_at"": 1788376507304, ""created_at"": 1788376507304, ""updated_at"": 1788376507384}}}}"
2026-09-02 15:22:09,CERRADA,14224860364,EURJPY-OTC,turbo,put,18,pullback bajista a EMA,48.11,-25.0,"ESTRATEGIA: pullback bajista a EMA, pullback bajista válido, EMA favorece venta, presión: presión alcista reciente, RSI: 48.11, rechazo vendedor por recuperación fallida, pin bar bajista, calidad A+, memoria permite operación, advertencia mercado: pullback bajista requiere tendencia bajista fuerte o puntaje alto, enviada al cerebro único como evidencia, ubicación válida, MERCADO: TENDENCIA_BAJISTA - tendencia bajista moderada por avance predominante, CALIDAD MERCADO: NORMAL score 62, TENDENCIA AVANZADA: BAJISTA_NORMAL fuerza 54.34, VALIDACIÓN MERCADO: pullback bajista requiere tendencia bajista fuerte o puntaje alto, ZONA SR: PUT permitido: señal fuerte cerca de soporte, ACCION PRECIO: acción precio: PUT con soporte cerca; decisión delegada a zonas, RUPTURA: sin ruptura confirmada de soporte",,,,,,,,7,8,0.566,1788376928.4866478,1788376929.0525668,1,,,,,,"{""option-opened"": {""name"": ""option-opened"", ""microserviceName"": ""binary-options"", ""msg"": {""index"": 10340921712, ""option_id"": 14224860364, ""user_id"": 100593322, ""user_group_id"": 191, ""open_time"": 1788376928, ""open_time_millisecond"": 1788376928318, ""expiration_time"": 1788376980, ""amount"": 25, ""enrolled_amount"": 25, ""currency"": ""USD"", ""profit_amount"": 0, ""profit_percent"": 187, ""option_type"": ""turbo"", ""option_type_id"": 3, ""direction"": ""put"", ""value"": 184.307935, ""active"": ""EURJPY-OTC"", ""params"": null, ""platform_id"": 82, ""is_demo"": false, ""aff_id"": 0, ""balance_type_id"": 4, ""robot_id"": null, ""tournament_id"": null, ""bonus_rate"": 1, ""inout_diff"": 0, ""aff_track"": """", ""country_id"": 59, ""balance"": 0, ""client_platform_id"": 82, ""is_can_trade"": true, ""currency_mask"": ""$%s"", ""active_id"": 79, ""balance_id"": 497753323, ""requested_at"": 1788376928317, ""created_at"": 1788376928318, ""updated_at"": 1788376928390}}, ""position-changed"": {""name"": ""position-changed"", ""microserviceName"": ""portfolio"", ""msg"": {""version"": 45507177886, ""id"": ""81040ce121a2832fa390307c4e79862f"", ""user_id"": 100593322, ""user_balance_id"": 497753323, ""platform_id"": 82, ""external_id"": 14224860364, ""active_id"": 79, ""instrument_id"": ""79"", ""source"": ""binary-options"", ""instrument_type"": ""turbo-option"", ""status"": ""open"", ""open_time"": 1788376928318, ""open_quote"": 184.307935, ""invest"": 25, ""invest_enrolled"": 25, ""sell_profit"": 10.285, ""sell_profit_enrolled"": 10.285, ""expected_profit"": 0, ""expected_profit_enrolled"": 0, ""pnl"": -14.715, ""pnl_net"": -14.715, ""current_price"": 184.310015, ""quote_timestamp"": 1788376928000, ""swap"": 0, ""raw_event"": {""index"": 13826156508, ""option_id"": 14224860364, ""user_id"": 100593322, ""balance_id"": 497753323, ""option_type_id"": 3, ""option_type"": ""turbo"", ""active_id"": 79, ""platform_id"": 82, ""profit_percent"": 187, ""user_balance_type"": 4, ""currency"": ""USD"", ""direction"": ""put"", ""result"": ""opened"", ""amount"": 25, ""enrolled_amount"": 25, ""profit_amount"": null, ""win_enrolled_amount"": null, ""value"": 184.307935, ""expiration_value"": null, ""open_time"": 1788376928, ""open_time_millisecond"": 1788376928318, ""expiration_time"": 1788376980, ""initial_expiration_count"": 1, ""actual_expire"": null, ""user_group_id"": 191, ""requested_at"": 1788376928317, ""created_at"": 1788376928318, ""updated_at"": 1788376928390}}}}"
2026-09-02 15:25:08,CERRADA,14224867580,XAUUSD-OTC,turbo,put,20,pullback bajista a EMA,57.15,-25.0,"ESTRATEGIA: pullback bajista a EMA, pullback bajista válido, EMA favorece venta, presión: presión neutral, RSI: 57.15, rechazo vendedor por recuperación fallida, pin bar bajista, patrón contexto: patrón bajista válido en resistencia con contexto, calidad A+, memoria permite operación, ubicación válida, MERCADO: TENDENCIA_BAJISTA - tendencia bajista moderada por avance predominante, CALIDAD MERCADO: NORMAL score 58, TENDENCIA AVANZADA: BAJISTA_DEBIL fuerza 43.41, VALIDACIÓN MERCADO: tendencia sucia: pullback bajista permitido con puntaje alto, ZONA SR: zona válida, ACCION PRECIO: acción precio: PUT con soporte cerca; decisión delegada a zonas, RUPTURA: sin ruptura confirmada de soporte",,,,,,,,7,7,0.416,1788377107.636515,1788377108.0524695,1,,,,,,"{""option-opened"": {""name"": ""option-opened"", ""microserviceName"": ""binary-options"", ""msg"": {""index"": 10340928101, ""option_id"": 14224867580, ""user_id"": 100593322, ""user_group_id"": 191, ""open_time"": 1788377107, ""open_time_millisecond"": 1788377107439, ""expiration_time"": 1788377160, ""amount"": 25, ""enrolled_amount"": 25, ""currency"": ""USD"", ""profit_amount"": 0, ""profit_percent"": 187, ""option_type"": ""turbo"", ""option_type_id"": 3, ""direction"": ""put"", ""value"": 4282.604335, ""active"": ""XAUUSD-OTC"", ""params"": null, ""platform_id"": 82, ""is_demo"": false, ""aff_id"": 0, ""balance_type_id"": 4, ""robot_id"": null, ""tournament_id"": null, ""bonus_rate"": 1, ""inout_diff"": 0, ""aff_track"": """", ""country_id"": 59, ""balance"": 0, ""client_platform_id"": 82, ""is_can_trade"": true, ""currency_mask"": ""$%s"", ""active_id"": 1857, ""balance_id"": 497753323, ""requested_at"": 1788377107438, ""created_at"": 1788377107438, ""updated_at"": 1788377107541}}}"
2026-09-02 16:39:05,CERRADA,14225043200,TRUMPUSD-OTC,turbo,put,18,reacción vendedora en resistencia,66.84,20.5,"ESTRATEGIA: reacción vendedora en resistencia, PUT válido: presión vendedora en resistencia, precio reaccionando en resistencia, presión: presión bajista reciente, RSI: 66.84, calidad A+, memoria permite operación, advertencia mercado: PUT bloqueado contra tendencia alcista, enviada al cerebro único como evidencia, advertencia acción precio: acción precio: lectura avanzada contradice PUT, enviada al cerebro único como evidencia, ubicación válida, MERCADO: TENDENCIA_ALCISTA - tendencia alcista confirmada por estructura, EMA e impulso, CALIDAD MERCADO: NORMAL score 59, TENDENCIA AVANZADA: ALCISTA_NORMAL fuerza 55.14, VALIDACIÓN MERCADO: PUT bloqueado contra tendencia alcista, ZONA SR: PUT permitido: cerca de resistencia, ACCION PRECIO: acción precio: lectura avanzada contradice PUT, RUPTURA: sin ruptura confirmada de soporte",,,,,,,,3,4,0.512,1788381544.6746826,1788381545.1867156,1,,,,,,"{""option-opened"": {""name"": ""option-opened"", ""microserviceName"": ""binary-options"", ""msg"": {""index"": 10341083082, ""option_id"": 14225043200, ""user_id"": 100593322, ""user_group_id"": 191, ""open_time"": 1788381544, ""open_time_millisecond"": 1788381544527, ""expiration_time"": 1788381600, ""amount"": 25, ""enrolled_amount"": 25, ""currency"": ""USD"", ""profit_amount"": 0, ""profit_percent"": 182, ""option_type"": ""turbo"", ""option_type_id"": 3, ""direction"": ""put"", ""value"": 3.496085, ""active"": ""TRUMPUSD-OTC"", ""params"": null, ""platform_id"": 82, ""is_demo"": false, ""aff_id"": 0, ""balance_type_id"": 4, ""robot_id"": null, ""tournament_id"": null, ""bonus_rate"": 1, ""inout_diff"": 0, ""aff_track"": """", ""country_id"": 59, ""balance"": 0, ""client_platform_id"": 82, ""is_can_trade"": true, ""currency_mask"": ""$%s"", ""active_id"": 2265, ""balance_id"": 497753323, ""requested_at"": 1788381544526, ""created_at"": 1788381544526, ""updated_at"": 1788381544701}}, ""position-changed"": {""name"": ""position-changed"", ""microserviceName"": ""portfolio"", ""msg"": {""version"": 45507835781, ""id"": ""a41e688d81c9d67af6c565291b2cd37a"", ""user_id"": 100593322, ""user_balance_id"": 497753323, ""platform_id"": 82, ""external_id"": 14225043200, ""active_id"": 2265, ""instrument_id"": ""2265"", ""source"": ""binary-options"", ""instrument_type"": ""turbo-option"", ""status"": ""open"", ""open_time"": 1788381544527, ""open_quote"": 3.496085, ""invest"": 25, ""invest_enrolled"": 25, ""sell_profit"": 10.465, ""sell_profit_enrolled"": 10.465, ""expected_profit"": 25, ""expected_profit_enrolled"": 25, ""pnl"": -14.535, ""pnl_net"": -14.535, ""current_price"": 3.496085, ""quote_timestamp"": 1788381544514, ""swap"": 0, ""raw_event"": {""index"": 13826501879, ""option_id"": 14225043200, ""user_id"": 100593322, ""balance_id"": 497753323, ""option_type_id"": 3, ""option_type"": ""turbo"", ""active_id"": 2265, ""platform_id"": 82, ""profit_percent"": 182, ""user_balance_type"": 4, ""currency"": ""USD"", ""direction"": ""put"", ""result"": ""opened"", ""amount"": 25, ""enrolled_amount"": 25, ""profit_amount"": null, ""win_enrolled_amount"": null, ""value"": 3.496085, ""expiration_value"": null, ""open_time"": 1788381544, ""open_time_millisecond"": 1788381544527, ""expiration_time"": 1788381600, ""initial_expiration_count"": 1, ""actual_expire"": null, ""user_group_id"": 191, ""requested_at"": 1788381544526, ""created_at"": 1788381544526, ""updated_at"": 1788381544701}}}}"
2026-09-02 17:07:04,CERRADA,14225106083,AUS200-OTC,turbo,put,21,reacción vendedora en resistencia,62.35,20.5,"ESTRATEGIA: reacción vendedora en resistencia, PUT válido por price action profesional: rechazo vendedor confirmado: resistencia + cierre bajo + confirmación sin soporte inmediato, precio reaccionando en resistencia, presión: presión alcista reciente, RSI: 62.35, envolvente bajista, calidad A+, memoria permite operación, advertencia mercado: PUT bloqueado contra tendencia alcista, enviada al cerebro único como evidencia, ubicación válida, MERCADO: TENDENCIA_ALCISTA - tendencia alcista confirmada por estructura, EMA e impulso, CALIDAD MERCADO: NORMAL score 65, TENDENCIA AVANZADA: ALCISTA_NORMAL fuerza 69.01, VALIDACIÓN MERCADO: PUT bloqueado contra tendencia alcista, ZONA SR: PUT permitido: cerca de resistencia, ACCION PRECIO: acción precio: PUT con soporte cerca; decisión delegada a zonas, RUPTURA: sin ruptura confirmada de soporte",,,,,,,,3,3,0.431,1788383224.03647,1788383224.4675958,1,,,,,,"{""option-opened"": {""name"": ""option-opened"", ""microserviceName"": ""binary-options"", ""msg"": {""index"": 10341135663, ""option_id"": 14225106083, ""user_id"": 100593322, ""user_group_id"": 191, ""open_time"": 1788383223, ""open_time_millisecond"": 1788383223912, ""expiration_time"": 1788383280, ""amount"": 25, ""enrolled_amount"": 25, ""currency"": ""USD"", ""profit_amount"": 0, ""profit_percent"": 182, ""option_type"": ""turbo"", ""option_type_id"": 3, ""direction"": ""put"", ""value"": 9038.431135, ""active"": ""AUS200-OTC"", ""params"": null, ""platform_id"": 82, ""is_demo"": false, ""aff_id"": 0, ""balance_type_id"": 4, ""robot_id"": null, ""tournament_id"": null, ""bonus_rate"": 1, ""inout_diff"": 0, ""aff_track"": """", ""country_id"": 59, ""balance"": 0, ""client_platform_id"": 82, ""is_can_trade"": true, ""currency_mask"": ""$%s"", ""active_id"": 2048, ""balance_id"": 497753323, ""requested_at"": 1788383223911, ""created_at"": 1788383223912, ""updated_at"": 1788383223992}}, ""position-changed"": {""name"": ""position-changed"", ""microserviceName"": ""portfolio"", ""msg"": {""version"": 45508050467, ""id"": ""49011d17b8fbe549c5f6561a281fe049"", ""user_id"": 100593322, ""user_balance_id"": 497753323, ""platform_id"": 82, ""external_id"": 14225106083, ""active_id"": 2048, ""instrument_id"": ""2048"", ""source"": ""binary-options"", ""instrument_type"": ""turbo-option"", ""status"": ""open"", ""open_time"": 1788383223912, ""open_quote"": 9038.431135, ""invest"": 25, ""invest_enrolled"": 25, ""sell_profit"": 3.1850000000000005, ""sell_profit_enrolled"": 3.1850000000000005, ""expected_profit"": 25, ""expected_profit_enrolled"": 25, ""pnl"": -21.814999999999998, ""pnl_net"": -21.814999999999998, ""current_price"": 9038.431135, ""quote_timestamp"": 1788383223850, ""swap"": 0, ""raw_event"": {""index"": 13826617951, ""option_id"": 14225106083, ""user_id"": 100593322, ""balance_id"": 497753323, ""option_type_id"": 3, ""option_type"": ""turbo"", ""active_id"": 2048, ""platform_id"": 82, ""profit_percent"": 182, ""user_balance_type"": 4, ""currency"": ""USD"", ""direction"": ""put"", ""result"": ""opened"", ""amount"": 25, ""enrolled_amount"": 25, ""profit_amount"": null, ""win_enrolled_amount"": null, ""value"": 9038.431135, ""expiration_value"": null, ""open_time"": 1788383223, ""open_time_millisecond"": 1788383223912, ""expiration_time"": 1788383280, ""initial_expiration_count"": 1, ""actual_expire"": null, ""user_group_id"": 191, ""requested_at"": 1788383223911, ""created_at"": 1788383223912, ""updated_at"": 1788383223992}}}}"
2026-09-02 17:50:05,CERRADA,14225206861,NVDA-OTC,turbo,call,19,CHOCH alcista,55.77,21.0,"ESTRATEGIA: CHOCH alcista, CHOCH alcista confirmado: ruptura con cuerpo, EMA favorece compra, CHOCH con contexto confirmado, rechazo histórico: sin rechazo histórico dominante, presión: presión alcista reciente, patrón contexto: patrón alcista sin contexto suficiente, RSI: 55.77, price action profesional favorece CALL: impulso alcista fuerte: avance limpio, cierres altos y fuerza sostenida, micro contexto: impulso alcista, calidad A, memoria permite operación, advertencia mercado: tendencia sucia: CHOCH débil bloqueado, enviada al cerebro único como evidencia, ubicación válida, MERCADO: TENDENCIA_ALCISTA - tendencia alcista confirmada por estructura, EMA e impulso, CALIDAD MERCADO: NORMAL score 58, TENDENCIA AVANZADA: ALCISTA_NORMAL fuerza 62.16, VALIDACIÓN MERCADO: tendencia sucia: CHOCH débil bloqueado, ZONA SR: CALL permitido: señal fuerte cerca de resistencia, ACCION PRECIO: acción precio: CALL con resistencia cerca; decisión delegada a zonas, RUPTURA: sin ruptura confirmada de resistencia",,,,,,,,4,4,0.595,1788385804.7252886,1788385805.3199468,1,,,,,,"{""option-opened"": {""name"": ""option-opened"", ""microserviceName"": ""binary-options"", ""msg"": {""index"": 10341222811, ""option_id"": 14225206861, ""user_id"": 100593322, ""user_group_id"": 191, ""open_time"": 1788385804, ""open_time_millisecond"": 1788385804827, ""expiration_time"": 1788385860, ""amount"": 25, ""enrolled_amount"": 25, ""currency"": ""USD"", ""profit_amount"": 0, ""profit_percent"": 184, ""option_type"": ""turbo"", ""option_type_id"": 3, ""direction"": ""call"", ""value"": 229.451795, ""active"": ""NVDA-OTC"", ""params"": null, ""platform_id"": 82, ""is_demo"": false, ""aff_id"": 0, ""balance_type_id"": 4, ""robot_id"": null, ""tournament_id"": null, ""bonus_rate"": 1, ""inout_diff"": 0, ""aff_track"": """", ""country_id"": 59, ""balance"": 0, ""client_platform_id"": 82, ""is_can_trade"": true, ""currency_mask"": ""$%s"", ""active_id"": 2403, ""balance_id"": 497753323, ""requested_at"": 1788385804826, ""created_at"": 1788385804827, ""updated_at"": 1788385804900}}, ""position-changed"": {""name"": ""position-changed"", ""microserviceName"": ""portfolio"", ""msg"": {""version"": 45508354899, ""id"": ""8f3ec6febf766ac64a79d995a7906fc6"", ""user_id"": 100593322, ""user_balance_id"": 497753323, ""platform_id"": 82, ""external_id"": 14225206861, ""active_id"": 2403, ""instrument_id"": ""2403"", ""source"": ""binary-options"", ""instrument_type"": ""turbo-option"", ""status"": ""open"", ""open_time"": 1788385804827, ""open_quote"": 229.451795, ""invest"": 25, ""invest_enrolled"": 25, ""sell_profit"": 10.58, ""sell_profit_enrolled"": 10.58, ""expected_profit"": 0, ""expected_profit_enrolled"": 0, ""pnl"": -14.42, ""pnl_net"": -14.42, ""current_price"": 229.440315, ""quote_timestamp"": 1788385804833, ""swap"": 0, ""raw_event"": {""index"": 13826805812, ""option_id"": 14225206861, ""user_id"": 100593322, ""balance_id"": 497753323, ""option_type_id"": 3, ""option_type"": ""turbo"", ""active_id"": 2403, ""platform_id"": 82, ""profit_percent"": 184, ""user_balance_type"": 4, ""currency"": ""USD"", ""direction"": ""call"", ""result"": ""opened"", ""amount"": 25, ""enrolled_amount"": 25, ""profit_amount"": null, ""win_enrolled_amount"": null, ""value"": 229.451795, ""expiration_value"": null, ""open_time"": 1788385804, ""open_time_millisecond"": 1788385804827, ""expiration_time"": 1788385860, ""initial_expiration_count"": 1, ""actual_expire"": null, ""user_group_id"": 191, ""requested_at"": 1788385804826, ""created_at"": 1788385804827, ""updated_at"": 1788385804900}}}}"
2026-09-02 17:52:04,CERRADA,14225211497,ATOMUSD-OTC,turbo,put,18,reacción vendedora en resistencia,58.44,-25.0,"ESTRATEGIA: reacción vendedora en resistencia, PUT válido: presión vendedora en resistencia, precio reaccionando en resistencia, presión: presión alcista reciente, RSI: 58.44, calidad A+, memoria permite operación, advertencia mercado: PUT bloqueado contra tendencia alcista, enviada al cerebro único como evidencia, ubicación válida, MERCADO: TENDENCIA_ALCISTA - tendencia alcista confirmada por estructura, EMA e impulso, CALIDAD MERCADO: NORMAL score 68, TENDENCIA AVANZADA: ALCISTA_FUERTE fuerza 73.6, VALIDACIÓN MERCADO: PUT bloqueado contra tendencia alcista, ZONA SR: PUT permitido: cerca de resistencia, ACCION PRECIO: acción precio: PUT sin conflicto fuerte de zona, RUPTURA: sin ruptura confirmada de soporte",,,,,,,,3,3,0.466,1788385924.0953808,1788385924.5616767,1,,,,,,"{""option-opened"": {""name"": ""option-opened"", ""microserviceName"": ""binary-options"", ""msg"": {""index"": 10341226898, ""option_id"": 14225211497, ""user_id"": 100593322, ""user_group_id"": 191, ""open_time"": 1788385924, ""open_time_millisecond"": 1788385924006, ""expiration_time"": 1788385980, ""amount"": 25, ""enrolled_amount"": 25, ""currency"": ""USD"", ""profit_amount"": 0, ""profit_percent"": 182, ""option_type"": ""turbo"", ""option_type_id"": 3, ""direction"": ""put"", ""value"": 1.569115, ""active"": ""ATOMUSD-OTC"", ""params"": null, ""platform_id"": 82, ""is_demo"": false, ""aff_id"": 0, ""balance_type_id"": 4, ""robot_id"": null, ""tournament_id"": null, ""bonus_rate"": 1, ""inout_diff"": 0, ""aff_track"": """", ""country_id"": 59, ""balance"": 0, ""client_platform_id"": 82, ""is_can_trade"": true, ""currency_mask"": ""$%s"", ""active_id"": 2150, ""balance_id"": 497753323, ""requested_at"": 1788385924005, ""created_at"": 1788385924005, ""updated_at"": 1788385924085}}, ""position-changed"": {""name"": ""position-changed"", ""microserviceName"": ""portfolio"", ""msg"": {""version"": 45508368926, ""id"": ""0de65aa1c4e3ff53dfec4c003205fa53"", ""user_id"": 100593322, ""user_balance_id"": 497753323, ""platform_id"": 82, ""external_id"": 14225211497, ""active_id"": 2150, ""instrument_id"": ""2150"", ""source"": ""binary-options"", ""instrument_type"": ""turbo-option"", ""status"": ""open"", ""open_time"": 1788385924006, ""open_quote"": 1.569115, ""invest"": 25, ""invest_enrolled"": 25, ""sell_profit"": 9.555, ""sell_profit_enrolled"": 9.555, ""expected_profit"": 25, ""expected_profit_enrolled"": 25, ""pnl"": -15.445, ""pnl_net"": -15.445, ""current_price"": 1.569115, ""quote_timestamp"": 1788385923866, ""swap"": 0, ""raw_event"": {""index"": 13826814713, ""option_id"": 14225211497, ""user_id"": 100593322, ""balance_id"": 497753323, ""option_type_id"": 3, ""option_type"": ""turbo"", ""active_id"": 2150, ""platform_id"": 82, ""profit_percent"": 182, ""user_balance_type"": 4, ""currency"": ""USD"", ""direction"": ""put"", ""result"": ""opened"", ""amount"": 25, ""enrolled_amount"": 25, ""profit_amount"": null, ""win_enrolled_amount"": null, ""value"": 1.569115, ""expiration_value"": null, ""open_time"": 1788385924, ""open_time_millisecond"": 1788385924006, ""expiration_time"": 1788385980, ""initial_expiration_count"": 1, ""actual_expire"": null, ""user_group_id"": 191, ""requested_at"": 1788385924005, ""created_at"": 1788385924005, ""updated_at"": 1788385924085}}}}"
2026-09-02 17:59:09,CERRADA,14225228365,PENUSD-OTC,turbo,put,18,reacción vendedora en resistencia,61.48,20.5,"ESTRATEGIA: reacción vendedora en resistencia, PUT válido: rechazo vendedor fuerte en resistencia, precio reaccionando en resistencia, presión: presión bajista reciente, RSI: 61.48, calidad A+, memoria permite operación, advertencia mercado: PUT bloqueado contra tendencia alcista, enviada al cerebro único como evidencia, advertencia acción precio: acción precio: lectura avanzada contradice PUT, enviada al cerebro único como evidencia, advertencia vela contraria reciente: PUT bloqueado: martillo/rechazo comprador reciente, enviada al cerebro único como evidencia, ubicación válida, MERCADO: TENDENCIA_ALCISTA - tendencia alcista moderada por avance predominante, CALIDAD MERCADO: NORMAL score 58, TENDENCIA AVANZADA: ALCISTA_DEBIL fuerza 46.99, VALIDACIÓN MERCADO: PUT bloqueado contra tendencia alcista, ZONA SR: PUT permitido: cerca de resistencia, ACCION PRECIO: acción precio: lectura avanzada contradice PUT, RUPTURA: sin ruptura confirmada de soporte",,,,,,,,8,9,0.494,1788386349.4715557,1788386349.9656005,1,,,,,,"{""option-opened"": {""name"": ""option-opened"", ""microserviceName"": ""binary-options"", ""msg"": {""index"": 10341241777, ""option_id"": 14225228365, ""user_id"": 100593322, ""user_group_id"": 191, ""open_time"": 1788386349, ""open_time_millisecond"": 1788386349371, ""expiration_time"": 1788386400, ""amount"": 25, ""enrolled_amount"": 25, ""currency"": ""USD"", ""profit_amount"": 0, ""profit_percent"": 182, ""option_type"": ""turbo"", ""option_type_id"": 3, ""direction"": ""put"", ""value"": 0.371795, ""active"": ""PENUSD-OTC"", ""params"": null, ""platform_id"": 82, ""is_demo"": false, ""aff_id"": 0, ""balance_type_id"": 4, ""robot_id"": null, ""tournament_id"": null, ""bonus_rate"": 1, ""inout_diff"": 0, ""aff_track"": """", ""country_id"": 59, ""balance"": 0, ""client_platform_id"": 82, ""is_can_trade"": true, ""currency_mask"": ""$%s"", ""active_id"": 2301, ""balance_id"": 497753323, ""requested_at"": 1788386349370, ""created_at"": 1788386349371, ""updated_at"": 1788386349444}}}"
2026-09-02 19:34:05,CERRADA,14225477149,USDTHB-OTC,turbo,call,20,liquidity sweep alcista,36.76,20.5,"ESTRATEGIA: liquidity sweep alcista, liquidity sweep alcista: barrida de mínimos | vela verde confirma rechazo | cierre en zona alta de la vela | rango de vela válido | cuerpo de vela suficiente | cierre actual confirma presión alcista | estructura inmediata rechaza mínimos | score_sweep=70, barrida de mínimos con recuperación confirmada, presión: presión alcista reciente, RSI: 36.76, calidad A+, memoria permite operación, advertencia mercado: rango sucio: señal bloqueada, enviada al cerebro único como evidencia, ubicación válida, MERCADO: RANGO - precio lateral o sin avance direccional fuerte, CALIDAD MERCADO: NORMAL score 58, TENDENCIA AVANZADA: BAJISTA_DEBIL fuerza 37.46, VALIDACIÓN MERCADO: rango sucio: señal bloqueada, ZONA SR: CALL permitido: señal fuerte cerca de resistencia, ACCION PRECIO: acción precio: CALL con resistencia cerca; decisión delegada a zonas, RUPTURA: sin ruptura confirmada de resistencia",,,,,,,,3,3,0.506,1788392045.3995538,1788392045.9055543,1,,,,,,"{""option-opened"": {""name"": ""option-opened"", ""microserviceName"": ""binary-options"", ""msg"": {""index"": 10341464129, ""option_id"": 14225477149, ""user_id"": 100593322, ""user_group_id"": 191, ""open_time"": 1788392044, ""open_time_millisecond"": 1788392044380, ""expiration_time"": 1788392100, ""amount"": 25, ""enrolled_amount"": 25, ""currency"": ""USD"", ""profit_amount"": 0, ""profit_percent"": 182, ""option_type"": ""turbo"", ""option_type_id"": 3, ""direction"": ""call"", ""value"": 32.838595, ""active"": ""USDTHB-OTC"", ""params"": null, ""platform_id"": 82, ""is_demo"": false, ""aff_id"": 0, ""balance_type_id"": 4, ""robot_id"": null, ""tournament_id"": null, ""bonus_rate"": 1, ""inout_diff"": 0, ""aff_track"": """", ""country_id"": 59, ""balance"": 0, ""client_platform_id"": 82, ""is_can_trade"": true, ""currency_mask"": ""$%s"", ""active_id"": 2182, ""balance_id"": 497753323, ""requested_at"": 1788392044379, ""created_at"": 1788392044379, ""updated_at"": 1788392044459}}, ""position-changed"": {""name"": ""position-changed"", ""microserviceName"": ""portfolio"", ""msg"": {""version"": 45509546422, ""id"": ""3b22be73624b53ff7340e0ac9ea956ff"", ""user_id"": 100593322, ""user_balance_id"": 497753323, ""platform_id"": 82, ""external_id"": 14225477149, ""active_id"": 2182, ""instrument_id"": ""2182"", ""source"": ""binary-options"", ""instrument_type"": ""turbo-option"", ""status"": ""open"", ""open_time"": 1788392044380, ""open_quote"": 32.838595, ""invest"": 25, ""invest_enrolled"": 25, ""sell_profit"": 10.01, ""sell_profit_enrolled"": 10.01, ""expected_profit"": 0, ""expected_profit_enrolled"": 0, ""pnl"": -14.99, ""pnl_net"": -14.99, ""current_price"": 32.838445, ""quote_timestamp"": 1788392044385, ""swap"": 0, ""raw_event"": {""index"": 13827317778, ""option_id"": 14225477149, ""user_id"": 100593322, ""balance_id"": 497753323, ""option_type_id"": 3, ""option_type"": ""turbo"", ""active_id"": 2182, ""platform_id"": 82, ""profit_percent"": 182, ""user_balance_type"": 4, ""currency"": ""USD"", ""direction"": ""call"", ""result"": ""opened"", ""amount"": 25, ""enrolled_amount"": 25, ""profit_amount"": null, ""win_enrolled_amount"": null, ""value"": 32.838595, ""expiration_value"": null, ""open_time"": 1788392044, ""open_time_millisecond"": 1788392044380, ""expiration_time"": 1788392100, ""initial_expiration_count"": 1, ""actual_expire"": null, ""user_group_id"": 191, ""requested_at"": 1788392044379, ""created_at"": 1788392044379, ""updated_at"": 1788392044459}}}}"
2026-09-02 19:41:08,CERRADA,14225495179,RENDERUSD-OTC,turbo,put,20,pullback bajista a EMA,40.4,21.75,"ESTRATEGIA: pullback bajista a EMA, pullback bajista válido, EMA favorece venta, presión: presión bajista reciente, RSI: 40.4, rechazo vendedor por recuperación fallida, pin bar bajista, patrón contexto: patrón bajista válido en resistencia con contexto, calidad A+, memoria permite operación, ubicación válida, MERCADO: TENDENCIA_BAJISTA - tendencia bajista confirmada por estructura, EMA e impulso, CALIDAD MERCADO: NORMAL score 68, TENDENCIA AVANZADA: BAJISTA_NORMAL fuerza 64.29, VALIDACIÓN MERCADO: tendencia sucia: pullback bajista permitido con puntaje alto, ZONA SR: PUT permitido: señal fuerte cerca de soporte, ACCION PRECIO: acción precio: rechazo vendedor en resistencia, RUPTURA: sin ruptura confirmada de soporte",,,,,,,,5,6,0.712,1788392467.5663223,1788392468.2780223,1,,,,,,"{""option-opened"": {""name"": ""option-opened"", ""microserviceName"": ""binary-options"", ""msg"": {""index"": 10341480407, ""option_id"": 14225495179, ""user_id"": 100593322, ""user_group_id"": 191, ""open_time"": 1788392466, ""open_time_millisecond"": 1788392466586, ""expiration_time"": 1788392520, ""amount"": 25, ""enrolled_amount"": 25, ""currency"": ""USD"", ""profit_amount"": 0, ""profit_percent"": 187, ""option_type"": ""turbo"", ""option_type_id"": 3, ""direction"": ""put"", ""value"": 1.427105, ""active"": ""RENDERUSD-OTC"", ""params"": null, ""platform_id"": 82, ""is_demo"": false, ""aff_id"": 0, ""balance_type_id"": 4, ""robot_id"": null, ""tournament_id"": null, ""bonus_rate"": 1, ""inout_diff"": 0, ""aff_track"": """", ""country_id"": 59, ""balance"": 0, ""client_platform_id"": 82, ""is_can_trade"": true, ""currency_mask"": ""$%s"", ""active_id"": 2290, ""balance_id"": 497753323, ""requested_at"": 1788392466585, ""created_at"": 1788392466585, ""updated_at"": 1788392466664}}, ""position-changed"": {""name"": ""position-changed"", ""microserviceName"": ""portfolio"", ""msg"": {""version"": 45509610307, ""id"": ""ffc69d3eb9cad27ef2c1612d1f28d77e"", ""user_id"": 100593322, ""user_balance_id"": 497753323, ""platform_id"": 82, ""external_id"": 14225495179, ""active_id"": 2290, ""instrument_id"": ""2290"", ""source"": ""binary-options"", ""instrument_type"": ""turbo-option"", ""status"": ""open"", ""open_time"": 1788392466586, ""open_quote"": 1.427105, ""invest"": 25, ""invest_enrolled"": 25, ""sell_profit"": 10.7525, ""sell_profit_enrolled"": 10.7525, ""expected_profit"": 25, ""expected_profit_enrolled"": 25, ""pnl"": -14.2475, ""pnl_net"": -14.2475, ""current_price"": 1.427105, ""quote_timestamp"": 1788392466400, ""swap"": 0, ""raw_event"": {""index"": 13827351893, ""option_id"": 14225495179, ""user_id"": 100593322, ""balance_id"": 497753323, ""option_type_id"": 3, ""option_type"": ""turbo"", ""active_id"": 2290, ""platform_id"": 82, ""profit_percent"": 187, ""user_balance_type"": 4, ""currency"": ""USD"", ""direction"": ""put"", ""result"": ""opened"", ""amount"": 25, ""enrolled_amount"": 25, ""profit_amount"": null, ""win_enrolled_amount"": null, ""value"": 1.427105, ""expiration_value"": null, ""open_time"": 1788392466, ""open_time_millisecond"": 1788392466586, ""expiration_time"": 1788392520, ""initial_expiration_count"": 1, ""actual_expire"": null, ""user_group_id"": 191, ""requested_at"": 1788392466585, ""created_at"": 1788392466585, ""updated_at"": 1788392466664}}}}"
2026-09-02 19:44:09,CERRADA,14225502997,PENUSD-OTC,turbo,call,21,CHOCH alcista,49.58,-25.0,"ESTRATEGIA: CHOCH alcista, CHOCH alcista confirmado: ruptura con cuerpo, EMA favorece compra, CHOCH con contexto confirmado, rechazo histórico: sin rechazo histórico dominante, presión: presión alcista reciente, patrón contexto: patrón alcista sin contexto suficiente, RSI: 49.58, CHOCH apoyado en soporte, price action profesional favorece CALL: impulso alcista fuerte: avance limpio, cierres altos y fuerza sostenida, micro contexto: impulso alcista, calidad A+, memoria permite operación, ubicación válida, MERCADO: TENDENCIA_ALCISTA - tendencia alcista moderada por avance predominante, CALIDAD MERCADO: NORMAL score 59, TENDENCIA AVANZADA: ALCISTA_NORMAL fuerza 64.25, VALIDACIÓN MERCADO: CHOCH permitido a favor de tendencia con confirmación, ZONA SR: CALL permitido: señal fuerte cerca de resistencia, ACCION PRECIO: acción precio: CALL con resistencia cerca; decisión delegada a zonas, RUPTURA: sin ruptura confirmada de resistencia",,,,,,,,6,6,0.57,1788392648.5045526,1788392649.0746496,1,,,,,,"{""option-opened"": {""name"": ""option-opened"", ""microserviceName"": ""binary-options"", ""msg"": {""index"": 10341487617, ""option_id"": 14225502997, ""user_id"": 100593322, ""user_group_id"": 191, ""open_time"": 1788392647, ""open_time_millisecond"": 1788392647448, ""expiration_time"": 1788392700, ""amount"": 25, ""enrolled_amount"": 25, ""currency"": ""USD"", ""profit_amount"": 0, ""profit_percent"": 182, ""option_type"": ""turbo"", ""option_type_id"": 3, ""direction"": ""call"", ""value"": 0.343325, ""active"": ""PENUSD-OTC"", ""params"": null, ""platform_id"": 82, ""is_demo"": false, ""aff_id"": 0, ""balance_type_id"": 4, ""robot_id"": null, ""tournament_id"": null, ""bonus_rate"": 1, ""inout_diff"": 0, ""aff_track"": """", ""country_id"": 59, ""balance"": 0, ""client_platform_id"": 82, ""is_can_trade"": true, ""currency_mask"": ""$%s"", ""active_id"": 2301, ""balance_id"": 497753323, ""requested_at"": 1788392647447, ""created_at"": 1788392647448, ""updated_at"": 1788392647523}}}"
2026-09-02 19:48:07,CERRADA,14225513268,USDSGD-OTC,turbo,put,22,reacción vendedora en resistencia,64.1,-25.0,"ESTRATEGIA: reacción vendedora en resistencia, PUT válido: rechazo vendedor fuerte en resistencia, precio reaccionando en resistencia, presión: presión alcista reciente, RSI: 64.1, rechazo vendedor fuerte, liquidity sweep bajista: barrida de máximos | vela roja confirma rechazo | mecha superior dominante | cierre en zona baja de la vela | barrida con exceso suficiente | rango de vela válido | cuerpo de vela suficiente | cierre actual confirma presión bajista | estructura inmediata rechaza máximos | score_sweep=100, calidad A+, memoria permite operación, advertencia mercado: PUT bloqueado contra tendencia alcista, enviada al cerebro único como evidencia, ubicación válida, MERCADO: TENDENCIA_ALCISTA - tendencia alcista confirmada por estructura, EMA e impulso, CALIDAD MERCADO: NORMAL score 62, TENDENCIA AVANZADA: ALCISTA_NORMAL fuerza 62.9, VALIDACIÓN MERCADO: PUT bloqueado contra tendencia alcista, ZONA SR: PUT permitido: cerca de resistencia, ACCION PRECIO: acción precio: PUT sin conflicto fuerte de zona, RUPTURA: sin ruptura confirmada de soporte",,,,,,,,5,6,0.586,1788392887.20071,1788392887.7870665,1,,,,,,"{""option-opened"": {""name"": ""option-opened"", ""microserviceName"": ""binary-options"", ""msg"": {""index"": 10341496619, ""option_id"": 14225513268, ""user_id"": 100593322, ""user_group_id"": 191, ""open_time"": 1788392886, ""open_time_millisecond"": 1788392886157, ""expiration_time"": 1788392940, ""amount"": 25, ""enrolled_amount"": 25, ""currency"": ""USD"", ""profit_amount"": 0, ""profit_percent"": 182, ""option_type"": ""turbo"", ""option_type_id"": 3, ""direction"": ""put"", ""value"": 1.282285, ""active"": ""USDSGD-OTC"", ""params"": null, ""platform_id"": 82, ""is_demo"": false, ""aff_id"": 0, ""balance_type_id"": 4, ""robot_id"": null, ""tournament_id"": null, ""bonus_rate"": 1, ""inout_diff"": 0, ""aff_track"": """", ""country_id"": 59, ""balance"": 0, ""client_platform_id"": 82, ""is_can_trade"": true, ""currency_mask"": ""$%s"", ""active_id"": 1381, ""balance_id"": 497753323, ""requested_at"": 1788392886156, ""created_at"": 1788392886156, ""updated_at"": 1788392886227}}}"
2026-09-02 20:02:09,CERRADA,14225549494,URANIUM-OTC,turbo,put,26,reacción vendedora en resistencia,62.07,20.5,"ESTRATEGIA: reacción vendedora en resistencia, PUT válido: rechazo vendedor fuerte en resistencia, precio reaccionando en resistencia, presión: presión neutral, RSI: 62.07, rechazo vendedor fuerte, shooting star bajista, patrón contexto: patrón bajista válido en resistencia con contexto, liquidity sweep bajista: barrida de máximos | vela roja confirma rechazo | mecha superior dominante | cierre en zona baja de la vela | barrida con exceso suficiente | cuerpo de vela suficiente | cierre actual confirma presión bajista | estructura inmediata rechaza máximos | score_sweep=90, calidad A+, memoria permite operación, ubicación válida, MERCADO: TENDENCIA_ALCISTA - tendencia alcista confirmada por estructura, EMA e impulso, CALIDAD MERCADO: NORMAL score 68, TENDENCIA AVANZADA: ALCISTA_NORMAL fuerza 69.19, VALIDACIÓN MERCADO: PUT contra tendencia permitido por agotamiento alcista, ZONA SR: PUT permitido: cerca de resistencia, ACCION PRECIO: acción precio: rechazo vendedor en resistencia, RUPTURA: sin ruptura confirmada de soporte",,,,,,,,7,7,0.542,1788393729.0952296,1788393729.636823,1,,,,,,"{""option-opened"": {""name"": ""option-opened"", ""microserviceName"": ""binary-options"", ""msg"": {""index"": 10341529082, ""option_id"": 14225549494, ""user_id"": 100593322, ""user_group_id"": 191, ""open_time"": 1788393728, ""open_time_millisecond"": 1788393728056, ""expiration_time"": 1788393780, ""amount"": 25, ""enrolled_amount"": 25, ""currency"": ""USD"", ""profit_amount"": 0, ""profit_percent"": 182, ""option_type"": ""turbo"", ""option_type_id"": 3, ""direction"": ""put"", ""value"": 7258.6055, ""active"": ""URANIUM-OTC"", ""params"": null, ""platform_id"": 82, ""is_demo"": false, ""aff_id"": 0, ""balance_type_id"": 4, ""robot_id"": null, ""tournament_id"": null, ""bonus_rate"": 1, ""inout_diff"": 0, ""aff_track"": """", ""country_id"": 59, ""balance"": 0, ""client_platform_id"": 82, ""is_can_trade"": true, ""currency_mask"": ""$%s"", ""active_id"": 2323, ""balance_id"": 497753323, ""requested_at"": 1788393728055, ""created_at"": 1788393728056, ""updated_at"": 1788393728131}}}"
2026-09-02 20:29:07,CERRADA,14225617010,SpaceX-OTC,turbo,put,11,continuación bajista con tendencia,39.47,21.0,"ESTRATEGIA: continuación bajista con tendencia, tendencia bajista, estructura bajista, EMA favorece venta, micro tendencia bajista, presión: presión bajista reciente, RSI: 39.47, calidad B, memoria permite operación, ubicación válida, MERCADO: TENDENCIA_BAJISTA - tendencia bajista moderada por avance predominante, CALIDAD MERCADO: NORMAL score 59, TENDENCIA AVANZADA: BAJISTA_NORMAL fuerza 58.36, VALIDACIÓN MERCADO: PUT permitido a favor de tendencia bajista, ZONA SR: zona válida, ACCION PRECIO: acción precio: PUT con soporte cerca; decisión delegada a zonas, RUPTURA: sin ruptura confirmada de soporte",,,,,,,,4,5,0.615,1788395346.944168,1788395347.5595217,1,,,,,,"{""option-opened"": {""name"": ""option-opened"", ""microserviceName"": ""binary-options"", ""msg"": {""index"": 10341590341, ""option_id"": 14225617010, ""user_id"": 100593322, ""user_group_id"": 191, ""open_time"": 1788395345, ""open_time_millisecond"": 1788395345985, ""expiration_time"": 1788395400, ""amount"": 25, ""enrolled_amount"": 25, ""currency"": ""USD"", ""profit_amount"": 0, ""profit_percent"": 184, ""option_type"": ""turbo"", ""option_type_id"": 3, ""direction"": ""put"", ""value"": 142.443305, ""active"": ""SpaceX-OTC"", ""params"": null, ""platform_id"": 82, ""is_demo"": false, ""aff_id"": 0, ""balance_type_id"": 4, ""robot_id"": null, ""tournament_id"": null, ""bonus_rate"": 1, ""inout_diff"": 0, ""aff_track"": """", ""country_id"": 59, ""balance"": 0, ""client_platform_id"": 82, ""is_can_trade"": true, ""currency_mask"": ""$%s"", ""active_id"": 2443, ""balance_id"": 497753323, ""requested_at"": 1788395345984, ""created_at"": 1788395345984, ""updated_at"": 1788395346077}}}"
2026-09-02 21:33:06,CERRADA,14225794544,COFFEE-OTC,turbo,put,21,pullback bajista a EMA,45.82,20.5,"ESTRATEGIA: pullback bajista a EMA, pullback bajista válido, EMA favorece venta, presión: presión bajista reciente, RSI: 45.82, rechazo vendedor fuerte, evening star bajista, patrón contexto: evening star válido en resistencia, calidad A+, memoria permite operación, ubicación válida, MERCADO: TENDENCIA_BAJISTA - tendencia bajista moderada por avance predominante, CALIDAD MERCADO: NORMAL score 58, TENDENCIA AVANZADA: BAJISTA_NORMAL fuerza 68.6, VALIDACIÓN MERCADO: tendencia sucia: pullback bajista permitido con puntaje alto, ZONA SR: PUT permitido: señal fuerte cerca de soporte, ACCION PRECIO: acción precio: rechazo vendedor en resistencia, RUPTURA: sin ruptura confirmada de soporte",,,,,,,,4,5,0.517,1788399186.268838,1788399186.7854476,1,,,,,,"{""option-opened"": {""name"": ""option-opened"", ""microserviceName"": ""binary-options"", ""msg"": {""index"": 10341751978, ""option_id"": 14225794544, ""user_id"": 100593322, ""user_group_id"": 191, ""open_time"": 1788399185, ""open_time_millisecond"": 1788399185985, ""expiration_time"": 1788399240, ""amount"": 25, ""enrolled_amount"": 25, ""currency"": ""USD"", ""profit_amount"": 0, ""profit_percent"": 182, ""option_type"": ""turbo"", ""option_type_id"": 3, ""direction"": ""put"", ""value"": 286.814245, ""active"": ""COFFEE-OTC"", ""params"": null, ""platform_id"": 82, ""is_demo"": false, ""aff_id"": 0, ""balance_type_id"": 4, ""robot_id"": null, ""tournament_id"": null, ""bonus_rate"": 1, ""inout_diff"": 0, ""aff_track"": """", ""country_id"": 59, ""balance"": 0, ""client_platform_id"": 82, ""is_can_trade"": true, ""currency_mask"": ""$%s"", ""active_id"": 2415, ""balance_id"": 497753323, ""requested_at"": 1788399185984, ""created_at"": 1788399185984, ""updated_at"": 1788399186071}}}"
2026-09-02 21:40:06,CERRADA,14225814069,ATOMUSD-OTC,turbo,put,18,reacción vendedora en resistencia,52.45,-25.0,"ESTRATEGIA: reacción vendedora en resistencia, PUT válido por price action profesional: rechazo vendedor confirmado: resistencia + cierre bajo + confirmación sin soporte inmediato | impulso bajista medio: caída válida pero con fuerza moderada, precio reaccionando en resistencia, presión: presión bajista reciente, RSI: 52.45, calidad C, memoria permite operación, advertencia mercado: PUT bloqueado contra tendencia alcista, enviada al cerebro único como evidencia, ubicación válida, MERCADO: TENDENCIA_ALCISTA - tendencia alcista confirmada por estructura, EMA e impulso, CALIDAD MERCADO: NORMAL score 57, TENDENCIA AVANZADA: ALCISTA_DEBIL fuerza 42.52, VALIDACIÓN MERCADO: PUT bloqueado contra tendencia alcista, ZONA SR: zona válida, ACCION PRECIO: acción precio: PUT con soporte cerca; decisión delegada a zonas, RUPTURA: sin ruptura confirmada de soporte",,,,,,,,4,5,0.681,1788399605.621172,1788399606.3024747,1,,,,,,"{""option-opened"": {""name"": ""option-opened"", ""microserviceName"": ""binary-options"", ""msg"": {""index"": 10341769940, ""option_id"": 14225814069, ""user_id"": 100593322, ""user_group_id"": 191, ""open_time"": 1788399605, ""open_time_millisecond"": 1788399605444, ""expiration_time"": 1788399660, ""amount"": 25, ""enrolled_amount"": 25, ""currency"": ""USD"", ""profit_amount"": 0, ""profit_percent"": 182, ""option_type"": ""turbo"", ""option_type_id"": 3, ""direction"": ""put"", ""value"": 1.573975, ""active"": ""ATOMUSD-OTC"", ""params"": null, ""platform_id"": 82, ""is_demo"": false, ""aff_id"": 0, ""balance_type_id"": 4, ""robot_id"": null, ""tournament_id"": null, ""bonus_rate"": 1, ""inout_diff"": 0, ""aff_track"": """", ""country_id"": 59, ""balance"": 0, ""client_platform_id"": 82, ""is_can_trade"": true, ""currency_mask"": ""$%s"", ""active_id"": 2150, ""balance_id"": 497753323, ""requested_at"": 1788399605443, ""created_at"": 1788399605444, ""updated_at"": 1788399605543}}}"
2026-09-02 21:41:05,CERRADA,14225816842,EURGBP-OTC,turbo,put,20,pullback bajista a EMA,47.93,-25.0,"ESTRATEGIA: pullback bajista a EMA, pullback bajista válido, EMA favorece venta, presión: presión neutral, RSI: 47.93, rechazo vendedor por recuperación fallida, pin bar bajista, patrón contexto: patrón bajista válido en resistencia con contexto, calidad A+, memoria permite operación, ubicación válida, MERCADO: TENDENCIA_BAJISTA - tendencia bajista confirmada por estructura, EMA e impulso, CALIDAD MERCADO: NORMAL score 67, TENDENCIA AVANZADA: BAJISTA_DEBIL fuerza 48.67, VALIDACIÓN MERCADO: tendencia sucia: pullback bajista permitido con puntaje alto, ZONA SR: PUT permitido: señal fuerte cerca de soporte, ACCION PRECIO: acción precio: rechazo vendedor en resistencia, RUPTURA: sin ruptura confirmada de soporte",,,,,,,,4,5,0.474,1788399665.4374588,1788399665.911372,1,,,,,,"{""option-opened"": {""name"": ""option-opened"", ""microserviceName"": ""binary-options"", ""msg"": {""index"": 10341772500, ""option_id"": 14225816842, ""user_id"": 100593322, ""user_group_id"": 191, ""open_time"": 1788399665, ""open_time_millisecond"": 1788399665139, ""expiration_time"": 1788399720, ""amount"": 25, ""enrolled_amount"": 25, ""currency"": ""USD"", ""profit_amount"": 0, ""profit_percent"": 187, ""option_type"": ""turbo"", ""option_type_id"": 3, ""direction"": ""put"", ""value"": 0.862595, ""active"": ""EURGBP-OTC"", ""params"": null, ""platform_id"": 82, ""is_demo"": false, ""aff_id"": 0, ""balance_type_id"": 4, ""robot_id"": null, ""tournament_id"": null, ""bonus_rate"": 1, ""inout_diff"": 0, ""aff_track"": """", ""country_id"": 59, ""balance"": 0, ""client_platform_id"": 82, ""is_can_trade"": true, ""currency_mask"": ""$%s"", ""active_id"": 77, ""balance_id"": 497753323, ""requested_at"": 1788399665138, ""created_at"": 1788399665141, ""updated_at"": 1788399665215}}}"
2026-09-02 21:43:06,CERRADA,14225822438,USDPLN-OTC,turbo,put,18,reacción vendedora en resistencia,55.03,-25.0,"ESTRATEGIA: reacción vendedora en resistencia, PUT válido por price action profesional: rechazo vendedor confirmado: resistencia + cierre bajo + confirmación sin soporte inmediato, precio reaccionando en resistencia, presión: presión bajista reciente, RSI: 55.03, calidad C, memoria permite operación, advertencia mercado: PUT bloqueado contra tendencia alcista, enviada al cerebro único como evidencia, advertencia acción precio: acción precio: lectura avanzada contradice PUT, enviada al cerebro único como evidencia, ubicación válida, MERCADO: TENDENCIA_ALCISTA - tendencia alcista moderada por avance predominante, CALIDAD MERCADO: NORMAL score 64, TENDENCIA AVANZADA: ALCISTA_NORMAL fuerza 52.25, VALIDACIÓN MERCADO: PUT bloqueado contra tendencia alcista, ZONA SR: zona válida, ACCION PRECIO: acción precio: lectura avanzada contradice PUT, RUPTURA: sin ruptura confirmada de soporte",,,,,,,,4,5,0.483,1788399786.3518105,1788399786.8348527,1,,,,,,"{""option-opened"": {""name"": ""option-opened"", ""microserviceName"": ""binary-options"", ""msg"": {""index"": 10341777571, ""option_id"": 14225822438, ""user_id"": 100593322, ""user_group_id"": 191, ""open_time"": 1788399786, ""open_time_millisecond"": 1788399786091, ""expiration_time"": 1788399840, ""amount"": 25, ""enrolled_amount"": 25, ""currency"": ""USD"", ""profit_amount"": 0, ""profit_percent"": 182, ""option_type"": ""turbo"", ""option_type_id"": 3, ""direction"": ""put"", ""value"": 3.771975, ""active"": ""USDPLN-OTC"", ""params"": null, ""platform_id"": 82, ""is_demo"": false, ""aff_id"": 0, ""balance_type_id"": 4, ""robot_id"": null, ""tournament_id"": null, ""bonus_rate"": 1, ""inout_diff"": 0, ""aff_track"": """", ""country_id"": 59, ""balance"": 0, ""client_platform_id"": 82, ""is_can_trade"": true, ""currency_mask"": ""$%s"", ""active_id"": 2128, ""balance_id"": 497753323, ""requested_at"": 1788399786090, ""created_at"": 1788399786091, ""updated_at"": 1788399786171}}, ""position-changed"": {""name"": ""position-changed"", ""microserviceName"": ""portfolio"", ""msg"": {""version"": 45510797389, ""id"": ""939e74da304556fa7645e5a99bac53fa"", ""user_id"": 100593322, ""user_balance_id"": 497753323, ""platform_id"": 82, ""external_id"": 14225822438, ""active_id"": 2128, ""instrument_id"": ""2128"", ""source"": ""binary-options"", ""instrument_type"": ""turbo-option"", ""status"": ""open"", ""open_time"": 1788399786091, ""open_quote"": 3.771975, ""invest"": 25, ""invest_enrolled"": 25, ""sell_profit"": 10.92, ""sell_profit_enrolled"": 10.92, ""expected_profit"": 25, ""expected_profit_enrolled"": 25, ""pnl"": -14.08, ""pnl_net"": -14.08, ""current_price"": 3.771975, ""quote_timestamp"": 1788399785893, ""swap"": 0, ""raw_event"": {""index"": 13827975849, ""option_id"": 14225822438, ""user_id"": 100593322, ""balance_id"": 497753323, ""option_type_id"": 3, ""option_type"": ""turbo"", ""active_id"": 2128, ""platform_id"": 82, ""profit_percent"": 182, ""user_balance_type"": 4, ""currency"": ""USD"", ""direction"": ""put"", ""result"": ""opened"", ""amount"": 25, ""enrolled_amount"": 25, ""profit_amount"": null, ""win_enrolled_amount"": null, ""value"": 3.771975, ""expiration_value"": null, ""open_time"": 1788399786, ""open_time_millisecond"": 1788399786091, ""expiration_time"": 1788399840, ""initial_expiration_count"": 1, ""actual_expire"": null, ""user_group_id"": 191, ""requested_at"": 1788399786090, ""created_at"": 1788399786091, ""updated_at"": 1788399786171}}}}"
2026-09-02 21:44:06,CERRADA,14225825226,USDCAD-OTC,turbo,call,19,CHOCH alcista,54.41,-25.0,"ESTRATEGIA: CHOCH alcista, CHOCH alcista confirmado: ruptura con cuerpo, EMA favorece compra, CHOCH con contexto confirmado, rechazo histórico: sin rechazo histórico dominante, presión: presión alcista reciente, patrón contexto: patrón alcista sin contexto suficiente, RSI: 54.41, price action profesional favorece CALL: impulso alcista fuerte: avance limpio, cierres altos y fuerza sostenida, micro contexto: impulso alcista, calidad A, memoria permite operación, advertencia mercado: tendencia sucia: CHOCH débil bloqueado, enviada al cerebro único como evidencia, ubicación válida, MERCADO: TENDENCIA_BAJISTA - tendencia bajista moderada por avance predominante, CALIDAD MERCADO: NORMAL score 65, TENDENCIA AVANZADA: BAJISTA_DEBIL fuerza 47.73, VALIDACIÓN MERCADO: tendencia sucia: CHOCH débil bloqueado, ZONA SR: CALL permitido: señal fuerte cerca de resistencia, ACCION PRECIO: acción precio: CALL con resistencia cerca; decisión delegada a zonas, RUPTURA: sin ruptura confirmada de resistencia",,,,,,,,4,5,0.468,1788399846.139671,1788399846.607429,1,,,,,,"{""option-opened"": {""name"": ""option-opened"", ""microserviceName"": ""binary-options"", ""msg"": {""index"": 10341780161, ""option_id"": 14225825226, ""user_id"": 100593322, ""user_group_id"": 191, ""open_time"": 1788399845, ""open_time_millisecond"": 1788399845868, ""expiration_time"": 1788399900, ""amount"": 25, ""enrolled_amount"": 25, ""currency"": ""USD"", ""profit_amount"": 0, ""profit_percent"": 182, ""option_type"": ""turbo"", ""option_type_id"": 3, ""direction"": ""call"", ""value"": 1.375085, ""active"": ""USDCAD-OTC"", ""params"": null, ""platform_id"": 82, ""is_demo"": false, ""aff_id"": 0, ""balance_type_id"": 4, ""robot_id"": null, ""tournament_id"": null, ""bonus_rate"": 1, ""inout_diff"": 0, ""aff_track"": """", ""country_id"": 59, ""balance"": 0, ""client_platform_id"": 82, ""is_can_trade"": true, ""currency_mask"": ""$%s"", ""active_id"": 2112, ""balance_id"": 497753323, ""requested_at"": 1788399845867, ""created_at"": 1788399845867, ""updated_at"": 1788399845938}}, ""position-changed"": {""name"": ""position-changed"", ""microserviceName"": ""portfolio"", ""msg"": {""version"": 45510807925, ""id"": ""e0243b7bbdc7d478f4c7672b192ed178"", ""user_id"": 100593322, ""user_balance_id"": 497753323, ""platform_id"": 82, ""external_id"": 14225825226, ""active_id"": 2112, ""instrument_id"": ""2112"", ""source"": ""binary-options"", ""instrument_type"": ""turbo-option"", ""status"": ""open"", ""open_time"": 1788399845868, ""open_quote"": 1.375085, ""invest"": 25, ""invest_enrolled"": 25, ""sell_profit"": 3.64, ""sell_profit_enrolled"": 3.64, ""expected_profit"": 25, ""expected_profit_enrolled"": 25, ""pnl"": -21.36, ""pnl_net"": -21.36, ""current_price"": 1.375085, ""quote_timestamp"": 1788399845330, ""swap"": 0, ""raw_event"": {""index"": 13827981010, ""option_id"": 14225825226, ""user_id"": 100593322, ""balance_id"": 497753323, ""option_type_id"": 3, ""option_type"": ""turbo"", ""active_id"": 2112, ""platform_id"": 82, ""profit_percent"": 182, ""user_balance_type"": 4, ""currency"": ""USD"", ""direction"": ""call"", ""result"": ""opened"", ""amount"": 25, ""enrolled_amount"": 25, ""profit_amount"": null, ""win_enrolled_amount"": null, ""value"": 1.375085, ""expiration_value"": null, ""open_time"": 1788399845, ""open_time_millisecond"": 1788399845868, ""expiration_time"": 1788399900, ""initial_expiration_count"": 1, ""actual_expire"": null, ""user_group_id"": 191, ""requested_at"": 1788399845867, ""created_at"": 1788399845867, ""updated_at"": 1788399845938}}}}"
2026-09-02 21:49:06,CERRADA,14225839199,ARBUSD-OTC,turbo,put,20,pullback bajista a EMA,40.55,20.5,"ESTRATEGIA: pullback bajista a EMA, pullback bajista válido, EMA favorece venta, presión: presión bajista reciente, RSI: 40.55, rechazo vendedor por recuperación fallida, pin bar bajista, patrón contexto: patrón bajista válido en resistencia con contexto, calidad A+, memoria permite operación, ubicación válida, MERCADO: TENDENCIA_BAJISTA - tendencia bajista confirmada por estructura, EMA e impulso, CALIDAD MERCADO: NORMAL score 60, TENDENCIA AVANZADA: BAJISTA_FUERTE fuerza 74.58, VALIDACIÓN MERCADO: tendencia sucia: pullback bajista permitido con puntaje alto, ZONA SR: PUT permitido: señal fuerte cerca de soporte, ACCION PRECIO: acción precio: rechazo vendedor en resistencia, RUPTURA: sin ruptura confirmada de soporte",,,,,,,,4,5,0.453,1788400145.868853,1788400146.3218253,1,,,,,,"{""option-opened"": {""name"": ""option-opened"", ""microserviceName"": ""binary-options"", ""msg"": {""index"": 10341793026, ""option_id"": 14225839199, ""user_id"": 100593322, ""user_group_id"": 191, ""open_time"": 1788400145, ""open_time_millisecond"": 1788400145595, ""expiration_time"": 1788400200, ""amount"": 25, ""enrolled_amount"": 25, ""currency"": ""USD"", ""profit_amount"": 0, ""profit_percent"": 182, ""option_type"": ""turbo"", ""option_type_id"": 3, ""direction"": ""put"", ""value"": 0.077975, ""active"": ""ARBUSD-OTC"", ""params"": null, ""platform_id"": 82, ""is_demo"": false, ""aff_id"": 0, ""balance_type_id"": 4, ""robot_id"": null, ""tournament_id"": null, ""bonus_rate"": 1, ""inout_diff"": 0, ""aff_track"": """", ""country_id"": 59, ""balance"": 0, ""client_platform_id"": 82, ""is_can_trade"": true, ""currency_mask"": ""$%s"", ""active_id"": 2156, ""balance_id"": 497753323, ""requested_at"": 1788400145594, ""created_at"": 1788400145595, ""updated_at"": 1788400145669}}, ""position-changed"": {""name"": ""position-changed"", ""microserviceName"": ""portfolio"", ""msg"": {""version"": 45510861371, ""id"": ""39d129613281933fb380206c5e69963f"", ""user_id"": 100593322, ""user_balance_id"": 497753323, ""platform_id"": 82, ""external_id"": 14225839199, ""active_id"": 2156, ""instrument_id"": ""2156"", ""source"": ""binary-options"", ""instrument_type"": ""turbo-option"", ""status"": ""open"", ""open_time"": 1788400145595, ""open_quote"": 0.077975, ""invest"": 25, ""invest_enrolled"": 25, ""sell_profit"": 9.1, ""sell_profit_enrolled"": 9.1, ""expected_profit"": 25, ""expected_profit_enrolled"": 25, ""pnl"": -15.9, ""pnl_net"": -15.9, ""current_price"": 0.077975, ""quote_timestamp"": 1788400145549, ""swap"": 0, ""raw_event"": {""index"": 13828007983, ""option_id"": 14225839199, ""user_id"": 100593322, ""balance_id"": 497753323, ""option_type_id"": 3, ""option_type"": ""turbo"", ""active_id"": 2156, ""platform_id"": 82, ""profit_percent"": 182, ""user_balance_type"": 4, ""currency"": ""USD"", ""direction"": ""put"", ""result"": ""opened"", ""amount"": 25, ""enrolled_amount"": 25, ""profit_amount"": null, ""win_enrolled_amount"": null, ""value"": 0.077975, ""expiration_value"": null, ""open_time"": 1788400145, ""open_time_millisecond"": 1788400145595, ""expiration_time"": 1788400200, ""initial_expiration_count"": 1, ""actual_expire"": null, ""user_group_id"": 191, ""requested_at"": 1788400145594, ""created_at"": 1788400145595, ""updated_at"": 1788400145669}}}}"
2026-09-02 21:50:05,CERRADA,14225842065,HYPE-OTC,turbo,put,23,reacción vendedora en resistencia,56.3,20.5,"ESTRATEGIA: reacción vendedora en resistencia, PUT válido por price action profesional: rechazo vendedor confirmado: resistencia + cierre bajo + confirmación sin soporte inmediato | impulso bajista medio: caída válida pero con fuerza moderada, precio reaccionando en resistencia, presión: presión neutral, RSI: 56.3, envolvente bajista, patrón contexto: patrón bajista válido en resistencia con contexto, calidad A+, memoria permite operación, ubicación válida, MERCADO: RANGO - precio lateral o sin avance direccional fuerte, CALIDAD MERCADO: NORMAL score 63, TENDENCIA AVANZADA: ALCISTA_DEBIL fuerza 48.13, VALIDACIÓN MERCADO: mercado permitido, ZONA SR: zona válida, ACCION PRECIO: acción precio: PUT con soporte cerca; decisión delegada a zonas, RUPTURA: sin ruptura confirmada de soporte",,,,,,,,4,4,0.451,1788400205.4878633,1788400205.9391322,1,,,,,,"{""option-opened"": {""name"": ""option-opened"", ""microserviceName"": ""binary-options"", ""msg"": {""index"": 10341795775, ""option_id"": 14225842065, ""user_id"": 100593322, ""user_group_id"": 191, ""open_time"": 1788400205, ""open_time_millisecond"": 1788400205227, ""expiration_time"": 1788400260, ""amount"": 25, ""enrolled_amount"": 25, ""currency"": ""USD"", ""profit_amount"": 0, ""profit_percent"": 182, ""option_type"": ""turbo"", ""option_type_id"": 3, ""direction"": ""put"", ""value"": 82.9535, ""active"": ""HYPE-OTC"", ""params"": null, ""platform_id"": 82, ""is_demo"": false, ""aff_id"": 0, ""balance_type_id"": 4, ""robot_id"": null, ""tournament_id"": null, ""bonus_rate"": 1, ""inout_diff"": 0, ""aff_track"": """", ""country_id"": 59, ""balance"": 0, ""client_platform_id"": 82, ""is_can_trade"": true, ""currency_mask"": ""$%s"", ""active_id"": 2448, ""balance_id"": 497753323, ""requested_at"": 1788400205226, ""created_at"": 1788400205227, ""updated_at"": 1788400205301}}, ""position-changed"": {""name"": ""position-changed"", ""microserviceName"": ""portfolio"", ""msg"": {""version"": 45510872487, ""id"": ""985369a63b83913db182226e5c6b943d"", ""user_id"": 100593322, ""user_balance_id"": 497753323, ""platform_id"": 82, ""external_id"": 14225842065, ""active_id"": 2448, ""instrument_id"": ""2448"", ""source"": ""binary-options"", ""instrument_type"": ""turbo-option"", ""status"": ""open"", ""open_time"": 1788400205227, ""open_quote"": 82.9535, ""invest"": 25, ""invest_enrolled"": 25, ""sell_profit"": 9.555, ""sell_profit_enrolled"": 9.555, ""expected_profit"": 25, ""expected_profit_enrolled"": 25, ""pnl"": -15.445, ""pnl_net"": -15.445, ""current_price"": 82.9535, ""quote_timestamp"": 1788400205043, ""swap"": 0, ""raw_event"": {""index"": 13828013648, ""option_id"": 14225842065, ""user_id"": 100593322, ""balance_id"": 497753323, ""option_type_id"": 3, ""option_type"": ""turbo"", ""active_id"": 2448, ""platform_id"": 82, ""profit_percent"": 182, ""user_balance_type"": 4, ""currency"": ""USD"", ""direction"": ""put"", ""result"": ""opened"", ""amount"": 25, ""enrolled_amount"": 25, ""profit_amount"": null, ""win_enrolled_amount"": null, ""value"": 82.9535, ""expiration_value"": null, ""open_time"": 1788400205, ""open_time_millisecond"": 1788400205227, ""expiration_time"": 1788400260, ""initial_expiration_count"": 1, ""actual_expire"": null, ""user_group_id"": 191, ""requested_at"": 1788400205226, ""created_at"": 1788400205227, ""updated_at"": 1788400205301}}}}"
2026-09-02 21:54:06,CERRADA,14225853026,XPTUSD-OTC,turbo,call,19,CHOCH alcista,61.95,20.5,"ESTRATEGIA: CHOCH alcista, CHOCH alcista confirmado: ruptura con cuerpo, EMA favorece compra, CHOCH con contexto confirmado, rechazo histórico: sin rechazo histórico dominante, presión: presión alcista reciente, patrón contexto: patrón alcista sin contexto suficiente, RSI: 61.95, price action profesional favorece CALL: impulso alcista fuerte: avance limpio, cierres altos y fuerza sostenida, micro contexto: impulso alcista, calidad A, memoria permite operación, ubicación válida, MERCADO: TENDENCIA_ALCISTA - tendencia alcista confirmada por estructura, EMA e impulso, CALIDAD MERCADO: LIMPIO score 79, TENDENCIA AVANZADA: ALCISTA_FUERTE fuerza 76.82, VALIDACIÓN MERCADO: CHOCH permitido a favor de tendencia con confirmación, ZONA SR: CALL permitido: señal fuerte cerca de resistencia, ACCION PRECIO: acción precio: CALL con resistencia cerca; decisión delegada a zonas, RUPTURA: sin ruptura confirmada de resistencia",,,,,,,,4,5,0.461,1788400446.2197332,1788400446.6809905,1,,,,,,"{""option-opened"": {""name"": ""option-opened"", ""microserviceName"": ""binary-options"", ""msg"": {""index"": 10341805862, ""option_id"": 14225853026, ""user_id"": 100593322, ""user_group_id"": 191, ""open_time"": 1788400445, ""open_time_millisecond"": 1788400445958, ""expiration_time"": 1788400500, ""amount"": 25, ""enrolled_amount"": 25, ""currency"": ""USD"", ""profit_amount"": 0, ""profit_percent"": 182, ""option_type"": ""turbo"", ""option_type_id"": 3, ""direction"": ""call"", ""value"": 1689.8765, ""active"": ""XPTUSD-OTC"", ""params"": null, ""platform_id"": 82, ""is_demo"": false, ""aff_id"": 0, ""balance_type_id"": 4, ""robot_id"": null, ""tournament_id"": null, ""bonus_rate"": 1, ""inout_diff"": 0, ""aff_track"": """", ""country_id"": 59, ""balance"": 0, ""client_platform_id"": 82, ""is_can_trade"": true, ""currency_mask"": ""$%s"", ""active_id"": 2327, ""balance_id"": 497753323, ""requested_at"": 1788400445957, ""created_at"": 1788400445957, ""updated_at"": 1788400446038}}, ""position-changed"": {""name"": ""position-changed"", ""microserviceName"": ""portfolio"", ""msg"": {""version"": 45510912244, ""id"": ""00c54698f61b09a5291abaf6c4f30ca5"", ""user_id"": 100593322, ""user_balance_id"": 497753323, ""platform_id"": 82, ""external_id"": 14225853026, ""active_id"": 2327, ""instrument_id"": ""2327"", ""source"": ""binary-options"", ""instrument_type"": ""turbo-option"", ""status"": ""open"", ""open_time"": 1788400445958, ""open_quote"": 1689.8765, ""invest"": 25, ""invest_enrolled"": 25, ""sell_profit"": 11.375, ""sell_profit_enrolled"": 11.375, ""expected_profit"": 25, ""expected_profit_enrolled"": 25, ""pnl"": -13.625, ""pnl_net"": -13.625, ""current_price"": 1689.8765, ""quote_timestamp"": 1788400445637, ""swap"": 0, ""raw_event"": {""index"": 13828034694, ""option_id"": 14225853026, ""user_id"": 100593322, ""balance_id"": 497753323, ""option_type_id"": 3, ""option_type"": ""turbo"", ""active_id"": 2327, ""platform_id"": 82, ""profit_percent"": 182, ""user_balance_type"": 4, ""currency"": ""USD"", ""direction"": ""call"", ""result"": ""opened"", ""amount"": 25, ""enrolled_amount"": 25, ""profit_amount"": null, ""win_enrolled_amount"": null, ""value"": 1689.8765, ""expiration_value"": null, ""open_time"": 1788400445, ""open_time_millisecond"": 1788400445958, ""expiration_time"": 1788400500, ""initial_expiration_count"": 1, ""actual_expire"": null, ""user_group_id"": 191, ""requested_at"": 1788400445957, ""created_at"": 1788400445957, ""updated_at"": 1788400446038}}}}"
2026-09-02 21:55:06,CERRADA,14225855448,Anthropic-OTC,turbo,call,20,reacción compradora en soporte,55.84,20.5,"ESTRATEGIA: reacción compradora en soporte, CALL válido: rechazo comprador fuerte en soporte, precio reaccionando en soporte, presión: presión alcista reciente, RSI: 55.84, rechazo comprador fuerte, calidad A+, memoria permite operación, ubicación válida, MERCADO: TENDENCIA_ALCISTA - tendencia alcista confirmada por estructura, EMA e impulso, CALIDAD MERCADO: NORMAL score 68, TENDENCIA AVANZADA: ALCISTA_NORMAL fuerza 65.69, VALIDACIÓN MERCADO: CALL permitido a favor de tendencia alcista, ZONA SR: zona válida, ACCION PRECIO: acción precio: CALL sin conflicto fuerte de zona, RUPTURA: sin ruptura confirmada de resistencia",,,,,,,,4,4,0.431,1788400505.836671,1788400506.2673728,1,,,,,,"{""option-opened"": {""name"": ""option-opened"", ""microserviceName"": ""binary-options"", ""msg"": {""index"": 10341808074, ""option_id"": 14225855448, ""user_id"": 100593322, ""user_group_id"": 191, ""open_time"": 1788400505, ""open_time_millisecond"": 1788400505568, ""expiration_time"": 1788400560, ""amount"": 25, ""enrolled_amount"": 25, ""currency"": ""USD"", ""profit_amount"": 0, ""profit_percent"": 182, ""option_type"": ""turbo"", ""option_type_id"": 3, ""direction"": ""call"", ""value"": 194.957245, ""active"": ""Anthropic-OTC"", ""params"": null, ""platform_id"": 82, ""is_demo"": false, ""aff_id"": 0, ""balance_type_id"": 4, ""robot_id"": null, ""tournament_id"": null, ""bonus_rate"": 1, ""inout_diff"": 0, ""aff_track"": """", ""country_id"": 59, ""balance"": 0, ""client_platform_id"": 82, ""is_can_trade"": true, ""currency_mask"": ""$%s"", ""active_id"": 2451, ""balance_id"": 497753323, ""requested_at"": 1788400505567, ""created_at"": 1788400505567, ""updated_at"": 1788400505637}}, ""position-changed"": {""name"": ""position-changed"", ""microserviceName"": ""portfolio"", ""msg"": {""version"": 45510921597, ""id"": ""ff0bdd06d2263498142787cbf9ce3198"", ""user_id"": 100593322, ""user_balance_id"": 497753323, ""platform_id"": 82, ""external_id"": 14225855448, ""active_id"": 2451, ""instrument_id"": ""2451"", ""source"": ""binary-options"", ""instrument_type"": ""turbo-option"", ""status"": ""open"", ""open_time"": 1788400505568, ""open_quote"": 194.957245, ""invest"": 25, ""invest_enrolled"": 25, ""sell_profit"": 11.375, ""sell_profit_enrolled"": 11.375, ""expected_profit"": 0, ""expected_profit_enrolled"": 0, ""pnl"": -13.625, ""pnl_net"": -13.625, ""current_price"": 194.947575, ""quote_timestamp"": 1788400505168, ""swap"": 0, ""raw_event"": {""index"": 13828039481, ""option_id"": 14225855448, ""user_id"": 100593322, ""balance_id"": 497753323, ""option_type_id"": 3, ""option_type"": ""turbo"", ""active_id"": 2451, ""platform_id"": 82, ""profit_percent"": 182, ""user_balance_type"": 4, ""currency"": ""USD"", ""direction"": ""call"", ""result"": ""opened"", ""amount"": 25, ""enrolled_amount"": 25, ""profit_amount"": null, ""win_enrolled_amount"": null, ""value"": 194.957245, ""expiration_value"": null, ""open_time"": 1788400505, ""open_time_millisecond"": 1788400505568, ""expiration_time"": 1788400560, ""initial_expiration_count"": 1, ""actual_expire"": null, ""user_group_id"": 191, ""requested_at"": 1788400505567, ""created_at"": 1788400505567, ""updated_at"": 1788400505637}}}}"
2026-09-02 22:06:05,CERRADA,14225884204,FETUSD-OTC,turbo,call,19,CHOCH alcista,54.72,-25.0,"ESTRATEGIA: CHOCH alcista, CHOCH alcista confirmado: ruptura con cuerpo, EMA favorece compra, CHOCH con contexto confirmado, rechazo histórico: sin rechazo histórico dominante, presión: presión alcista reciente, patrón contexto: patrón alcista sin contexto suficiente, RSI: 54.72, price action profesional favorece CALL: impulso alcista fuerte: avance limpio, cierres altos y fuerza sostenida, micro contexto: impulso alcista, calidad A, memoria permite operación, advertencia mercado: tendencia sucia: CHOCH débil bloqueado, enviada al cerebro único como evidencia, ubicación válida, MERCADO: TENDENCIA_ALCISTA - tendencia alcista confirmada por estructura, EMA e impulso, CALIDAD MERCADO: LIMPIO score 75, TENDENCIA AVANZADA: ALCISTA_FUERTE fuerza 78.47, VALIDACIÓN MERCADO: tendencia sucia: CHOCH débil bloqueado, ZONA SR: CALL permitido: señal fuerte cerca de resistencia, ACCION PRECIO: acción precio: CALL con resistencia cerca; decisión delegada a zonas, RUPTURA: sin ruptura confirmada de resistencia",,,,,,,,4,5,0.438,1788401165.4187367,1788401165.856693,1,,,,,,"{""option-opened"": {""name"": ""option-opened"", ""microserviceName"": ""binary-options"", ""msg"": {""index"": 10341834600, ""option_id"": 14225884204, ""user_id"": 100593322, ""user_group_id"": 191, ""open_time"": 1788401165, ""open_time_millisecond"": 1788401165156, ""expiration_time"": 1788401220, ""amount"": 25, ""enrolled_amount"": 25, ""currency"": ""USD"", ""profit_amount"": 0, ""profit_percent"": 187, ""option_type"": ""turbo"", ""option_type_id"": 3, ""direction"": ""call"", ""value"": 0.163835, ""active"": ""FETUSD-OTC"", ""params"": null, ""platform_id"": 82, ""is_demo"": false, ""aff_id"": 0, ""balance_type_id"": 4, ""robot_id"": null, ""tournament_id"": null, ""bonus_rate"": 1, ""inout_diff"": 0, ""aff_track"": """", ""country_id"": 59, ""balance"": 0, ""client_platform_id"": 82, ""is_can_trade"": true, ""currency_mask"": ""$%s"", ""active_id"": 2289, ""balance_id"": 497753323, ""requested_at"": 1788401165155, ""created_at"": 1788401165155, ""updated_at"": 1788401165234}}, ""position-changed"": {""name"": ""position-changed"", ""microserviceName"": ""portfolio"", ""msg"": {""version"": 45511036391, ""id"": ""80950ac5e5869438b487276b596e9138"", ""user_id"": 100593322, ""user_balance_id"": 497753323, ""platform_id"": 82, ""external_id"": 14225884204, ""active_id"": 2289, ""instrument_id"": ""2289"", ""source"": ""binary-options"", ""instrument_type"": ""turbo-option"", ""status"": ""open"", ""open_time"": 1788401165156, ""open_quote"": 0.163835, ""invest"": 25, ""invest_enrolled"": 25, ""sell_profit"": 12.155, ""sell_profit_enrolled"": 12.155, ""expected_profit"": 25, ""expected_profit_enrolled"": 25, ""pnl"": -12.845, ""pnl_net"": -12.845, ""current_price"": 0.163835, ""quote_timestamp"": 1788401165144, ""swap"": 0, ""raw_event"": {""index"": 13828094590, ""option_id"": 14225884204, ""user_id"": 100593322, ""balance_id"": 497753323, ""option_type_id"": 3, ""option_type"": ""turbo"", ""active_id"": 2289, ""platform_id"": 82, ""profit_percent"": 187, ""user_balance_type"": 4, ""currency"": ""USD"", ""direction"": ""call"", ""result"": ""opened"", ""amount"": 25, ""enrolled_amount"": 25, ""profit_amount"": null, ""win_enrolled_amount"": null, ""value"": 0.163835, ""expiration_value"": null, ""open_time"": 1788401165, ""open_time_millisecond"": 1788401165156, ""expiration_time"": 1788401220, ""initial_expiration_count"": 1, ""actual_expire"": null, ""user_group_id"": 191, ""requested_at"": 1788401165155, ""created_at"": 1788401165155, ""updated_at"": 1788401165234}}}}"
2026-09-02 22:14:06,CERRADA,14225905770,CARDANO-OTC,turbo,put,20,reacción vendedora en resistencia,52.64,-25.0,"ESTRATEGIA: reacción vendedora en resistencia, PUT válido por price action profesional: agotamiento alcista confirmado: resistencia + pérdida de fuerza + confirmación bajista | impulso alcista con pérdida de fuerza | impulso previo contrario compatible con reversión confirmada | evidencias CALL: IMPULSO_ALCISTA_AGOTANDOSE | evidencias PUT: AGOTAMIENTO_ALCISTA_CONFIRMADO | contradicciones: existen evidencias direccionales CALL y PUT, precio reaccionando en resistencia, presión: presión vendedora por mechas superiores, RSI: 52.64, rechazo vendedor por recuperación fallida, calidad A+, memoria permite operación, advertencia mercado: PUT bloqueado contra tendencia alcista, enviada al cerebro único como evidencia, advertencia ubicación/fatiga: fatiga bajista real, enviada al cerebro único como evidencia, fatiga bajista real, MERCADO: TENDENCIA_ALCISTA - tendencia alcista moderada por avance predominante, CALIDAD MERCADO: NORMAL score 58, TENDENCIA AVANZADA: ALCISTA_AGOTADA fuerza 51.51, VALIDACIÓN MERCADO: PUT bloqueado contra tendencia alcista, ZONA SR: PUT permitido: señal fuerte cerca de soporte, ACCION PRECIO: acción precio: rechazo vendedor en resistencia, RUPTURA: sin ruptura confirmada de soporte",,,,,,,,5,5,0.618,1788401646.0177343,1788401646.6358595,1,,,,,,"{""option-opened"": {""name"": ""option-opened"", ""microserviceName"": ""binary-options"", ""msg"": {""index"": 10341854547, ""option_id"": 14225905770, ""user_id"": 100593322, ""user_group_id"": 191, ""open_time"": 1788401645, ""open_time_millisecond"": 1788401645839, ""expiration_time"": 1788401700, ""amount"": 25, ""enrolled_amount"": 25, ""currency"": ""USD"", ""profit_amount"": 0, ""profit_percent"": 182, ""option_type"": ""turbo"", ""option_type_id"": 3, ""direction"": ""put"", ""value"": 0.186995, ""active"": ""CARDANO-OTC"", ""params"": null, ""platform_id"": 82, ""is_demo"": false, ""aff_id"": 0, ""balance_type_id"": 4, ""robot_id"": null, ""tournament_id"": null, ""bonus_rate"": 1, ""inout_diff"": 0, ""aff_track"": """", ""country_id"": 59, ""balance"": 0, ""client_platform_id"": 82, ""is_can_trade"": true, ""currency_mask"": ""$%s"", ""active_id"": 1974, ""balance_id"": 497753323, ""requested_at"": 1788401645838, ""created_at"": 1788401645838, ""updated_at"": 1788401645912}}}"
2026-09-02 22:14:07,CERRADA,14225905821,MCDON-OTC,turbo,put,16,pullback bajista a EMA,42.75,-25.0,"ESTRATEGIA: pullback bajista a EMA, pullback bajista válido, EMA favorece venta, presión: presión bajista reciente, RSI: 42.75, rechazo vendedor fuerte, calidad A, memoria permite operación, advertencia mercado: pullback bajista requiere mínimo 18 puntos, enviada al cerebro único como evidencia, ubicación válida, MERCADO: TENDENCIA_BAJISTA - tendencia bajista moderada por avance predominante, CALIDAD MERCADO: LIMPIO score 76, TENDENCIA AVANZADA: BAJISTA_NORMAL fuerza 65.39, VALIDACIÓN MERCADO: pullback bajista requiere mínimo 18 puntos, ZONA SR: zona válida, ACCION PRECIO: acción precio: PUT con soporte cerca; decisión delegada a zonas, RUPTURA: sin ruptura confirmada de soporte",,,,,,,,5,6,0.502,1788401646.711111,1788401647.2134595,1,,,,,,"{""option-opened"": {""name"": ""option-opened"", ""microserviceName"": ""binary-options"", ""msg"": {""index"": 10341854597, ""option_id"": 14225905821, ""user_id"": 100593322, ""user_group_id"": 191, ""open_time"": 1788401646, ""open_time_millisecond"": 1788401646516, ""expiration_time"": 1788401700, ""amount"": 25, ""enrolled_amount"": 25, ""currency"": ""USD"", ""profit_amount"": 0, ""profit_percent"": 187, ""option_type"": ""turbo"", ""option_type_id"": 3, ""direction"": ""put"", ""value"": 370.925, ""active"": ""MCDON-OTC"", ""params"": null, ""platform_id"": 82, ""is_demo"": false, ""aff_id"": 0, ""balance_type_id"": 4, ""robot_id"": null, ""tournament_id"": null, ""bonus_rate"": 1, ""inout_diff"": 0, ""aff_track"": """", ""country_id"": 59, ""balance"": 0, ""client_platform_id"": 82, ""is_can_trade"": true, ""currency_mask"": ""$%s"", ""active_id"": 2103, ""balance_id"": 497753323, ""requested_at"": 1788401646515, ""created_at"": 1788401646516, ""updated_at"": 1788401646586}}}"
2026-09-02 22:26:06,CERRADA,14225942815,AUS200-OTC,turbo,put,20,pullback bajista a EMA,57.54,-25.0,"ESTRATEGIA: pullback bajista a EMA, pullback bajista válido, EMA favorece venta, presión: presión neutral, RSI: 57.54, rechazo vendedor fuerte, shooting star bajista, patrón contexto: patrón bajista válido en resistencia con contexto, calidad A+, memoria permite operación, ubicación válida, MERCADO: TENDENCIA_BAJISTA - tendencia bajista moderada por avance predominante, CALIDAD MERCADO: LIMPIO score 76, TENDENCIA AVANZADA: BAJISTA_NORMAL fuerza 61.72, VALIDACIÓN MERCADO: tendencia sucia: pullback bajista permitido con puntaje alto, ZONA SR: zona válida, ACCION PRECIO: acción precio: rechazo vendedor en resistencia, RUPTURA: sin ruptura confirmada de soporte",,,,,,,,5,6,0.601,1788402366.3519323,1788402366.9530303,1,,,,,,"{""option-opened"": {""name"": ""option-opened"", ""microserviceName"": ""binary-options"", ""msg"": {""index"": 10341886583, ""option_id"": 14225942815, ""user_id"": 100593322, ""user_group_id"": 191, ""open_time"": 1788402366, ""open_time_millisecond"": 1788402366130, ""expiration_time"": 1788402420, ""amount"": 25, ""enrolled_amount"": 25, ""currency"": ""USD"", ""profit_amount"": 0, ""profit_percent"": 182, ""option_type"": ""turbo"", ""option_type_id"": 3, ""direction"": ""put"", ""value"": 8993.805655, ""active"": ""AUS200-OTC"", ""params"": null, ""platform_id"": 82, ""is_demo"": false, ""aff_id"": 0, ""balance_type_id"": 4, ""robot_id"": null, ""tournament_id"": null, ""bonus_rate"": 1, ""inout_diff"": 0, ""aff_track"": """", ""country_id"": 59, ""balance"": 0, ""client_platform_id"": 82, ""is_can_trade"": true, ""currency_mask"": ""$%s"", ""active_id"": 2048, ""balance_id"": 497753323, ""requested_at"": 1788402366129, ""created_at"": 1788402366129, ""updated_at"": 1788402366205}}}"
2026-09-02 22:50:09,CERRADA,14226019849,RAYDIUMUSD-OTC,turbo,put,20,reacción vendedora en resistencia,69.42,21.75,"ESTRATEGIA: reacción vendedora en resistencia, PUT válido: agotamiento alcista en resistencia, precio reaccionando en resistencia, presión: presión alcista reciente, RSI: 69.42, liquidity sweep bajista: barrida de máximos | vela roja confirma rechazo | cierre en zona baja de la vela | cuerpo de vela suficiente | cierre actual confirma presión bajista | estructura inmediata rechaza máximos | score_sweep=60, calidad A+, memoria permite operación, advertencia mercado: PUT bloqueado contra tendencia alcista, enviada al cerebro único como evidencia, ubicación válida, MERCADO: TENDENCIA_ALCISTA - tendencia alcista confirmada por estructura, EMA e impulso, CALIDAD MERCADO: NORMAL score 57, TENDENCIA AVANZADA: ALCISTA_FUERTE fuerza 72.11, VALIDACIÓN MERCADO: PUT bloqueado contra tendencia alcista, ZONA SR: PUT permitido: cerca de resistencia, ACCION PRECIO: acción precio: PUT sin conflicto fuerte de zona, RUPTURA: sin ruptura confirmada de soporte",,,,,,,,7,8,0.478,1788403808.5598328,1788403809.0378711,1,,,,,,"{""option-opened"": {""name"": ""option-opened"", ""microserviceName"": ""binary-options"", ""msg"": {""index"": 10341953680, ""option_id"": 14226019849, ""user_id"": 100593322, ""user_group_id"": 191, ""open_time"": 1788403808, ""open_time_millisecond"": 1788403808350, ""expiration_time"": 1788403860, ""amount"": 25, ""enrolled_amount"": 25, ""currency"": ""USD"", ""profit_amount"": 0, ""profit_percent"": 187, ""option_type"": ""turbo"", ""option_type_id"": 3, ""direction"": ""put"", ""value"": 0.790985, ""active"": ""RAYDIUMUSD-OTC"", ""params"": null, ""platform_id"": 82, ""is_demo"": false, ""aff_id"": 0, ""balance_type_id"": 4, ""robot_id"": null, ""tournament_id"": null, ""bonus_rate"": 1, ""inout_diff"": 0, ""aff_track"": """", ""country_id"": 59, ""balance"": 0, ""client_platform_id"": 82, ""is_can_trade"": true, ""currency_mask"": ""$%s"", ""active_id"": 2286, ""balance_id"": 497753323, ""requested_at"": 1788403808349, ""created_at"": 1788403808350, ""updated_at"": 1788403808421}}, ""position-changed"": {""name"": ""position-changed"", ""microserviceName"": ""portfolio"", ""msg"": {""version"": 45511506483, ""id"": ""af6cafb9bccddd71fdce6e221027d871"", ""user_id"": 100593322, ""user_balance_id"": 497753323, ""platform_id"": 82, ""external_id"": 14226019849, ""active_id"": 2286, ""instrument_id"": ""2286"", ""source"": ""binary-options"", ""instrument_type"": ""turbo-option"", ""status"": ""open"", ""open_time"": 1788403808350, ""open_quote"": 0.790985, ""invest"": 25, ""invest_enrolled"": 25, ""sell_profit"": 9.8175, ""sell_profit_enrolled"": 9.8175, ""expected_profit"": 25, ""expected_profit_enrolled"": 25, ""pnl"": -15.1825, ""pnl_net"": -15.1825, ""current_price"": 0.790985, ""quote_timestamp"": 1788403808000, ""swap"": 0, ""raw_event"": {""index"": 13828349275, ""option_id"": 14226019849, ""user_id"": 100593322, ""balance_id"": 497753323, ""option_type_id"": 3, ""option_type"": ""turbo"", ""active_id"": 2286, ""platform_id"": 82, ""profit_percent"": 187, ""user_balance_type"": 4, ""currency"": ""USD"", ""direction"": ""put"", ""result"": ""opened"", ""amount"": 25, ""enrolled_amount"": 25, ""profit_amount"": null, ""win_enrolled_amount"": null, ""value"": 0.790985, ""expiration_value"": null, ""open_time"": 1788403808, ""open_time_millisecond"": 1788403808350, ""expiration_time"": 1788403860, ""initial_expiration_count"": 1, ""actual_expire"": null, ""user_group_id"": 191, ""requested_at"": 1788403808349, ""created_at"": 1788403808350, ""updated_at"": 1788403808421}}}}"
2026-09-03 10:05:08,CERRADA,14227341786,AUDUSD-OTC,turbo,call,18,reacción compradora en soporte,43.95,20.5,"ESTRATEGIA: reacción compradora en soporte, CALL válido por price action profesional: rechazo comprador confirmado: soporte + cierre alto + confirmación sin resistencia inmediata | impulso alcista medio: avance válido pero no dominante, precio reaccionando en soporte, presión: presión alcista reciente, RSI: 43.95, calidad C, memoria permite operación, advertencia zona SR: zona bloqueada: mercado delicado requiere mejor confirmación, enviada al cerebro único como evidencia, ubicación válida, MERCADO: RANGO - precio lateral o sin avance direccional fuerte, CALIDAD MERCADO: NORMAL score 60, TENDENCIA AVANZADA: BAJISTA_DEBIL fuerza 36.3, VALIDACIÓN MERCADO: mercado permitido, ZONA SR: zona bloqueada: mercado delicado requiere mejor confirmación, ACCION PRECIO: acción precio: CALL con resistencia cerca; decisión delegada a zonas, RUPTURA: sin ruptura confirmada de resistencia",,,,,,,,5,6,0.656,1788444308.1300004,1788444308.785524,1,,,,,,"{""option-opened"": {""name"": ""option-opened"", ""microserviceName"": ""binary-options"", ""msg"": {""index"": 10343162393, ""option_id"": 14227341786, ""user_id"": 100593322, ""user_group_id"": 191, ""open_time"": 1788444306, ""open_time_millisecond"": 1788444306810, ""expiration_time"": 1788444360, ""amount"": 25, ""enrolled_amount"": 25, ""currency"": ""USD"", ""profit_amount"": 0, ""profit_percent"": 182, ""option_type"": ""turbo"", ""option_type_id"": 3, ""direction"": ""call"", ""value"": 0.717085, ""active"": ""AUDUSD-OTC"", ""params"": null, ""platform_id"": 82, ""is_demo"": false, ""aff_id"": 0, ""balance_type_id"": 4, ""robot_id"": null, ""tournament_id"": null, ""bonus_rate"": 1, ""inout_diff"": 0, ""aff_track"": """", ""country_id"": 59, ""balance"": 0, ""client_platform_id"": 82, ""is_can_trade"": true, ""currency_mask"": ""$%s"", ""active_id"": 2111, ""balance_id"": 497753323, ""requested_at"": 1788444306809, ""created_at"": 1788444306810, ""updated_at"": 1788444306888}}}"
2026-09-03 13:11:07,CERRADA,14227824672,Anthropic-OTC,turbo,put,20,pullback bajista a EMA,53.97,-25.0,"ESTRATEGIA: pullback bajista a EMA, pullback bajista válido, EMA favorece venta, presión: presión bajista reciente, RSI: 53.97, rechazo vendedor fuerte, shooting star bajista, patrón contexto: patrón bajista válido en resistencia con contexto, calidad A+, memoria permite operación, ubicación válida, MERCADO: TENDENCIA_BAJISTA - tendencia bajista moderada por avance predominante, CALIDAD MERCADO: NORMAL score 70, TENDENCIA AVANZADA: BAJISTA_NORMAL fuerza 53.84, VALIDACIÓN MERCADO: tendencia sucia: pullback bajista permitido con puntaje alto, ZONA SR: PUT permitido: señal fuerte cerca de soporte, ACCION PRECIO: acción precio: rechazo vendedor en resistencia, RUPTURA: sin ruptura confirmada de soporte",,,,,,,,4,4,0.405,1788455467.0332315,1788455467.4379458,1,,,,,,"{""option-opened"": {""name"": ""option-opened"", ""microserviceName"": ""binary-options"", ""msg"": {""index"": 10343619669, ""option_id"": 14227824672, ""user_id"": 100593322, ""user_group_id"": 191, ""open_time"": 1788455465, ""open_time_millisecond"": 1788455465148, ""expiration_time"": 1788455520, ""amount"": 25, ""enrolled_amount"": 25, ""currency"": ""USD"", ""profit_amount"": 0, ""profit_percent"": 182, ""option_type"": ""turbo"", ""option_type_id"": 3, ""direction"": ""put"", ""value"": 189.198565, ""active"": ""Anthropic-OTC"", ""params"": null, ""platform_id"": 82, ""is_demo"": false, ""aff_id"": 0, ""balance_type_id"": 4, ""robot_id"": null, ""tournament_id"": null, ""bonus_rate"": 1, ""inout_diff"": 0, ""aff_track"": """", ""country_id"": 59, ""balance"": 0, ""client_platform_id"": 82, ""is_can_trade"": true, ""currency_mask"": ""$%s"", ""active_id"": 2451, ""balance_id"": 497753323, ""requested_at"": 1788455465147, ""created_at"": 1788455465151, ""updated_at"": 1788455465221}}}"
2026-09-03 13:19:07,CERRADA,14227844158,USDZAR-OTC,turbo,put,18,reacción vendedora en resistencia,54.27,20.5,"ESTRATEGIA: reacción vendedora en resistencia, PUT válido por price action profesional: rechazo vendedor confirmado: resistencia + cierre bajo + confirmación sin soporte inmediato | impulso bajista medio: caída válida pero con fuerza moderada, precio reaccionando en resistencia, presión: presión bajista reciente, RSI: 54.27, calidad C, memoria permite operación, advertencia mercado: PUT bloqueado contra tendencia alcista, enviada al cerebro único como evidencia, ubicación válida, MERCADO: TENDENCIA_ALCISTA - tendencia alcista confirmada por estructura, EMA e impulso, CALIDAD MERCADO: NORMAL score 56, TENDENCIA AVANZADA: ALCISTA_DEBIL fuerza 49.87, VALIDACIÓN MERCADO: PUT bloqueado contra tendencia alcista, ZONA SR: zona válida, ACCION PRECIO: acción precio: PUT con soporte cerca; decisión delegada a zonas, RUPTURA: sin ruptura confirmada de soporte",,,,,,,,4,4,0.396,1788455947.027609,1788455947.4238017,1,,,,,,"{""option-opened"": {""name"": ""option-opened"", ""microserviceName"": ""binary-options"", ""msg"": {""index"": 10343637920, ""option_id"": 14227844158, ""user_id"": 100593322, ""user_group_id"": 191, ""open_time"": 1788455945, ""open_time_millisecond"": 1788455945130, ""expiration_time"": 1788456000, ""amount"": 25, ""enrolled_amount"": 25, ""currency"": ""USD"", ""profit_amount"": 0, ""profit_percent"": 182, ""option_type"": ""turbo"", ""option_type_id"": 3, ""direction"": ""put"", ""value"": 15.939175, ""active"": ""USDZAR-OTC"", ""params"": null, ""platform_id"": 82, ""is_demo"": false, ""aff_id"": 0, ""balance_type_id"": 4, ""robot_id"": null, ""tournament_id"": null, ""bonus_rate"": 1, ""inout_diff"": 0, ""aff_track"": """", ""country_id"": 59, ""balance"": 0, ""client_platform_id"": 82, ""is_can_trade"": true, ""currency_mask"": ""$%s"", ""active_id"": 1380, ""balance_id"": 497753323, ""requested_at"": 1788455945129, ""created_at"": 1788455945129, ""updated_at"": 1788455945207}}, ""position-changed"": {""name"": ""position-changed"", ""microserviceName"": ""portfolio"", ""msg"": {""version"": 45520148834, ""id"": ""07d60e794b40b4078bb818546651ae07"", ""user_id"": 100593322, ""user_balance_id"": 497753323, ""platform_id"": 82, ""external_id"": 14227844158, ""active_id"": 1380, ""instrument_id"": ""1380"", ""source"": ""binary-options"", ""instrument_type"": ""turbo-option"", ""status"": ""open"", ""open_time"": 1788455945130, ""open_quote"": 15.939175, ""invest"": 25, ""invest_enrolled"": 25, ""sell_profit"": 12.285, ""sell_profit_enrolled"": 12.285, ""expected_profit"": 45.5, ""expected_profit_enrolled"": 45.5, ""pnl"": -12.715, ""pnl_net"": -12.715, ""current_price"": 15.938805, ""quote_timestamp"": 1788455945019, ""swap"": 0, ""raw_event"": {""index"": 13831855838, ""option_id"": 14227844158, ""user_id"": 100593322, ""balance_id"": 497753323, ""option_type_id"": 3, ""option_type"": ""turbo"", ""active_id"": 1380, ""platform_id"": 82, ""profit_percent"": 182, ""user_balance_type"": 4, ""currency"": ""USD"", ""direction"": ""put"", ""result"": ""opened"", ""amount"": 25, ""enrolled_amount"": 25, ""profit_amount"": null, ""win_enrolled_amount"": null, ""value"": 15.939175, ""expiration_value"": null, ""open_time"": 1788455945, ""open_time_millisecond"": 1788455945130, ""expiration_time"": 1788456000, ""initial_expiration_count"": 1, ""actual_expire"": null, ""user_group_id"": 191, ""requested_at"": 1788455945129, ""created_at"": 1788455945129, ""updated_at"": 1788455945207}}}}"
2026-09-03 13:39:10,CERRADA,14227893700,CASINOS-OTC,turbo,put,18,reacción vendedora en resistencia,63.06,-25.0,"ESTRATEGIA: reacción vendedora en resistencia, PUT válido: presión vendedora en resistencia, precio reaccionando en resistencia, presión: presión alcista reciente, RSI: 63.06, calidad A+, memoria permite operación, advertencia mercado: PUT bloqueado contra tendencia alcista, enviada al cerebro único como evidencia, advertencia vela contraria reciente: PUT bloqueado: martillo/rechazo comprador reciente, enviada al cerebro único como evidencia, ubicación válida, MERCADO: TENDENCIA_ALCISTA - tendencia alcista confirmada por estructura, EMA e impulso, CALIDAD MERCADO: NORMAL score 59, TENDENCIA AVANZADA: ALCISTA_NORMAL fuerza 51.72, VALIDACIÓN MERCADO: PUT bloqueado contra tendencia alcista, ZONA SR: PUT permitido: cerca de resistencia, ACCION PRECIO: acción precio: PUT sin conflicto fuerte de zona, RUPTURA: sin ruptura confirmada de soporte",,,,,,,,6,7,0.437,1788457149.677609,1788457150.1144445,1,,,,,,"{""option-opened"": {""name"": ""option-opened"", ""microserviceName"": ""binary-options"", ""msg"": {""index"": 10343684505, ""option_id"": 14227893700, ""user_id"": 100593322, ""user_group_id"": 191, ""open_time"": 1788457147, ""open_time_millisecond"": 1788457147822, ""expiration_time"": 1788457200, ""amount"": 25, ""enrolled_amount"": 25, ""currency"": ""USD"", ""profit_amount"": 0, ""profit_percent"": 182, ""option_type"": ""turbo"", ""option_type_id"": 3, ""direction"": ""put"", ""value"": 2397.8645, ""active"": ""CASINOS-OTC"", ""params"": null, ""platform_id"": 82, ""is_demo"": false, ""aff_id"": 0, ""balance_type_id"": 4, ""robot_id"": null, ""tournament_id"": null, ""bonus_rate"": 1, ""inout_diff"": 0, ""aff_track"": """", ""country_id"": 59, ""balance"": 0, ""client_platform_id"": 82, ""is_can_trade"": true, ""currency_mask"": ""$%s"", ""active_id"": 2321, ""balance_id"": 497753323, ""requested_at"": 1788457147821, ""created_at"": 1788457147822, ""updated_at"": 1788457147895}}, ""position-changed"": {""name"": ""position-changed"", ""microserviceName"": ""portfolio"", ""msg"": {""version"": 45520351099, ""id"": ""99dbe503cb01f241cdfe5e122017e841"", ""user_id"": 100593322, ""user_balance_id"": 497753323, ""platform_id"": 82, ""external_id"": 14227893700, ""active_id"": 2321, ""instrument_id"": ""2321"", ""source"": ""binary-options"", ""instrument_type"": ""turbo-option"", ""status"": ""open"", ""open_time"": 1788457147822, ""open_quote"": 2397.8645, ""invest"": 25, ""invest_enrolled"": 25, ""sell_profit"": 12.740000000000002, ""sell_profit_enrolled"": 12.740000000000002, ""expected_profit"": 25, ""expected_profit_enrolled"": 25, ""pnl"": -12.259999999999998, ""pnl_net"": -12.259999999999998, ""current_price"": 2397.8645, ""quote_timestamp"": 1788457147743, ""swap"": 0, ""raw_event"": {""index"": 13831950900, ""option_id"": 14227893700, ""user_id"": 100593322, ""balance_id"": 497753323, ""option_type_id"": 3, ""option_type"": ""turbo"", ""active_id"": 2321, ""platform_id"": 82, ""profit_percent"": 182, ""user_balance_type"": 4, ""currency"": ""USD"", ""direction"": ""put"", ""result"": ""opened"", ""amount"": 25, ""enrolled_amount"": 25, ""profit_amount"": null, ""win_enrolled_amount"": null, ""value"": 2397.8645, ""expiration_value"": null, ""open_time"": 1788457147, ""open_time_millisecond"": 1788457147822, ""expiration_time"": 1788457200, ""initial_expiration_count"": 1, ""actual_expire"": null, ""user_group_id"": 191, ""requested_at"": 1788457147821, ""created_at"": 1788457147822, ""updated_at"": 1788457147895}}}}"
2026-09-03 14:10:07,CERRADA,14227971559,AIRLINES-OTC,turbo,put,11,continuación bajista con tendencia,44.12,-25.0,"ESTRATEGIA: continuación bajista con tendencia, tendencia bajista, estructura bajista, EMA favorece venta, micro tendencia bajista, presión: presión bajista reciente, RSI: 44.12, calidad B, memoria permite operación, ubicación válida, MERCADO: TENDENCIA_BAJISTA - tendencia bajista confirmada por estructura, EMA e impulso, CALIDAD MERCADO: NORMAL score 62, TENDENCIA AVANZADA: BAJISTA_FUERTE fuerza 75.18, VALIDACIÓN MERCADO: PUT permitido a favor de tendencia bajista, ZONA SR: PUT permitido: cerca de resistencia, ACCION PRECIO: acción precio: PUT sin conflicto fuerte de zona, RUPTURA: sin ruptura confirmada de soporte",,,,,,,,6,7,0.488,1788459007.157228,1788459007.6457164,1,,,,,,"{""option-opened"": {""name"": ""option-opened"", ""microserviceName"": ""binary-options"", ""msg"": {""index"": 10343757541, ""option_id"": 14227971559, ""user_id"": 100593322, ""user_group_id"": 191, ""open_time"": 1788459007, ""open_time_millisecond"": 1788459007440, ""expiration_time"": 1788459060, ""amount"": 25, ""enrolled_amount"": 25, ""currency"": ""USD"", ""profit_amount"": 0, ""profit_percent"": 182, ""option_type"": ""turbo"", ""option_type_id"": 3, ""direction"": ""put"", ""value"": 3162.5885, ""active"": ""AIRLINES-OTC"", ""params"": null, ""platform_id"": 82, ""is_demo"": false, ""aff_id"": 0, ""balance_type_id"": 4, ""robot_id"": null, ""tournament_id"": null, ""bonus_rate"": 1, ""inout_diff"": 0, ""aff_track"": """", ""country_id"": 59, ""balance"": 0, ""client_platform_id"": 82, ""is_can_trade"": true, ""currency_mask"": ""$%s"", ""active_id"": 2320, ""balance_id"": 497753323, ""requested_at"": 1788459007439, ""created_at"": 1788459007440, ""updated_at"": 1788459007516}}}"
2026-09-03 14:13:04,CERRADA,14227978417,XLK,turbo,put,24,reacción vendedora en resistencia,69.17,-25.0,"ESTRATEGIA: reacción vendedora en resistencia, PUT válido: rechazo vendedor fuerte en resistencia, precio reaccionando en resistencia, presión: presión bajista reciente, RSI: 69.17, rechazo vendedor por recuperación fallida, pin bar bajista, patrón contexto: patrón bajista válido en resistencia con contexto, calidad A+, memoria permite operación, advertencia mercado: PUT bloqueado contra tendencia alcista, enviada al cerebro único como evidencia, ubicación válida, MERCADO: TENDENCIA_ALCISTA - tendencia alcista moderada por avance predominante, CALIDAD MERCADO: NORMAL score 70, TENDENCIA AVANZADA: ALCISTA_FUERTE fuerza 77.09, VALIDACIÓN MERCADO: PUT bloqueado contra tendencia alcista, ZONA SR: zona válida, ACCION PRECIO: acción precio: rechazo vendedor en resistencia, RUPTURA: sin ruptura confirmada de soporte",,,,,,,,3,3,0.448,1788459183.9274886,1788459184.3754082,1,,,,,,"{""option-opened"": {""name"": ""option-opened"", ""microserviceName"": ""binary-options"", ""msg"": {""index"": 10343763926, ""option_id"": 14227978417, ""user_id"": 100593322, ""user_group_id"": 191, ""open_time"": 1788459184, ""open_time_millisecond"": 1788459184185, ""expiration_time"": 1788459240, ""amount"": 25, ""enrolled_amount"": 25, ""currency"": ""USD"", ""profit_amount"": 0, ""profit_percent"": 186, ""option_type"": ""turbo"", ""option_type_id"": 3, ""direction"": ""put"", ""value"": 186.145, ""active"": ""XLK"", ""params"": null, ""platform_id"": 82, ""is_demo"": false, ""aff_id"": 0, ""balance_type_id"": 4, ""robot_id"": null, ""tournament_id"": null, ""bonus_rate"": 1, ""inout_diff"": 0, ""aff_track"": """", ""country_id"": 59, ""balance"": 0, ""client_platform_id"": 82, ""is_can_trade"": true, ""currency_mask"": ""$%s"", ""active_id"": 1210, ""balance_id"": 497753323, ""requested_at"": 1788459184184, ""created_at"": 1788459184185, ""updated_at"": 1788459184260}}}"
2026-09-03 14:16:05,CERRADA,14227984843,COFFEE-OTC,turbo,call,19,CHOCH alcista,59.29,20.5,"ESTRATEGIA: CHOCH alcista, CHOCH alcista confirmado: ruptura con cuerpo, EMA favorece compra, CHOCH con contexto confirmado, rechazo histórico: sin rechazo histórico dominante, presión: presión alcista reciente, patrón contexto: patrón alcista sin contexto suficiente, RSI: 59.29, price action profesional favorece CALL: impulso alcista fuerte: avance limpio, cierres altos y fuerza sostenida, micro contexto: impulso alcista, calidad A, memoria permite operación, ubicación válida, MERCADO: TENDENCIA_ALCISTA - tendencia alcista confirmada por estructura, EMA e impulso, CALIDAD MERCADO: NORMAL score 73, TENDENCIA AVANZADA: ALCISTA_FUERTE fuerza 76.5, VALIDACIÓN MERCADO: CHOCH permitido a favor de tendencia con confirmación, ZONA SR: zona válida, ACCION PRECIO: acción precio: CALL con resistencia cerca; decisión delegada a zonas, RUPTURA: sin ruptura confirmada de resistencia",,,,,,,,4,5,0.518,1788459365.0364726,1788459365.553987,1,,,,,,"{""option-opened"": {""name"": ""option-opened"", ""microserviceName"": ""binary-options"", ""msg"": {""index"": 10343769907, ""option_id"": 14227984843, ""user_id"": 100593322, ""user_group_id"": 191, ""open_time"": 1788459365, ""open_time_millisecond"": 1788459365412, ""expiration_time"": 1788459420, ""amount"": 25, ""enrolled_amount"": 25, ""currency"": ""USD"", ""profit_amount"": 0, ""profit_percent"": 182, ""option_type"": ""turbo"", ""option_type_id"": 3, ""direction"": ""call"", ""value"": 292.357495, ""active"": ""COFFEE-OTC"", ""params"": null, ""platform_id"": 82, ""is_demo"": false, ""aff_id"": 0, ""balance_type_id"": 4, ""robot_id"": null, ""tournament_id"": null, ""bonus_rate"": 1, ""inout_diff"": 0, ""aff_track"": """", ""country_id"": 59, ""balance"": 0, ""client_platform_id"": 82, ""is_can_trade"": true, ""currency_mask"": ""$%s"", ""active_id"": 2415, ""balance_id"": 497753323, ""requested_at"": 1788459365411, ""created_at"": 1788459365412, ""updated_at"": 1788459365490}}}"
2026-09-03 14:21:05,CERRADA,14227997096,GDX,turbo,put,20,pullback bajista a EMA,44.93,21.75,"ESTRATEGIA: pullback bajista a EMA, pullback bajista válido, EMA favorece venta, presión: presión neutral, RSI: 44.93, rechazo vendedor fuerte, pin bar bajista, patrón contexto: patrón bajista válido en resistencia con contexto, calidad A+, memoria permite operación, ubicación válida, MERCADO: TENDENCIA_BAJISTA - tendencia bajista confirmada por estructura, EMA e impulso, CALIDAD MERCADO: NORMAL score 72, TENDENCIA AVANZADA: BAJISTA_FUERTE fuerza 76.12, VALIDACIÓN MERCADO: tendencia sucia: pullback bajista permitido con puntaje alto, ZONA SR: PUT permitido: señal fuerte cerca de soporte, ACCION PRECIO: acción precio: rechazo vendedor en resistencia, RUPTURA: sin ruptura confirmada de soporte",,,,,,,,4,5,0.576,1788459664.6330135,1788459665.209194,1,,,,,,"{""option-opened"": {""name"": ""option-opened"", ""microserviceName"": ""binary-options"", ""msg"": {""index"": 10343781209, ""option_id"": 14227997096, ""user_id"": 100593322, ""user_group_id"": 191, ""open_time"": 1788459664, ""open_time_millisecond"": 1788459664908, ""expiration_time"": 1788459720, ""amount"": 25, ""enrolled_amount"": 25, ""currency"": ""USD"", ""profit_amount"": 0, ""profit_percent"": 187, ""option_type"": ""turbo"", ""option_type_id"": 3, ""direction"": ""put"", ""value"": 100.835, ""active"": ""GDX"", ""params"": null, ""platform_id"": 82, ""is_demo"": false, ""aff_id"": 0, ""balance_type_id"": 4, ""robot_id"": null, ""tournament_id"": null, ""bonus_rate"": 1, ""inout_diff"": 0, ""aff_track"": """", ""country_id"": 59, ""balance"": 0, ""client_platform_id"": 82, ""is_can_trade"": true, ""currency_mask"": ""$%s"", ""active_id"": 1206, ""balance_id"": 497753323, ""requested_at"": 1788459664907, ""created_at"": 1788459664907, ""updated_at"": 1788459665116}}}"
2026-09-03 14:27:07,CERRADA,14228011298,TRUMPUSD-OTC,turbo,put,20,reacción vendedora en resistencia,63.23,20.5,"ESTRATEGIA: reacción vendedora en resistencia, PUT válido: rechazo vendedor fuerte en resistencia, precio reaccionando en resistencia, presión: presión alcista reciente, RSI: 63.23, rechazo vendedor fuerte, calidad A+, memoria permite operación, advertencia mercado: PUT bloqueado contra tendencia alcista, enviada al cerebro único como evidencia, ubicación válida, MERCADO: TENDENCIA_ALCISTA - tendencia alcista confirmada por estructura, EMA e impulso, CALIDAD MERCADO: NORMAL score 66, TENDENCIA AVANZADA: ALCISTA_NORMAL fuerza 68.71, VALIDACIÓN MERCADO: PUT bloqueado contra tendencia alcista, ZONA SR: PUT permitido: cerca de resistencia, ACCION PRECIO: acción precio: PUT sin conflicto fuerte de zona, RUPTURA: sin ruptura confirmada de soporte",,,,,,,,6,6,0.407,1788460026.8658743,1788460027.273231,1,,,,,,"{""option-opened"": {""name"": ""option-opened"", ""microserviceName"": ""binary-options"", ""msg"": {""index"": 10343794231, ""option_id"": 14228011298, ""user_id"": 100593322, ""user_group_id"": 191, ""open_time"": 1788460027, ""open_time_millisecond"": 1788460027141, ""expiration_time"": 1788460080, ""amount"": 25, ""enrolled_amount"": 25, ""currency"": ""USD"", ""profit_amount"": 0, ""profit_percent"": 182, ""option_type"": ""turbo"", ""option_type_id"": 3, ""direction"": ""put"", ""value"": 2.239085, ""active"": ""TRUMPUSD-OTC"", ""params"": null, ""platform_id"": 82, ""is_demo"": false, ""aff_id"": 0, ""balance_type_id"": 4, ""robot_id"": null, ""tournament_id"": null, ""bonus_rate"": 1, ""inout_diff"": 0, ""aff_track"": """", ""country_id"": 59, ""balance"": 0, ""client_platform_id"": 82, ""is_can_trade"": true, ""currency_mask"": ""$%s"", ""active_id"": 2265, ""balance_id"": 497753323, ""requested_at"": 1788460027140, ""created_at"": 1788460027142, ""updated_at"": 1788460027212}}, ""position-changed"": {""name"": ""position-changed"", ""microserviceName"": ""portfolio"", ""msg"": {""version"": 45520826410, ""id"": ""7d05f9210f9160d35f6ccc80b2857ad3"", ""user_id"": 100593322, ""user_balance_id"": 497753323, ""platform_id"": 82, ""external_id"": 14228011298, ""active_id"": 2265, ""instrument_id"": ""2265"", ""source"": ""binary-options"", ""instrument_type"": ""turbo-option"", ""status"": ""open"", ""open_time"": 1788460027141, ""open_quote"": 2.239085, ""invest"": 25, ""invest_enrolled"": 25, ""sell_profit"": 2.275, ""sell_profit_enrolled"": 2.275, ""expected_profit"": 0, ""expected_profit_enrolled"": 0, ""pnl"": -22.725, ""pnl_net"": -22.725, ""current_price"": 2.241775, ""quote_timestamp"": 1788460027190, ""swap"": 0, ""raw_event"": {""index"": 13832179261, ""option_id"": 14228011298, ""user_id"": 100593322, ""balance_id"": 497753323, ""option_type_id"": 3, ""option_type"": ""turbo"", ""active_id"": 2265, ""platform_id"": 82, ""profit_percent"": 182, ""user_balance_type"": 4, ""currency"": ""USD"", ""direction"": ""put"", ""result"": ""opened"", ""amount"": 25, ""enrolled_amount"": 25, ""profit_amount"": null, ""win_enrolled_amount"": null, ""value"": 2.239085, ""expiration_value"": null, ""open_time"": 1788460027, ""open_time_millisecond"": 1788460027141, ""expiration_time"": 1788460080, ""initial_expiration_count"": 1, ""actual_expire"": null, ""user_group_id"": 191, ""requested_at"": 1788460027140, ""created_at"": 1788460027142, ""updated_at"": 1788460027212}}}}"
2026-09-03 16:15:03,CERRADA,14228249289,SP35-OTC,turbo,put,20,pullback bajista a EMA,51.18,20.5,"ESTRATEGIA: pullback bajista a EMA, pullback bajista válido, EMA favorece venta, presión: presión bajista reciente, RSI: 51.18, rechazo vendedor fuerte, pin bar bajista, patrón contexto: patrón bajista válido en resistencia con contexto, calidad A+, memoria permite operación, advertencia acción precio: acción precio: lectura avanzada contradice PUT, enviada al cerebro único como evidencia, advertencia vela contraria reciente: PUT bloqueado: martillo/rechazo comprador reciente, enviada al cerebro único como evidencia, ubicación válida, MERCADO: TENDENCIA_BAJISTA - tendencia bajista moderada por avance predominante, CALIDAD MERCADO: NORMAL score 56, TENDENCIA AVANZADA: BAJISTA_NORMAL fuerza 60.16, VALIDACIÓN MERCADO: pullback bajista permitido con filtro reforzado, ZONA SR: PUT permitido: cerca de resistencia, ACCION PRECIO: acción precio: lectura avanzada contradice PUT, RUPTURA: sin ruptura confirmada de soporte",D6_6_CORE4_OOS,NO_OPERAR_SOMBRA,True,R4_PULLBACK_BAJISTA_PREMIUM,True,True,pullback bajista permitido con filtro reforzado,2,3,0.489,1788466503.0684123,1788466503.5573218,1,,,,,,"{""option-opened"": {""name"": ""option-opened"", ""microserviceName"": ""binary-options"", ""msg"": {""index"": 10344015078, ""option_id"": 14228249289, ""user_id"": 100593322, ""user_group_id"": 191, ""open_time"": 1788466503, ""open_time_millisecond"": 1788466503449, ""expiration_time"": 1788466560, ""amount"": 25, ""enrolled_amount"": 25, ""currency"": ""USD"", ""profit_amount"": 0, ""profit_percent"": 182, ""option_type"": ""turbo"", ""option_type_id"": 3, ""direction"": ""put"", ""value"": 20076.583955, ""active"": ""SP35-OTC"", ""params"": null, ""platform_id"": 82, ""is_demo"": false, ""aff_id"": 0, ""balance_type_id"": 4, ""robot_id"": null, ""tournament_id"": null, ""bonus_rate"": 1, ""inout_diff"": 0, ""aff_track"": """", ""country_id"": 59, ""balance"": 0, ""client_platform_id"": 82, ""is_can_trade"": true, ""currency_mask"": ""$%s"", ""active_id"": 2044, ""balance_id"": 497753323, ""requested_at"": 1788466503448, ""created_at"": 1788466503449, ""updated_at"": 1788466503547}}, ""position-changed"": {""name"": ""position-changed"", ""microserviceName"": ""portfolio"", ""msg"": {""version"": 45521759514, ""id"": ""ce680172b7ca24971b2888c4f6c13e97"", ""user_id"": 100593322, ""user_balance_id"": 497753323, ""platform_id"": 82, ""external_id"": 14228249289, ""active_id"": 2044, ""instrument_id"": ""2044"", ""source"": ""binary-options"", ""instrument_type"": ""turbo-option"", ""status"": ""open"", ""open_time"": 1788466503449, ""open_quote"": 20076.583955, ""invest"": 25, ""invest_enrolled"": 25, ""sell_profit"": 7.735, ""sell_profit_enrolled"": 7.735, ""expected_profit"": 25, ""expected_profit_enrolled"": 25, ""pnl"": -17.265, ""pnl_net"": -17.265, ""current_price"": 20076.583955, ""quote_timestamp"": 1788466503262, ""swap"": 0, ""raw_event"": {""index"": 13832641271, ""option_id"": 14228249289, ""user_id"": 100593322, ""balance_id"": 497753323, ""option_type_id"": 3, ""option_type"": ""turbo"", ""active_id"": 2044, ""platform_id"": 82, ""profit_percent"": 182, ""user_balance_type"": 4, ""currency"": ""USD"", ""direction"": ""put"", ""result"": ""opened"", ""amount"": 25, ""enrolled_amount"": 25, ""profit_amount"": null, ""win_enrolled_amount"": null, ""value"": 20076.583955, ""expiration_value"": null, ""open_time"": 1788466503, ""open_time_millisecond"": 1788466503449, ""expiration_time"": 1788466560, ""initial_expiration_count"": 1, ""actual_expire"": null, ""user_group_id"": 191, ""requested_at"": 1788466503448, ""created_at"": 1788466503449, ""updated_at"": 1788466503547}}}}"
2026-09-03 16:36:08,CERRADA,14228293564,LUNA-OTC,turbo,call,19,CHOCH alcista,59.55,-25.0,"ESTRATEGIA: CHOCH alcista, CHOCH alcista confirmado: ruptura con cuerpo, EMA favorece compra, CHOCH con contexto confirmado, rechazo histórico: sin rechazo histórico dominante, presión: presión neutral, patrón contexto: patrón alcista sin contexto suficiente, RSI: 59.55, price action profesional favorece CALL: impulso alcista fuerte: avance limpio, cierres altos y fuerza sostenida, micro contexto: impulso alcista, calidad A, memoria permite operación, advertencia mercado: tendencia sucia: CHOCH débil bloqueado, enviada al cerebro único como evidencia, ubicación válida, MERCADO: TENDENCIA_ALCISTA - tendencia alcista moderada por avance predominante, CALIDAD MERCADO: NORMAL score 59, TENDENCIA AVANZADA: ALCISTA_NORMAL fuerza 56.73, VALIDACIÓN MERCADO: tendencia sucia: CHOCH débil bloqueado, ZONA SR: CALL permitido: señal fuerte cerca de resistencia, ACCION PRECIO: acción precio: CALL con resistencia cerca; decisión delegada a zonas, RUPTURA: sin ruptura confirmada de resistencia",PROBABILIDAD_HISTORICA_V3,OPERAR_CON_PROTOCOLO_SOMBRA,False,,True,False,tendencia sucia: CHOCH débil bloqueado,7,7,0.418,1788467768.196411,1788467768.614642,1,,,,,,"{""option-opened"": {""name"": ""option-opened"", ""microserviceName"": ""binary-options"", ""msg"": {""index"": 10344056953, ""option_id"": 14228293564, ""user_id"": 100593322, ""user_group_id"": 191, ""open_time"": 1788467768, ""open_time_millisecond"": 1788467768530, ""expiration_time"": 1788467820, ""amount"": 25, ""enrolled_amount"": 25, ""currency"": ""USD"", ""profit_amount"": 0, ""profit_percent"": 182, ""option_type"": ""turbo"", ""option_type_id"": 3, ""direction"": ""call"", ""value"": 0.061165, ""active"": ""LUNA-OTC"", ""params"": null, ""platform_id"": 82, ""is_demo"": false, ""aff_id"": 0, ""balance_type_id"": 4, ""robot_id"": null, ""tournament_id"": null, ""bonus_rate"": 1, ""inout_diff"": 0, ""aff_track"": """", ""country_id"": 59, ""balance"": 0, ""client_platform_id"": 82, ""is_can_trade"": true, ""currency_mask"": ""$%s"", ""active_id"": 2430, ""balance_id"": 497753323, ""requested_at"": 1788467768529, ""created_at"": 1788467768530, ""updated_at"": 1788467768599}}}"
2026-09-03 16:39:05,CERRADA,14228300112,CADCHF-OTC,turbo,put,19,pullback bajista a EMA,48.13,20.5,"ESTRATEGIA: pullback bajista a EMA, pullback bajista válido, EMA favorece venta, presión: presión alcista reciente, RSI: 48.13, rechazo vendedor fuerte, evening star bajista, calidad A+, memoria permite operación, advertencia mercado: pullback bajista requiere tendencia bajista válida, enviada al cerebro único como evidencia, ubicación válida, MERCADO: TENDENCIA_BAJISTA - tendencia bajista moderada por avance predominante, CALIDAD MERCADO: NORMAL score 70, TENDENCIA AVANZADA: BAJISTA_DEBIL fuerza 48.28, VALIDACIÓN MERCADO: pullback bajista requiere tendencia bajista válida, ZONA SR: zona válida, ACCION PRECIO: acción precio: PUT con soporte cerca; decisión delegada a zonas, RUPTURA: sin ruptura confirmada de soporte",D6_6_CORE4_OOS,NO_OPERAR_SOMBRA,True,R4_PULLBACK_BAJISTA_PREMIUM,True,False,pullback bajista requiere tendencia bajista válida,3,4,0.447,1788467944.7317195,1788467945.1782846,1,,,,,,"{""option-opened"": {""name"": ""option-opened"", ""microserviceName"": ""binary-options"", ""msg"": {""index"": 10344063162, ""option_id"": 14228300112, ""user_id"": 100593322, ""user_group_id"": 191, ""open_time"": 1788467945, ""open_time_millisecond"": 1788467945067, ""expiration_time"": 1788468000, ""amount"": 25, ""enrolled_amount"": 25, ""currency"": ""USD"", ""profit_amount"": 0, ""profit_percent"": 182, ""option_type"": ""turbo"", ""option_type_id"": 3, ""direction"": ""put"", ""value"": 0.579925, ""active"": ""CADCHF-OTC"", ""params"": null, ""platform_id"": 82, ""is_demo"": false, ""aff_id"": 0, ""balance_type_id"": 4, ""robot_id"": null, ""tournament_id"": null, ""bonus_rate"": 1, ""inout_diff"": 0, ""aff_track"": """", ""country_id"": 59, ""balance"": 0, ""client_platform_id"": 82, ""is_can_trade"": true, ""currency_mask"": ""$%s"", ""active_id"": 2119, ""balance_id"": 497753323, ""requested_at"": 1788467945066, ""created_at"": 1788467945067, ""updated_at"": 1788467945139}}}"
2026-09-03 17:33:04,CERRADA,14228414940,XPDUSD-OTC,turbo,call,19,CHOCH alcista,49.13,20.5,"ESTRATEGIA: CHOCH alcista, CHOCH alcista confirmado: ruptura con cuerpo, EMA favorece compra, CHOCH con contexto confirmado, rechazo histórico: sin rechazo histórico dominante, presión: presión alcista reciente, patrón contexto: patrón alcista sin contexto suficiente, RSI: 49.13, price action profesional favorece CALL: impulso alcista fuerte: avance limpio, cierres altos y fuerza sostenida, micro contexto: impulso alcista, calidad A, memoria permite operación, ubicación válida, MERCADO: TENDENCIA_ALCISTA - tendencia alcista moderada por avance predominante, CALIDAD MERCADO: LIMPIO score 84, TENDENCIA AVANZADA: ALCISTA_FUERTE fuerza 79.19, VALIDACIÓN MERCADO: CHOCH permitido a favor de tendencia con confirmación, ZONA SR: zona válida, ACCION PRECIO: acción precio: CALL con resistencia cerca; decisión delegada a zonas, RUPTURA: sin ruptura confirmada de resistencia",PROBABILIDAD_HISTORICA_V3,OPERAR_CON_PROTOCOLO_SOMBRA,False,,True,True,CHOCH permitido a favor de tendencia con confirmación,4,4,0.592,1788471184.2757962,1788471184.8681233,1,,,,,,"{""option-opened"": {""name"": ""option-opened"", ""microserviceName"": ""binary-options"", ""msg"": {""index"": 10344170949, ""option_id"": 14228414940, ""user_id"": 100593322, ""user_group_id"": 191, ""open_time"": 1788471184, ""open_time_millisecond"": 1788471184679, ""expiration_time"": 1788471240, ""amount"": 25, ""enrolled_amount"": 25, ""currency"": ""USD"", ""profit_amount"": 0, ""profit_percent"": 182, ""option_type"": ""turbo"", ""option_type_id"": 3, ""direction"": ""call"", ""value"": 1461.9635, ""active"": ""XPDUSD-OTC"", ""params"": null, ""platform_id"": 82, ""is_demo"": false, ""aff_id"": 0, ""balance_type_id"": 4, ""robot_id"": null, ""tournament_id"": null, ""bonus_rate"": 1, ""inout_diff"": 0, ""aff_track"": """", ""country_id"": 59, ""balance"": 0, ""client_platform_id"": 82, ""is_can_trade"": true, ""currency_mask"": ""$%s"", ""active_id"": 2328, ""balance_id"": 497753323, ""requested_at"": 1788471184678, ""created_at"": 1788471184678, ""updated_at"": 1788471184753}}}"
2026-09-03 19:10:06,CERRADA,14228607659,US2000:N,turbo,call,20,CHOCH alcista,60.75,21.25,"ESTRATEGIA: CHOCH alcista, CHOCH alcista confirmado: ruptura con cuerpo, EMA favorece compra, CHOCH con contexto confirmado, rechazo histórico: sin rechazo histórico dominante, presión: presión alcista reciente, patrón contexto: patrón alcista sin contexto suficiente, RSI: 60.75, CHOCH apoyado en soporte, price action profesional favorece CALL: impulso alcista fuerte: avance limpio, cierres altos y fuerza sostenida, calidad A, memoria permite operación, advertencia mercado: tendencia sucia: CHOCH débil bloqueado, enviada al cerebro único como evidencia, ubicación válida, MERCADO: TENDENCIA_ALCISTA - tendencia alcista moderada por avance predominante, CALIDAD MERCADO: NORMAL score 55, TENDENCIA AVANZADA: ALCISTA_NORMAL fuerza 69.9, VALIDACIÓN MERCADO: tendencia sucia: CHOCH débil bloqueado, ZONA SR: CALL permitido: cerca de soporte, ACCION PRECIO: acción precio: CALL con resistencia cerca; decisión delegada a zonas, RUPTURA: sin ruptura confirmada de resistencia",PROBABILIDAD_HISTORICA_V3,OPERAR_CON_PROTOCOLO_SOMBRA,False,,True,False,tendencia sucia: CHOCH débil bloqueado,5,5,0.611,1788477005.8496077,1788477006.460991,1,,,,,,"{""option-opened"": {""name"": ""option-opened"", ""microserviceName"": ""binary-options"", ""msg"": {""index"": 10344353386, ""option_id"": 14228607659, ""user_id"": 100593322, ""user_group_id"": 191, ""open_time"": 1788477005, ""open_time_millisecond"": 1788477005801, ""expiration_time"": 1788477060, ""amount"": 25, ""enrolled_amount"": 25, ""currency"": ""USD"", ""profit_amount"": 0, ""profit_percent"": 185, ""option_type"": ""turbo"", ""option_type_id"": 3, ""direction"": ""call"", ""value"": 2965.51, ""active"": ""US2000:N"", ""params"": null, ""platform_id"": 82, ""is_demo"": false, ""aff_id"": 0, ""balance_type_id"": 4, ""robot_id"": null, ""tournament_id"": null, ""bonus_rate"": 1, ""inout_diff"": 0, ""aff_track"": """", ""country_id"": 59, ""balance"": 0, ""client_platform_id"": 82, ""is_can_trade"": true, ""currency_mask"": ""$%s"", ""active_id"": 1473, ""balance_id"": 497753323, ""requested_at"": 1788477005800, ""created_at"": 1788477005800, ""updated_at"": 1788477005874}}}"
2026-09-03 19:11:07,CERRADA,14228609652,DYDXUSD-OTC,turbo,call,23,reacción compradora en soporte,49.67,-25.0,"ESTRATEGIA: reacción compradora en soporte, CALL válido por price action profesional: rechazo comprador confirmado: soporte + cierre alto + confirmación sin resistencia inmediata | impulso alcista fuerte: avance limpio, cierres altos y fuerza sostenida, precio reaccionando en soporte, presión: presión alcista reciente, RSI: 49.67, morning star alcista, patrón contexto: morning star válido en soporte, calidad C, memoria permite operación, advertencia acción precio: acción precio: lectura avanzada contradice CALL, enviada al cerebro único como evidencia, ubicación válida, MERCADO: TENDENCIA_ALCISTA - tendencia alcista moderada por avance predominante, CALIDAD MERCADO: NORMAL score 55, TENDENCIA AVANZADA: ALCISTA_DEBIL fuerza 48.44, VALIDACIÓN MERCADO: CALL permitido a favor de tendencia alcista, ZONA SR: zona válida, ACCION PRECIO: acción precio: lectura avanzada contradice CALL, RUPTURA: sin ruptura confirmada de resistencia",D7_5_REACCION_ZONA_ALCISTA,OPERAR_CON_PROTOCOLO_SOMBRA,False,,True,True,CALL permitido a favor de tendencia alcista,6,6,0.467,1788477066.6620245,1788477067.1285894,1,,,,,,"{""option-opened"": {""name"": ""option-opened"", ""microserviceName"": ""binary-options"", ""msg"": {""index"": 10344355300, ""option_id"": 14228609652, ""user_id"": 100593322, ""user_group_id"": 191, ""open_time"": 1788477066, ""open_time_millisecond"": 1788477066508, ""expiration_time"": 1788477120, ""amount"": 25, ""enrolled_amount"": 25, ""currency"": ""USD"", ""profit_amount"": 0, ""profit_percent"": 187, ""option_type"": ""turbo"", ""option_type_id"": 3, ""direction"": ""call"", ""value"": 0.121945, ""active"": ""DYDXUSD-OTC"", ""params"": null, ""platform_id"": 82, ""is_demo"": false, ""aff_id"": 0, ""balance_type_id"": 4, ""robot_id"": null, ""tournament_id"": null, ""bonus_rate"": 1, ""inout_diff"": 0, ""aff_track"": """", ""country_id"": 59, ""balance"": 0, ""client_platform_id"": 82, ""is_can_trade"": true, ""currency_mask"": ""$%s"", ""active_id"": 2277, ""balance_id"": 497753323, ""requested_at"": 1788477066507, ""created_at"": 1788477066507, ""updated_at"": 1788477066575}}}"
2026-09-03 19:27:06,CERRADA,14228642880,Anthropic-OTC,turbo,put,21,pullback bajista a EMA,42.0,-25.0,"ESTRATEGIA: pullback bajista a EMA, pullback bajista válido, EMA favorece venta, presión: presión bajista reciente, RSI: 42.0, rechazo vendedor por recuperación fallida, evening star bajista, patrón contexto: evening star válido en resistencia, calidad A+, memoria permite operación, advertencia mercado: pullback bajista requiere tendencia bajista válida, enviada al cerebro único como evidencia, advertencia ubicación/fatiga: put rechazado en soporte, enviada al cerebro único como evidencia, put rechazado en soporte, MERCADO: TENDENCIA_BAJISTA - tendencia bajista confirmada por estructura, EMA e impulso, CALIDAD MERCADO: NORMAL score 63, TENDENCIA AVANZADA: BAJISTA_AGOTADA fuerza 65.22, VALIDACIÓN MERCADO: pullback bajista requiere tendencia bajista válida, ZONA SR: PUT permitido: señal fuerte cerca de soporte, ACCION PRECIO: acción precio: rechazo vendedor en resistencia, RUPTURA: sin ruptura confirmada de soporte",D6_6_CORE4_OOS,NO_OPERAR_SOMBRA,True,R4_PULLBACK_BAJISTA_PREMIUM,True,False,pullback bajista requiere tendencia bajista válida,5,5,0.587,1788478025.7120333,1788478026.29872,1,,,,,,"{""option-opened"": {""name"": ""option-opened"", ""microserviceName"": ""binary-options"", ""msg"": {""index"": 10344386400, ""option_id"": 14228642880, ""user_id"": 100593322, ""user_group_id"": 191, ""open_time"": 1788478025, ""open_time_millisecond"": 1788478025593, ""expiration_time"": 1788478080, ""amount"": 25, ""enrolled_amount"": 25, ""currency"": ""USD"", ""profit_amount"": 0, ""profit_percent"": 182, ""option_type"": ""turbo"", ""option_type_id"": 3, ""direction"": ""put"", ""value"": 200.047375, ""active"": ""Anthropic-OTC"", ""params"": null, ""platform_id"": 82, ""is_demo"": false, ""aff_id"": 0, ""balance_type_id"": 4, ""robot_id"": null, ""tournament_id"": null, ""bonus_rate"": 1, ""inout_diff"": 0, ""aff_track"": """", ""country_id"": 59, ""balance"": 0, ""client_platform_id"": 82, ""is_can_trade"": true, ""currency_mask"": ""$%s"", ""active_id"": 2451, ""balance_id"": 497753323, ""requested_at"": 1788478025592, ""created_at"": 1788478025593, ""updated_at"": 1788478025670}}}"
2026-09-03 19:39:07,CERRADA,14228667636,COCOA-OTC,turbo,call,22,reacción compradora en soporte,34.52,20.5,"ESTRATEGIA: reacción compradora en soporte, CALL válido por price action profesional: rechazo comprador confirmado: soporte + cierre alto + confirmación sin resistencia inmediata | rechazo comprador observado, sin estructura completa, precio reaccionando en soporte, presión: presión neutral, RSI: 34.52, rechazo comprador fuerte, liquidity sweep alcista: barrida de mínimos | vela verde confirma rechazo | mecha inferior dominante | cierre en zona alta de la vela | rango de vela válido | cuerpo de vela suficiente | cierre actual confirma presión alcista | estructura inmediata rechaza mínimos | score_sweep=90, calidad A+, memoria permite operación, advertencia mercado: CALL bloqueado contra tendencia bajista, enviada al cerebro único como evidencia, ubicación válida, MERCADO: TENDENCIA_BAJISTA - tendencia bajista confirmada por estructura, EMA e impulso, CALIDAD MERCADO: NORMAL score 61, TENDENCIA AVANZADA: BAJISTA_NORMAL fuerza 60.23, VALIDACIÓN MERCADO: CALL bloqueado contra tendencia bajista, ZONA SR: CALL permitido: cerca de soporte, ACCION PRECIO: acción precio: CALL con resistencia cerca; decisión delegada a zonas, RUPTURA: sin ruptura confirmada de resistencia",D6_6_CORE4_OOS,NO_OPERAR_SOMBRA,True,R2_RECHAZO_COMPRADOR_CONFIRMADO,True,False,CALL bloqueado contra tendencia bajista,5,5,0.533,1788478746.6408374,1788478747.1734965,1,,,,,,"{""option-opened"": {""name"": ""option-opened"", ""microserviceName"": ""binary-options"", ""msg"": {""index"": 10344409657, ""option_id"": 14228667636, ""user_id"": 100593322, ""user_group_id"": 191, ""open_time"": 1788478746, ""open_time_millisecond"": 1788478746490, ""expiration_time"": 1788478800, ""amount"": 25, ""enrolled_amount"": 25, ""currency"": ""USD"", ""profit_amount"": 0, ""profit_percent"": 182, ""option_type"": ""turbo"", ""option_type_id"": 3, ""direction"": ""call"", ""value"": 5501.994495, ""active"": ""COCOA-OTC"", ""params"": null, ""platform_id"": 82, ""is_demo"": false, ""aff_id"": 0, ""balance_type_id"": 4, ""robot_id"": null, ""tournament_id"": null, ""bonus_rate"": 1, ""inout_diff"": 0, ""aff_track"": """", ""country_id"": 59, ""balance"": 0, ""client_platform_id"": 82, ""is_can_trade"": true, ""currency_mask"": ""$%s"", ""active_id"": 2414, ""balance_id"": 497753323, ""requested_at"": 1788478746489, ""created_at"": 1788478746489, ""updated_at"": 1788478746571}}}"
2026-09-03 20:27:07,CERRADA,14228778108,USDIDR-OTC,turbo,put,20,pullback bajista a EMA,47.54,20.5,"ESTRATEGIA: pullback bajista a EMA, pullback bajista válido, EMA favorece venta, presión: presión bajista reciente, RSI: 47.54, rechazo vendedor fuerte, shooting star bajista, patrón contexto: patrón bajista válido en resistencia con contexto, calidad A+, memoria permite operación, advertencia vela contraria reciente: PUT bloqueado: martillo/rechazo comprador reciente, enviada al cerebro único como evidencia, ubicación válida, MERCADO: TENDENCIA_BAJISTA - tendencia bajista moderada por avance predominante, CALIDAD MERCADO: NORMAL score 58, TENDENCIA AVANZADA: BAJISTA_NORMAL fuerza 61.12, VALIDACIÓN MERCADO: pullback bajista permitido con filtro reforzado, ZONA SR: PUT permitido: señal fuerte cerca de soporte, ACCION PRECIO: acción precio: rechazo vendedor en resistencia, RUPTURA: sin ruptura confirmada de soporte",D6_6_CORE4_OOS,NO_OPERAR_SOMBRA,True,R4_PULLBACK_BAJISTA_PREMIUM,True,True,pullback bajista permitido con filtro reforzado,5,6,0.525,1788481626.882476,1788481627.407425,1,,,,,,"{""option-opened"": {""name"": ""option-opened"", ""microserviceName"": ""binary-options"", ""msg"": {""index"": 10344514730, ""option_id"": 14228778108, ""user_id"": 100593322, ""user_group_id"": 191, ""open_time"": 1788481626, ""open_time_millisecond"": 1788481626759, ""expiration_time"": 1788481680, ""amount"": 25, ""enrolled_amount"": 25, ""currency"": ""USD"", ""profit_amount"": 0, ""profit_percent"": 182, ""option_type"": ""turbo"", ""option_type_id"": 3, ""direction"": ""put"", ""value"": 18376.877725, ""active"": ""USDIDR-OTC"", ""params"": null, ""platform_id"": 82, ""is_demo"": false, ""aff_id"": 0, ""balance_type_id"": 4, ""robot_id"": null, ""tournament_id"": null, ""bonus_rate"": 1, ""inout_diff"": 0, ""aff_track"": """", ""country_id"": 59, ""balance"": 0, ""client_platform_id"": 82, ""is_can_trade"": true, ""currency_mask"": ""$%s"", ""active_id"": 2409, ""balance_id"": 497753323, ""requested_at"": 1788481626758, ""created_at"": 1788481626758, ""updated_at"": 1788481626831}}}"
2026-09-03 20:55:06,CERRADA,14228839045,USDTRY-OTC,turbo,put,18,pullback bajista a EMA,43.32,-25.0,"ESTRATEGIA: pullback bajista a EMA, pullback bajista válido, EMA favorece venta, presión: presión alcista reciente, RSI: 43.32, rechazo vendedor por recuperación fallida, pin bar bajista, calidad A+, memoria permite operación, ubicación válida, MERCADO: TENDENCIA_BAJISTA - tendencia bajista moderada por avance predominante, CALIDAD MERCADO: NORMAL score 69, TENDENCIA AVANZADA: BAJISTA_FUERTE fuerza 72.53, VALIDACIÓN MERCADO: pullback bajista permitido con filtro reforzado, ZONA SR: PUT permitido: señal fuerte cerca de soporte, ACCION PRECIO: acción precio: PUT con soporte cerca; decisión delegada a zonas, RUPTURA: sin ruptura confirmada de soporte",D6_6_CORE4_OOS,NO_OPERAR_SOMBRA,True,R4_PULLBACK_BAJISTA_PREMIUM,True,True,pullback bajista permitido con filtro reforzado,4,5,0.513,1788483305.6466696,1788483306.1592865,1,,,,,,"{""option-opened"": {""name"": ""option-opened"", ""microserviceName"": ""binary-options"", ""msg"": {""index"": 10344572869, ""option_id"": 14228839045, ""user_id"": 100593322, ""user_group_id"": 191, ""open_time"": 1788483305, ""open_time_millisecond"": 1788483305570, ""expiration_time"": 1788483360, ""amount"": 25, ""enrolled_amount"": 25, ""currency"": ""USD"", ""profit_amount"": 0, ""profit_percent"": 182, ""option_type"": ""turbo"", ""option_type_id"": 3, ""direction"": ""put"", ""value"": 48.414565, ""active"": ""USDTRY-OTC"", ""params"": null, ""platform_id"": 82, ""is_demo"": false, ""aff_id"": 0, ""balance_type_id"": 4, ""robot_id"": null, ""tournament_id"": null, ""bonus_rate"": 1, ""inout_diff"": 0, ""aff_track"": """", ""country_id"": 59, ""balance"": 0, ""client_platform_id"": 82, ""is_can_trade"": true, ""currency_mask"": ""$%s"", ""active_id"": 2124, ""balance_id"": 497753323, ""requested_at"": 1788483305569, ""created_at"": 1788483305570, ""updated_at"": 1788483305641}}, ""position-changed"": {""name"": ""position-changed"", ""microserviceName"": ""portfolio"", ""msg"": {""version"": 45524384098, ""id"": ""b39b7737bec32695192a8ac6f4c33c95"", ""user_id"": 100593322, ""user_balance_id"": 497753323, ""platform_id"": 82, ""external_id"": 14228839045, ""active_id"": 2124, ""instrument_id"": ""2124"", ""source"": ""binary-options"", ""instrument_type"": ""turbo-option"", ""status"": ""open"", ""open_time"": 1788483305570, ""open_quote"": 48.414565, ""invest"": 25, ""invest_enrolled"": 25, ""sell_profit"": 9.1, ""sell_profit_enrolled"": 9.1, ""expected_profit"": 25, ""expected_profit_enrolled"": 25, ""pnl"": -15.9, ""pnl_net"": -15.9, ""current_price"": 48.414565, ""quote_timestamp"": 1788483305005, ""swap"": 0, ""raw_event"": {""index"": 13833789967, ""option_id"": 14228839045, ""user_id"": 100593322, ""balance_id"": 497753323, ""option_type_id"": 3, ""option_type"": ""turbo"", ""active_id"": 2124, ""platform_id"": 82, ""profit_percent"": 182, ""user_balance_type"": 4, ""currency"": ""USD"", ""direction"": ""put"", ""result"": ""opened"", ""amount"": 25, ""enrolled_amount"": 25, ""profit_amount"": null, ""win_enrolled_amount"": null, ""value"": 48.414565, ""expiration_value"": null, ""open_time"": 1788483305, ""open_time_millisecond"": 1788483305570, ""expiration_time"": 1788483360, ""initial_expiration_count"": 1, ""actual_expire"": null, ""user_group_id"": 191, ""requested_at"": 1788483305569, ""created_at"": 1788483305570, ""updated_at"": 1788483305641}}}}"
2026-09-03 21:37:06,CERRADA,14228938546,AIRLINES-OTC,turbo,put,23,reacción vendedora en resistencia,48.62,-25.0,"ESTRATEGIA: reacción vendedora en resistencia, PUT válido por price action profesional: rechazo vendedor confirmado: resistencia + cierre bajo + confirmación sin soporte inmediato | impulso bajista medio: caída válida pero con fuerza moderada | rechazo vendedor histórico real: zona + cierres bajos + estructura bajista, precio reaccionando en resistencia, presión: presión bajista reciente, RSI: 48.62, evening star bajista, patrón contexto: evening star válido en resistencia, calidad C, memoria permite operación, advertencia mercado: PUT bloqueado contra tendencia alcista, enviada al cerebro único como evidencia, ubicación válida, MERCADO: TENDENCIA_ALCISTA - tendencia alcista moderada por avance predominante, CALIDAD MERCADO: NORMAL score 57, TENDENCIA AVANZADA: ALCISTA_DEBIL fuerza 38.79, VALIDACIÓN MERCADO: PUT bloqueado contra tendencia alcista, ZONA SR: zona válida, ACCION PRECIO: acción precio: PUT sin conflicto fuerte de zona, RUPTURA: sin ruptura confirmada de soporte",D6_6_CORE4_OOS,NO_OPERAR_SOMBRA,True,R1_INDEFINIDO_PREMIUM,True,False,PUT bloqueado contra tendencia alcista,4,4,0.607,1788485825.670538,1788485826.2780254,1,,,,,,"{""option-opened"": {""name"": ""option-opened"", ""microserviceName"": ""binary-options"", ""msg"": {""index"": 10344667925, ""option_id"": 14228938546, ""user_id"": 100593322, ""user_group_id"": 191, ""open_time"": 1788485825, ""open_time_millisecond"": 1788485825618, ""expiration_time"": 1788485880, ""amount"": 25, ""enrolled_amount"": 25, ""currency"": ""USD"", ""profit_amount"": 0, ""profit_percent"": 182, ""option_type"": ""turbo"", ""option_type_id"": 3, ""direction"": ""put"", ""value"": 3352.2835, ""active"": ""AIRLINES-OTC"", ""params"": null, ""platform_id"": 82, ""is_demo"": false, ""aff_id"": 0, ""balance_type_id"": 4, ""robot_id"": null, ""tournament_id"": null, ""bonus_rate"": 1, ""inout_diff"": 0, ""aff_track"": """", ""country_id"": 59, ""balance"": 0, ""client_platform_id"": 82, ""is_can_trade"": true, ""currency_mask"": ""$%s"", ""active_id"": 2320, ""balance_id"": 497753323, ""requested_at"": 1788485825617, ""created_at"": 1788485825617, ""updated_at"": 1788485825697}}}"
2026-09-03 22:01:06,CERRADA,14228998271,CHFJPY-OTC,turbo,put,20,pullback bajista a EMA,40.54,20.5,"ESTRATEGIA: pullback bajista a EMA, pullback bajista válido, EMA favorece venta, presión: presión bajista reciente, RSI: 40.54, rechazo vendedor por recuperación fallida, pin bar bajista, patrón contexto: patrón bajista válido en resistencia con contexto, calidad A+, memoria permite operación, ubicación válida, MERCADO: TENDENCIA_BAJISTA - tendencia bajista moderada por avance predominante, CALIDAD MERCADO: NORMAL score 63, TENDENCIA AVANZADA: BAJISTA_DEBIL fuerza 47.1, VALIDACIÓN MERCADO: tendencia sucia: pullback bajista permitido con puntaje alto, ZONA SR: zona válida, ACCION PRECIO: acción precio: PUT con soporte cerca; decisión delegada a zonas, RUPTURA: sin ruptura confirmada de soporte",D6_6_CORE4_OOS,NO_OPERAR_SOMBRA,True,R4_PULLBACK_BAJISTA_PREMIUM,True,True,tendencia sucia: pullback bajista permitido con puntaje alto,4,4,0.516,1788487265.780228,1788487266.2958584,1,,,,,,"{""option-opened"": {""name"": ""option-opened"", ""microserviceName"": ""binary-options"", ""msg"": {""index"": 10344725299, ""option_id"": 14228998271, ""user_id"": 100593322, ""user_group_id"": 191, ""open_time"": 1788487265, ""open_time_millisecond"": 1788487265173, ""expiration_time"": 1788487320, ""amount"": 25, ""enrolled_amount"": 25, ""currency"": ""USD"", ""profit_amount"": 0, ""profit_percent"": 182, ""option_type"": ""turbo"", ""option_type_id"": 3, ""direction"": ""put"", ""value"": 194.7525, ""active"": ""CHFJPY-OTC"", ""params"": null, ""platform_id"": 82, ""is_demo"": false, ""aff_id"": 0, ""balance_type_id"": 4, ""robot_id"": null, ""tournament_id"": null, ""bonus_rate"": 1, ""inout_diff"": 0, ""aff_track"": """", ""country_id"": 59, ""balance"": 0, ""client_platform_id"": 82, ""is_can_trade"": true, ""currency_mask"": ""$%s"", ""active_id"": 2118, ""balance_id"": 497753323, ""requested_at"": 1788487265172, ""created_at"": 1788487265172, ""updated_at"": 1788487265350}}}"
2026-09-03 22:46:07,CERRADA,14229107599,US2000:N,turbo,put,20,pullback bajista a EMA,45.69,-25.0,"ESTRATEGIA: pullback bajista a EMA, pullback bajista válido, EMA favorece venta, presión: presión neutral, RSI: 45.69, rechazo vendedor por recuperación fallida, pin bar bajista, patrón contexto: patrón bajista válido en resistencia con contexto, calidad A+, memoria permite operación, ubicación válida, MERCADO: TENDENCIA_BAJISTA - tendencia bajista moderada por avance predominante, CALIDAD MERCADO: NORMAL score 55, TENDENCIA AVANZADA: BAJISTA_DEBIL fuerza 44.93, VALIDACIÓN MERCADO: tendencia sucia: pullback bajista permitido con puntaje alto, ZONA SR: PUT permitido: cerca de resistencia, ACCION PRECIO: acción precio: PUT con soporte cerca; decisión delegada a zonas, RUPTURA: sin ruptura confirmada de soporte",D6_6_CORE4_OOS,NO_OPERAR_SOMBRA,True,R4_PULLBACK_BAJISTA_PREMIUM,True,True,tendencia sucia: pullback bajista permitido con puntaje alto,5,5,0.431,1788489966.695616,1788489967.126717,1,,,,,,"{""option-opened"": {""name"": ""option-opened"", ""microserviceName"": ""binary-options"", ""msg"": {""index"": 10344828841, ""option_id"": 14229107599, ""user_id"": 100593322, ""user_group_id"": 191, ""open_time"": 1788489966, ""open_time_millisecond"": 1788489966120, ""expiration_time"": 1788490020, ""amount"": 25, ""enrolled_amount"": 25, ""currency"": ""USD"", ""profit_amount"": 0, ""profit_percent"": 185, ""option_type"": ""turbo"", ""option_type_id"": 3, ""direction"": ""put"", ""value"": 2967.02, ""active"": ""US2000:N"", ""params"": null, ""platform_id"": 82, ""is_demo"": false, ""aff_id"": 0, ""balance_type_id"": 4, ""robot_id"": null, ""tournament_id"": null, ""bonus_rate"": 1, ""inout_diff"": 0, ""aff_track"": """", ""country_id"": 59, ""balance"": 0, ""client_platform_id"": 82, ""is_can_trade"": true, ""currency_mask"": ""$%s"", ""active_id"": 1473, ""balance_id"": 497753323, ""requested_at"": 1788489966119, ""created_at"": 1788489966123, ""updated_at"": 1788489966193}}}"
2026-09-03 22:56:07,CERRADA,14229130423,USDTHB-OTC,turbo,call,21,CHOCH alcista,57.02,-25.0,"ESTRATEGIA: CHOCH alcista, CHOCH alcista confirmado: ruptura con cuerpo, EMA favorece compra, CHOCH con contexto confirmado, rechazo histórico: sin rechazo histórico dominante, presión: presión alcista reciente, patrón contexto: patrón alcista sin contexto suficiente, RSI: 57.02, CHOCH apoyado en soporte, price action profesional favorece CALL: impulso alcista fuerte: avance limpio, cierres altos y fuerza sostenida, micro contexto: impulso alcista, calidad A+, memoria permite operación, advertencia mercado: tendencia sucia: CHOCH débil bloqueado, enviada al cerebro único como evidencia, ubicación válida, MERCADO: TENDENCIA_ALCISTA - tendencia alcista moderada por avance predominante, CALIDAD MERCADO: NORMAL score 56, TENDENCIA AVANZADA: ALCISTA_NORMAL fuerza 57.02, VALIDACIÓN MERCADO: tendencia sucia: CHOCH débil bloqueado, ZONA SR: CALL permitido: cerca de soporte, ACCION PRECIO: acción precio: CALL con resistencia cerca; decisión delegada a zonas, RUPTURA: sin ruptura confirmada de resistencia",PROBABILIDAD_HISTORICA_V3,OPERAR_CON_PROTOCOLO_SOMBRA,False,,True,False,tendencia sucia: CHOCH débil bloqueado,5,6,0.565,1788490566.9813778,1788490567.546532,1,,,,,,"{""option-opened"": {""name"": ""option-opened"", ""microserviceName"": ""binary-options"", ""msg"": {""index"": 10344850325, ""option_id"": 14229130423, ""user_id"": 100593322, ""user_group_id"": 191, ""open_time"": 1788490566, ""open_time_millisecond"": 1788490566424, ""expiration_time"": 1788490620, ""amount"": 25, ""enrolled_amount"": 25, ""currency"": ""USD"", ""profit_amount"": 0, ""profit_percent"": 182, ""option_type"": ""turbo"", ""option_type_id"": 3, ""direction"": ""call"", ""value"": 32.773815, ""active"": ""USDTHB-OTC"", ""params"": null, ""platform_id"": 82, ""is_demo"": false, ""aff_id"": 0, ""balance_type_id"": 4, ""robot_id"": null, ""tournament_id"": null, ""bonus_rate"": 1, ""inout_diff"": 0, ""aff_track"": """", ""country_id"": 59, ""balance"": 0, ""client_platform_id"": 82, ""is_can_trade"": true, ""currency_mask"": ""$%s"", ""active_id"": 2182, ""balance_id"": 497753323, ""requested_at"": 1788490566423, ""created_at"": 1788490566424, ""updated_at"": 1788490566497}}}"
2026-09-03 22:58:08,CERRADA,14229135004,LABUBUUSD-OTC,turbo,call,17,pullback alcista a EMA,49.65,-25.0,"ESTRATEGIA: pullback alcista a EMA, pullback alcista válido, EMA favorece compra, presión: presión neutral, RSI: 49.65, morning star alcista, calidad A, memoria permite operación, advertencia zona SR: CALL bloqueado: resistencia cerca sin ruptura confirmada, enviada al cerebro único como evidencia, ubicación válida, MERCADO: TENDENCIA_ALCISTA - tendencia alcista moderada por avance predominante, CALIDAD MERCADO: NORMAL score 71, TENDENCIA AVANZADA: ALCISTA_FUERTE fuerza 77.15, VALIDACIÓN MERCADO: pullback alcista permitido con filtro reforzado, ZONA SR: CALL bloqueado: resistencia cerca sin ruptura confirmada, ACCION PRECIO: acción precio: CALL con resistencia cerca; decisión delegada a zonas, RUPTURA: sin ruptura confirmada de resistencia",D6_6_CORE4_OOS,NO_OPERAR_SOMBRA,True,R2_RECHAZO_COMPRADOR_CONFIRMADO,True,True,pullback alcista permitido con filtro reforzado,6,7,0.589,1788490687.712204,1788490688.3012552,1,,,,,,"{""option-opened"": {""name"": ""option-opened"", ""microserviceName"": ""binary-options"", ""msg"": {""index"": 10344854604, ""option_id"": 14229135004, ""user_id"": 100593322, ""user_group_id"": 191, ""open_time"": 1788490687, ""open_time_millisecond"": 1788490687128, ""expiration_time"": 1788490740, ""amount"": 25, ""enrolled_amount"": 25, ""currency"": ""USD"", ""profit_amount"": 0, ""profit_percent"": 182, ""option_type"": ""turbo"", ""option_type_id"": 3, ""direction"": ""call"", ""value"": 0.514625, ""active"": ""LABUBUUSD-OTC"", ""params"": null, ""platform_id"": 82, ""is_demo"": false, ""aff_id"": 0, ""balance_type_id"": 4, ""robot_id"": null, ""tournament_id"": null, ""bonus_rate"": 1, ""inout_diff"": 0, ""aff_track"": """", ""country_id"": 59, ""balance"": 0, ""client_platform_id"": 82, ""is_can_trade"": true, ""currency_mask"": ""$%s"", ""active_id"": 2304, ""balance_id"": 497753323, ""requested_at"": 1788490687127, ""created_at"": 1788490687128, ""updated_at"": 1788490687259}}}"
2026-09-03 23:01:06,CERRADA,14229142846,ETHUSD-OTC,turbo,put,20,pullback bajista a EMA,40.93,-25.0,"ESTRATEGIA: pullback bajista a EMA, pullback bajista válido, EMA favorece venta, presión: presión bajista reciente, RSI: 40.93, rechazo vendedor por recuperación fallida, pin bar bajista, patrón contexto: patrón bajista válido en resistencia con contexto, calidad A+, memoria permite operación, ubicación válida, MERCADO: TENDENCIA_BAJISTA - tendencia bajista moderada por avance predominante, CALIDAD MERCADO: NORMAL score 57, TENDENCIA AVANZADA: BAJISTA_NORMAL fuerza 51.6, VALIDACIÓN MERCADO: tendencia sucia: pullback bajista permitido con puntaje alto, ZONA SR: PUT permitido: señal fuerte cerca de soporte, ACCION PRECIO: acción precio: rechazo vendedor en resistencia, RUPTURA: sin ruptura confirmada de soporte",D6_6_CORE4_OOS,NO_OPERAR_SOMBRA,True,R4_PULLBACK_BAJISTA_PREMIUM,True,True,tendencia sucia: pullback bajista permitido con puntaje alto,4,5,0.586,1788490866.2407458,1788490866.8269556,1,,,,,,"{""option-opened"": {""name"": ""option-opened"", ""microserviceName"": ""binary-options"", ""msg"": {""index"": 10344862044, ""option_id"": 14229142846, ""user_id"": 100593322, ""user_group_id"": 191, ""open_time"": 1788490865, ""open_time_millisecond"": 1788490865705, ""expiration_time"": 1788490920, ""amount"": 25, ""enrolled_amount"": 25, ""currency"": ""USD"", ""profit_amount"": 0, ""profit_percent"": 182, ""option_type"": ""turbo"", ""option_type_id"": 3, ""direction"": ""put"", ""value"": 2384.3145, ""active"": ""ETHUSD-OTC"", ""params"": null, ""platform_id"": 82, ""is_demo"": false, ""aff_id"": 0, ""balance_type_id"": 4, ""robot_id"": null, ""tournament_id"": null, ""bonus_rate"": 1, ""inout_diff"": 0, ""aff_track"": """", ""country_id"": 59, ""balance"": 0, ""client_platform_id"": 82, ""is_can_trade"": true, ""currency_mask"": ""$%s"", ""active_id"": 1941, ""balance_id"": 497753323, ""requested_at"": 1788490865704, ""created_at"": 1788490865707, ""updated_at"": 1788490865784}}}"
2026-09-03 23:07:07,CERRADA,14229157376,USDDOP-OTC,turbo,call,22,CHOCH alcista,60.22,20.5,"ESTRATEGIA: CHOCH alcista, CHOCH alcista confirmado: ruptura con cuerpo, EMA favorece compra, CHOCH con contexto confirmado, rechazo histórico: sin rechazo histórico dominante, presión: presión alcista reciente, patrón contexto: morning star válido en soporte, RSI: 60.22, morning star alcista, price action profesional favorece CALL: impulso alcista fuerte: avance limpio, cierres altos y fuerza sostenida, micro contexto: impulso alcista, calidad A+, memoria permite operación, advertencia vela contraria reciente: CALL bloqueado: shooting/rechazo vendedor reciente, enviada al cerebro único como evidencia, ubicación válida, MERCADO: TENDENCIA_ALCISTA - tendencia alcista moderada por avance predominante, CALIDAD MERCADO: NORMAL score 57, TENDENCIA AVANZADA: ALCISTA_DEBIL fuerza 45.25, VALIDACIÓN MERCADO: CHOCH permitido a favor de tendencia con confirmación, ZONA SR: CALL permitido: señal fuerte cerca de resistencia, ACCION PRECIO: acción precio: CALL con resistencia cerca; decisión delegada a zonas, RUPTURA: sin ruptura confirmada de resistencia",PROBABILIDAD_HISTORICA_V3,OPERAR_CON_PROTOCOLO_SOMBRA,False,,True,True,CHOCH permitido a favor de tendencia con confirmación,6,6,0.564,1788491227.1787405,1788491227.7426393,1,,,,,,"{""option-opened"": {""name"": ""option-opened"", ""microserviceName"": ""binary-options"", ""msg"": {""index"": 10344875815, ""option_id"": 14229157376, ""user_id"": 100593322, ""user_group_id"": 191, ""open_time"": 1788491226, ""open_time_millisecond"": 1788491226630, ""expiration_time"": 1788491280, ""amount"": 25, ""enrolled_amount"": 25, ""currency"": ""USD"", ""profit_amount"": 0, ""profit_percent"": 182, ""option_type"": ""turbo"", ""option_type_id"": 3, ""direction"": ""call"", ""value"": 58.88375, ""active"": ""USDDOP-OTC"", ""params"": null, ""platform_id"": 82, ""is_demo"": false, ""aff_id"": 0, ""balance_type_id"": 4, ""robot_id"": null, ""tournament_id"": null, ""bonus_rate"": 1, ""inout_diff"": 0, ""aff_track"": """", ""country_id"": 59, ""balance"": 0, ""client_platform_id"": 82, ""is_can_trade"": true, ""currency_mask"": ""$%s"", ""active_id"": 2188, ""balance_id"": 497753323, ""requested_at"": 1788491226629, ""created_at"": 1788491226629, ""updated_at"": 1788491226700}}}"
2026-09-03 23:08:06,CERRADA,14229159872,LABUBUUSD-OTC,turbo,put,21,pullback bajista a EMA,41.25,-25.0,"ESTRATEGIA: pullback bajista a EMA, pullback bajista válido, EMA favorece venta, presión: presión vendedora por mechas superiores, RSI: 41.25, rechazo vendedor fuerte, envolvente bajista, patrón contexto: patrón bajista válido en resistencia con contexto, calidad A+, memoria permite operación, ubicación válida, MERCADO: TENDENCIA_BAJISTA - tendencia bajista moderada por avance predominante, CALIDAD MERCADO: NORMAL score 65, TENDENCIA AVANZADA: BAJISTA_NORMAL fuerza 51.5, VALIDACIÓN MERCADO: tendencia sucia: pullback bajista permitido con puntaje alto, ZONA SR: PUT permitido: señal fuerte cerca de soporte, ACCION PRECIO: acción precio: PUT con soporte cerca; decisión delegada a zonas, RUPTURA: sin ruptura confirmada de soporte",D6_6_CORE4_OOS,NO_OPERAR_SOMBRA,True,R4_PULLBACK_BAJISTA_PREMIUM,True,True,tendencia sucia: pullback bajista permitido con puntaje alto,4,4,0.558,1788491286.2213078,1788491286.7792892,1,,,,,,"{""option-opened"": {""name"": ""option-opened"", ""microserviceName"": ""binary-options"", ""msg"": {""index"": 10344878167, ""option_id"": 14229159872, ""user_id"": 100593322, ""user_group_id"": 191, ""open_time"": 1788491285, ""open_time_millisecond"": 1788491285654, ""expiration_time"": 1788491340, ""amount"": 25, ""enrolled_amount"": 25, ""currency"": ""USD"", ""profit_amount"": 0, ""profit_percent"": 182, ""option_type"": ""turbo"", ""option_type_id"": 3, ""direction"": ""put"", ""value"": 0.513295, ""active"": ""LABUBUUSD-OTC"", ""params"": null, ""platform_id"": 82, ""is_demo"": false, ""aff_id"": 0, ""balance_type_id"": 4, ""robot_id"": null, ""tournament_id"": null, ""bonus_rate"": 1, ""inout_diff"": 0, ""aff_track"": """", ""country_id"": 59, ""balance"": 0, ""client_platform_id"": 82, ""is_can_trade"": true, ""currency_mask"": ""$%s"", ""active_id"": 2304, ""balance_id"": 497753323, ""requested_at"": 1788491285653, ""created_at"": 1788491285654, ""updated_at"": 1788491285727}}}"
2026-09-03 23:33:08,CERRADA,14229218283,ARBUSD-OTC,turbo,put,21,pullback bajista a EMA,41.73,-25.0,"ESTRATEGIA: pullback bajista a EMA, pullback bajista válido, EMA favorece venta, presión: presión neutral, RSI: 41.73, rechazo vendedor fuerte, envolvente bajista, patrón contexto: patrón bajista válido en resistencia con contexto, calidad A+, memoria permite operación, ubicación válida, MERCADO: TENDENCIA_BAJISTA - tendencia bajista confirmada por estructura, EMA e impulso, CALIDAD MERCADO: NORMAL score 66, TENDENCIA AVANZADA: BAJISTA_NORMAL fuerza 68.02, VALIDACIÓN MERCADO: pullback bajista permitido con filtro reforzado, ZONA SR: PUT permitido: señal fuerte cerca de soporte, ACCION PRECIO: acción precio: PUT con soporte cerca; decisión delegada a zonas, RUPTURA: sin ruptura confirmada de soporte",D6_6_CORE4_OOS,NO_OPERAR_SOMBRA,True,R4_PULLBACK_BAJISTA_PREMIUM,True,True,pullback bajista permitido con filtro reforzado,6,6,0.738,1788492787.488798,1788492788.2266705,1,,,,,,"{""option-opened"": {""name"": ""option-opened"", ""microserviceName"": ""binary-options"", ""msg"": {""index"": 10344933385, ""option_id"": 14229218283, ""user_id"": 100593322, ""user_group_id"": 191, ""open_time"": 1788492787, ""open_time_millisecond"": 1788492787073, ""expiration_time"": 1788492840, ""amount"": 25, ""enrolled_amount"": 25, ""currency"": ""USD"", ""profit_amount"": 0, ""profit_percent"": 182, ""option_type"": ""turbo"", ""option_type_id"": 3, ""direction"": ""put"", ""value"": 0.114935, ""active"": ""ARBUSD-OTC"", ""params"": null, ""platform_id"": 82, ""is_demo"": false, ""aff_id"": 0, ""balance_type_id"": 4, ""robot_id"": null, ""tournament_id"": null, ""bonus_rate"": 1, ""inout_diff"": 0, ""aff_track"": """", ""country_id"": 59, ""balance"": 0, ""client_platform_id"": 82, ""is_can_trade"": true, ""currency_mask"": ""$%s"", ""active_id"": 2156, ""balance_id"": 497753323, ""requested_at"": 1788492787072, ""created_at"": 1788492787072, ""updated_at"": 1788492787150}}}"
2026-09-03 23:51:06,CERRADA,14229254466,USDTHB-OTC,turbo,put,20,pullback bajista a EMA,43.29,20.5,"ESTRATEGIA: pullback bajista a EMA, pullback bajista válido, EMA favorece venta, presión: presión bajista reciente, RSI: 43.29, rechazo vendedor por recuperación fallida, pin bar bajista, patrón contexto: patrón bajista válido en resistencia con contexto, calidad A+, memoria permite operación, ubicación válida, MERCADO: TENDENCIA_BAJISTA - tendencia bajista moderada por avance predominante, CALIDAD MERCADO: NORMAL score 62, TENDENCIA AVANZADA: BAJISTA_NORMAL fuerza 54.47, VALIDACIÓN MERCADO: tendencia sucia: pullback bajista permitido con puntaje alto, ZONA SR: zona válida, ACCION PRECIO: acción precio: rechazo vendedor en resistencia, RUPTURA: sin ruptura confirmada de soporte",D6_6_CORE4_OOS,NO_OPERAR_SOMBRA,True,R4_PULLBACK_BAJISTA_PREMIUM,True,True,tendencia sucia: pullback bajista permitido con puntaje alto,5,5,0.551,1788493866.3973498,1788493866.948061,1,,,,,,"{""option-opened"": {""name"": ""option-opened"", ""microserviceName"": ""binary-options"", ""msg"": {""index"": 10344967837, ""option_id"": 14229254466, ""user_id"": 100593322, ""user_group_id"": 191, ""open_time"": 1788493865, ""open_time_millisecond"": 1788493865868, ""expiration_time"": 1788493920, ""amount"": 25, ""enrolled_amount"": 25, ""currency"": ""USD"", ""profit_amount"": 0, ""profit_percent"": 182, ""option_type"": ""turbo"", ""option_type_id"": 3, ""direction"": ""put"", ""value"": 32.664375, ""active"": ""USDTHB-OTC"", ""params"": null, ""platform_id"": 82, ""is_demo"": false, ""aff_id"": 0, ""balance_type_id"": 4, ""robot_id"": null, ""tournament_id"": null, ""bonus_rate"": 1, ""inout_diff"": 0, ""aff_track"": """", ""country_id"": 59, ""balance"": 0, ""client_platform_id"": 82, ""is_can_trade"": true, ""currency_mask"": ""$%s"", ""active_id"": 2182, ""balance_id"": 497753323, ""requested_at"": 1788493865867, ""created_at"": 1788493865867, ""updated_at"": 1788493865938}}}"
2026-09-03 23:52:07,CERRADA,14229256765,OpenAI-OTC,turbo,call,21,CHOCH alcista,51.57,20.5,"ESTRATEGIA: CHOCH alcista, CHOCH alcista confirmado: ruptura con cuerpo, EMA favorece compra, CHOCH con contexto confirmado, rechazo histórico: sin rechazo histórico dominante, presión: presión alcista reciente, patrón contexto: patrón alcista sin contexto suficiente, RSI: 51.57, CHOCH apoyado en soporte, price action profesional favorece CALL: impulso alcista fuerte: avance limpio, cierres altos y fuerza sostenida, micro contexto: impulso alcista, calidad A+, memoria permite operación, advertencia mercado: tendencia sucia: CHOCH débil bloqueado, enviada al cerebro único como evidencia, ubicación válida, MERCADO: TENDENCIA_ALCISTA - tendencia alcista moderada por avance predominante, CALIDAD MERCADO: NORMAL score 56, TENDENCIA AVANZADA: ALCISTA_NORMAL fuerza 57.59, VALIDACIÓN MERCADO: tendencia sucia: CHOCH débil bloqueado, ZONA SR: CALL permitido: cerca de soporte, ACCION PRECIO: acción precio: CALL con resistencia cerca; decisión delegada a zonas, RUPTURA: sin ruptura confirmada de resistencia",PROBABILIDAD_HISTORICA_V3,OPERAR_CON_PROTOCOLO_SOMBRA,False,,True,False,tendencia sucia: CHOCH débil bloqueado,6,6,0.564,1788493926.893627,1788493927.4574337,1,,,,,,"{""option-opened"": {""name"": ""option-opened"", ""microserviceName"": ""binary-options"", ""msg"": {""index"": 10344970047, ""option_id"": 14229256765, ""user_id"": 100593322, ""user_group_id"": 191, ""open_time"": 1788493926, ""open_time_millisecond"": 1788493926387, ""expiration_time"": 1788493980, ""amount"": 25, ""enrolled_amount"": 25, ""currency"": ""USD"", ""profit_amount"": 0, ""profit_percent"": 182, ""option_type"": ""turbo"", ""option_type_id"": 3, ""direction"": ""call"", ""value"": 136.608935, ""active"": ""OpenAI-OTC"", ""params"": null, ""platform_id"": 82, ""is_demo"": false, ""aff_id"": 0, ""balance_type_id"": 4, ""robot_id"": null, ""tournament_id"": null, ""bonus_rate"": 1, ""inout_diff"": 0, ""aff_track"": """", ""country_id"": 59, ""balance"": 0, ""client_platform_id"": 82, ""is_can_trade"": true, ""currency_mask"": ""$%s"", ""active_id"": 2452, ""balance_id"": 497753323, ""requested_at"": 1788493926386, ""created_at"": 1788493926386, ""updated_at"": 1788493926455}}}"
2026-09-04 00:04:09,CERRADA,14229283510,US30:N,turbo,put,20,pullback bajista a EMA,40.0,21.5,"ESTRATEGIA: pullback bajista a EMA, pullback bajista válido, EMA favorece venta, presión: presión neutral, RSI: 40.0, rechazo vendedor por recuperación fallida, pin bar bajista, patrón contexto: patrón bajista válido en resistencia con contexto, calidad A+, memoria permite operación, ubicación válida, MERCADO: TENDENCIA_BAJISTA - tendencia bajista moderada por avance predominante, CALIDAD MERCADO: NORMAL score 71, TENDENCIA AVANZADA: BAJISTA_FUERTE fuerza 70.33, VALIDACIÓN MERCADO: tendencia sucia: pullback bajista permitido con puntaje alto, ZONA SR: PUT permitido: cerca de resistencia, ACCION PRECIO: acción precio: PUT con soporte cerca; decisión delegada a zonas, RUPTURA: sin ruptura confirmada de soporte",D6_6_CORE4_OOS,NO_OPERAR_SOMBRA,True,R4_PULLBACK_BAJISTA_PREMIUM,True,True,tendencia sucia: pullback bajista permitido con puntaje alto,7,8,0.541,1788494649.3565657,1788494649.897971,1,,,,,,"{""option-opened"": {""name"": ""option-opened"", ""microserviceName"": ""binary-options"", ""msg"": {""index"": 10344995578, ""option_id"": 14229283510, ""user_id"": 100593322, ""user_group_id"": 191, ""open_time"": 1788494648, ""open_time_millisecond"": 1788494648843, ""expiration_time"": 1788494700, ""amount"": 25, ""enrolled_amount"": 25, ""currency"": ""USD"", ""profit_amount"": 0, ""profit_percent"": 186, ""option_type"": ""turbo"", ""option_type_id"": 3, ""direction"": ""put"", ""value"": 53674.58, ""active"": ""US30:N"", ""params"": null, ""platform_id"": 82, ""is_demo"": false, ""aff_id"": 0, ""balance_type_id"": 4, ""robot_id"": null, ""tournament_id"": null, ""bonus_rate"": 1, ""inout_diff"": 0, ""aff_track"": """", ""country_id"": 59, ""balance"": 0, ""client_platform_id"": 82, ""is_can_trade"": true, ""currency_mask"": ""$%s"", ""active_id"": 1472, ""balance_id"": 497753323, ""requested_at"": 1788494648842, ""created_at"": 1788494648843, ""updated_at"": 1788494648913}}}"
2026-09-04 00:07:09,CERRADA,14229289990,SP35-OTC,turbo,call,20,reacción compradora en soporte,51.42,20.5,"ESTRATEGIA: reacción compradora en soporte, CALL válido: presión compradora en soporte, precio reaccionando en soporte, presión: presión alcista reciente, RSI: 51.42, rechazo comprador por recuperación, calidad A+, memoria permite operación, ubicación válida, MERCADO: TENDENCIA_ALCISTA - tendencia alcista moderada por avance predominante, CALIDAD MERCADO: NORMAL score 59, TENDENCIA AVANZADA: ALCISTA_NORMAL fuerza 53.02, VALIDACIÓN MERCADO: CALL permitido a favor de tendencia alcista, ZONA SR: zona válida, ACCION PRECIO: acción precio: rechazo comprador en soporte, RUPTURA: sin ruptura confirmada de resistencia",D7_5_REACCION_ZONA_ALCISTA,NO_OPERAR_SOMBRA,False,,True,True,CALL permitido a favor de tendencia alcista,7,8,0.617,1788494828.9113092,1788494829.528406,1,,,,,,"{""option-opened"": {""name"": ""option-opened"", ""microserviceName"": ""binary-options"", ""msg"": {""index"": 10345001697, ""option_id"": 14229289990, ""user_id"": 100593322, ""user_group_id"": 191, ""open_time"": 1788494828, ""open_time_millisecond"": 1788494828387, ""expiration_time"": 1788494880, ""amount"": 25, ""enrolled_amount"": 25, ""currency"": ""USD"", ""profit_amount"": 0, ""profit_percent"": 182, ""option_type"": ""turbo"", ""option_type_id"": 3, ""direction"": ""call"", ""value"": 19963.776615, ""active"": ""SP35-OTC"", ""params"": null, ""platform_id"": 82, ""is_demo"": false, ""aff_id"": 0, ""balance_type_id"": 4, ""robot_id"": null, ""tournament_id"": null, ""bonus_rate"": 1, ""inout_diff"": 0, ""aff_track"": """", ""country_id"": 59, ""balance"": 0, ""client_platform_id"": 82, ""is_can_trade"": true, ""currency_mask"": ""$%s"", ""active_id"": 2044, ""balance_id"": 497753323, ""requested_at"": 1788494828386, ""created_at"": 1788494828386, ""updated_at"": 1788494828460}}}"
2026-09-04 00:09:08,CERRADA,14229293762,USDCAD-OTC,turbo,put,11,continuación bajista con tendencia,54.49,20.5,"ESTRATEGIA: continuación bajista con tendencia, tendencia bajista, estructura bajista, EMA favorece venta, micro tendencia bajista, presión: presión bajista reciente, RSI: 54.49, calidad B, memoria permite operación, ubicación válida, MERCADO: TENDENCIA_BAJISTA - tendencia bajista moderada por avance predominante, CALIDAD MERCADO: LIMPIO score 80, TENDENCIA AVANZADA: BAJISTA_NORMAL fuerza 66.66, VALIDACIÓN MERCADO: PUT permitido a favor de tendencia bajista, ZONA SR: zona válida, ACCION PRECIO: acción precio: PUT con soporte cerca; decisión delegada a zonas, RUPTURA: sin ruptura confirmada de soporte",D6_6_CORE4_OOS,NO_OPERAR_SOMBRA,True,R6_CONT_BAJISTA_IMPULSO_FUERTE,True,True,PUT permitido a favor de tendencia bajista,6,7,0.532,1788494948.2845714,1788494948.8161097,1,,,,,,"{""option-opened"": {""name"": ""option-opened"", ""microserviceName"": ""binary-options"", ""msg"": {""index"": 10345005326, ""option_id"": 14229293762, ""user_id"": 100593322, ""user_group_id"": 191, ""open_time"": 1788494947, ""open_time_millisecond"": 1788494947760, ""expiration_time"": 1788495000, ""amount"": 25, ""enrolled_amount"": 25, ""currency"": ""USD"", ""profit_amount"": 0, ""profit_percent"": 182, ""option_type"": ""turbo"", ""option_type_id"": 3, ""direction"": ""put"", ""value"": 1.315455, ""active"": ""USDCAD-OTC"", ""params"": null, ""platform_id"": 82, ""is_demo"": false, ""aff_id"": 0, ""balance_type_id"": 4, ""robot_id"": null, ""tournament_id"": null, ""bonus_rate"": 1, ""inout_diff"": 0, ""aff_track"": """", ""country_id"": 59, ""balance"": 0, ""client_platform_id"": 82, ""is_can_trade"": true, ""currency_mask"": ""$%s"", ""active_id"": 2112, ""balance_id"": 497753323, ""requested_at"": 1788494947759, ""created_at"": 1788494947759, ""updated_at"": 1788494947831}}}"
2026-09-04 00:15:07,CERRADA,14229304408,Anthropic-OTC,turbo,put,23,reacción vendedora en resistencia,56.37,20.5,"ESTRATEGIA: reacción vendedora en resistencia, PUT válido por price action profesional: rechazo vendedor confirmado: resistencia + cierre bajo + confirmación sin soporte inmediato | impulso bajista medio: caída válida pero con fuerza moderada, precio reaccionando en resistencia, presión: presión bajista reciente, RSI: 56.37, evening star bajista, patrón contexto: evening star válido en resistencia, calidad C, memoria permite operación, advertencia mercado: PUT bloqueado contra tendencia alcista, enviada al cerebro único como evidencia, ubicación válida, MERCADO: TENDENCIA_ALCISTA - tendencia alcista moderada por avance predominante, CALIDAD MERCADO: NORMAL score 63, TENDENCIA AVANZADA: ALCISTA_FUERTE fuerza 72.49, VALIDACIÓN MERCADO: PUT bloqueado contra tendencia alcista, ZONA SR: zona válida, ACCION PRECIO: acción precio: PUT con soporte cerca; decisión delegada a zonas, RUPTURA: sin ruptura confirmada de soporte",D6_6_CORE4_OOS,NO_OPERAR_SOMBRA,True,R1_INDEFINIDO_PREMIUM,True,False,PUT bloqueado contra tendencia alcista,5,6,0.539,1788495307.2531018,1788495307.7921877,1,,,,,,"{""option-opened"": {""name"": ""option-opened"", ""microserviceName"": ""binary-options"", ""msg"": {""index"": 10345015494, ""option_id"": 14229304408, ""user_id"": 100593322, ""user_group_id"": 191, ""open_time"": 1788495306, ""open_time_millisecond"": 1788495306740, ""expiration_time"": 1788495360, ""amount"": 25, ""enrolled_amount"": 25, ""currency"": ""USD"", ""profit_amount"": 0, ""profit_percent"": 182, ""option_type"": ""turbo"", ""option_type_id"": 3, ""direction"": ""put"", ""value"": 198.335685, ""active"": ""Anthropic-OTC"", ""params"": null, ""platform_id"": 82, ""is_demo"": false, ""aff_id"": 0, ""balance_type_id"": 4, ""robot_id"": null, ""tournament_id"": null, ""bonus_rate"": 1, ""inout_diff"": 0, ""aff_track"": """", ""country_id"": 59, ""balance"": 0, ""client_platform_id"": 82, ""is_can_trade"": true, ""currency_mask"": ""$%s"", ""active_id"": 2451, ""balance_id"": 497753323, ""requested_at"": 1788495306739, ""created_at"": 1788495306739, ""updated_at"": 1788495306815}}}"
2026-09-04 00:22:06,CERRADA,14229315881,SP35-OTC,turbo,put,23,reacción vendedora en resistencia,64.05,20.5,"ESTRATEGIA: reacción vendedora en resistencia, PUT válido por price action profesional: rechazo vendedor confirmado: resistencia + cierre bajo + confirmación sin soporte inmediato | rechazo vendedor observado, sin estructura completa, precio reaccionando en resistencia, presión: presión vendedora por mechas superiores, RSI: 64.05, envolvente bajista, patrón contexto: patrón bajista válido en resistencia con contexto, calidad A+, memoria permite operación, advertencia mercado: PUT bloqueado contra tendencia alcista, enviada al cerebro único como evidencia, ubicación válida, MERCADO: TENDENCIA_ALCISTA - tendencia alcista confirmada por estructura, EMA e impulso, CALIDAD MERCADO: NORMAL score 61, TENDENCIA AVANZADA: ALCISTA_NORMAL fuerza 59.24, VALIDACIÓN MERCADO: PUT bloqueado contra tendencia alcista, ZONA SR: PUT permitido: cerca de resistencia, ACCION PRECIO: acción precio: PUT con soporte cerca; decisión delegada a zonas, RUPTURA: sin ruptura confirmada de soporte",D6_6_CORE4_OOS,NO_OPERAR_SOMBRA,True,R1_INDEFINIDO_PREMIUM,True,False,PUT bloqueado contra tendencia alcista,5,5,0.616,1788495725.9966638,1788495726.6127136,1,,,,,,"{""option-opened"": {""name"": ""option-opened"", ""microserviceName"": ""binary-options"", ""msg"": {""index"": 10345026608, ""option_id"": 14229315881, ""user_id"": 100593322, ""user_group_id"": 191, ""open_time"": 1788495725, ""open_time_millisecond"": 1788495725475, ""expiration_time"": 1788495780, ""amount"": 25, ""enrolled_amount"": 25, ""currency"": ""USD"", ""profit_amount"": 0, ""profit_percent"": 182, ""option_type"": ""turbo"", ""option_type_id"": 3, ""direction"": ""put"", ""value"": 19986.948405, ""active"": ""SP35-OTC"", ""params"": null, ""platform_id"": 82, ""is_demo"": false, ""aff_id"": 0, ""balance_type_id"": 4, ""robot_id"": null, ""tournament_id"": null, ""bonus_rate"": 1, ""inout_diff"": 0, ""aff_track"": """", ""country_id"": 59, ""balance"": 0, ""client_platform_id"": 82, ""is_can_trade"": true, ""currency_mask"": ""$%s"", ""active_id"": 2044, ""balance_id"": 497753323, ""requested_at"": 1788495725474, ""created_at"": 1788495725474, ""updated_at"": 1788495725549}}}"
2026-09-04 00:24:06,CERRADA,14229319001,COFFEE-OTC,turbo,call,18,reacción compradora en soporte,44.32,20.5,"ESTRATEGIA: reacción compradora en soporte, CALL válido por price action profesional: rechazo comprador confirmado: soporte + cierre alto + confirmación sin resistencia inmediata | impulso alcista medio: avance válido pero no dominante, precio reaccionando en soporte, presión: presión neutral, RSI: 44.32, calidad C, memoria permite operación, ubicación válida, MERCADO: TENDENCIA_ALCISTA - tendencia alcista moderada por avance predominante, CALIDAD MERCADO: NORMAL score 60, TENDENCIA AVANZADA: ALCISTA_NORMAL fuerza 57.38, VALIDACIÓN MERCADO: CALL permitido a favor de tendencia alcista, ZONA SR: CALL permitido: cerca de soporte, ACCION PRECIO: acción precio: CALL con resistencia cerca; decisión delegada a zonas, RUPTURA: sin ruptura confirmada de resistencia",D6_6_CORE4_OOS,NO_OPERAR_SOMBRA,True,R2_RECHAZO_COMPRADOR_CONFIRMADO,True,True,CALL permitido a favor de tendencia alcista,4,5,0.567,1788495846.3106432,1788495846.8775475,1,,,,,,"{""option-opened"": {""name"": ""option-opened"", ""microserviceName"": ""binary-options"", ""msg"": {""index"": 10345029558, ""option_id"": 14229319001, ""user_id"": 100593322, ""user_group_id"": 191, ""open_time"": 1788495845, ""open_time_millisecond"": 1788495845787, ""expiration_time"": 1788495900, ""amount"": 25, ""enrolled_amount"": 25, ""currency"": ""USD"", ""profit_amount"": 0, ""profit_percent"": 182, ""option_type"": ""turbo"", ""option_type_id"": 3, ""direction"": ""call"", ""value"": 291.967755, ""active"": ""COFFEE-OTC"", ""params"": null, ""platform_id"": 82, ""is_demo"": false, ""aff_id"": 0, ""balance_type_id"": 4, ""robot_id"": null, ""tournament_id"": null, ""bonus_rate"": 1, ""inout_diff"": 0, ""aff_track"": """", ""country_id"": 59, ""balance"": 0, ""client_platform_id"": 82, ""is_can_trade"": true, ""currency_mask"": ""$%s"", ""active_id"": 2415, ""balance_id"": 497753323, ""requested_at"": 1788495845786, ""created_at"": 1788495845786, ""updated_at"": 1788495845861}}}"
2026-09-04 10:05:06,CERRADA,14230285969,USDCLP-OTC,turbo,call,19,CHOCH alcista,58.33,20.5,"ESTRATEGIA: CHOCH alcista, CHOCH alcista confirmado: ruptura con cuerpo, EMA favorece compra, CHOCH con contexto confirmado, rechazo histórico: sin rechazo histórico dominante, presión: presión alcista reciente, patrón contexto: patrón alcista sin contexto suficiente, RSI: 58.33, price action profesional favorece CALL: impulso alcista fuerte: avance limpio, cierres altos y fuerza sostenida, micro contexto: impulso alcista, calidad A, memoria permite operación, ubicación válida, MERCADO: TENDENCIA_ALCISTA - tendencia alcista moderada por avance predominante, CALIDAD MERCADO: NORMAL score 56, TENDENCIA AVANZADA: ALCISTA_NORMAL fuerza 65.38, VALIDACIÓN MERCADO: CHOCH permitido a favor de tendencia con confirmación, ZONA SR: CALL permitido: señal fuerte cerca de resistencia, ACCION PRECIO: acción precio: CALL con resistencia cerca; decisión delegada a zonas, RUPTURA: sin ruptura confirmada de resistencia",PROBABILIDAD_HISTORICA_V3,OPERAR_CON_PROTOCOLO_SOMBRA,False,,True,True,CHOCH permitido a favor de tendencia con confirmación,4,4,0.542,1788530705.6234686,1788530706.1650524,1,,,,,,"{""option-opened"": {""name"": ""option-opened"", ""microserviceName"": ""binary-options"", ""msg"": {""index"": 10345951371, ""option_id"": 14230285969, ""user_id"": 100593322, ""user_group_id"": 191, ""open_time"": 1788530704, ""open_time_millisecond"": 1788530704695, ""expiration_time"": 1788530760, ""amount"": 25, ""enrolled_amount"": 25, ""currency"": ""USD"", ""profit_amount"": 0, ""profit_percent"": 182, ""option_type"": ""turbo"", ""option_type_id"": 3, ""direction"": ""call"", ""value"": 906.70855, ""active"": ""USDCLP-OTC"", ""params"": null, ""platform_id"": 82, ""is_demo"": false, ""aff_id"": 0, ""balance_type_id"": 4, ""robot_id"": null, ""tournament_id"": null, ""bonus_rate"": 1, ""inout_diff"": 0, ""aff_track"": """", ""country_id"": 59, ""balance"": 0, ""client_platform_id"": 82, ""is_can_trade"": true, ""currency_mask"": ""$%s"", ""active_id"": 2438, ""balance_id"": 497753323, ""requested_at"": 1788530704694, ""created_at"": 1788530704695, ""updated_at"": 1788530704769}}}"
2026-09-04 10:12:07,CERRADA,14230303166,FETUSD-OTC,turbo,put,21,reacción vendedora en resistencia,52.47,-25.0,"ESTRATEGIA: reacción vendedora en resistencia, PUT válido por price action profesional: rechazo vendedor confirmado: resistencia + cierre bajo + confirmación sin soporte inmediato, precio reaccionando en resistencia, presión: presión alcista reciente, RSI: 52.47, evening star bajista, calidad C, memoria permite operación, ubicación válida, MERCADO: TENDENCIA_BAJISTA - tendencia bajista moderada por avance predominante, CALIDAD MERCADO: NORMAL score 56, TENDENCIA AVANZADA: BAJISTA_NORMAL fuerza 54.14, VALIDACIÓN MERCADO: PUT permitido a favor de tendencia bajista, ZONA SR: PUT permitido: cerca de resistencia, ACCION PRECIO: acción precio: PUT con soporte cerca; decisión delegada a zonas, RUPTURA: sin ruptura confirmada de soporte",D6_6_CORE4_OOS,NO_OPERAR_SOMBRA,True,R1_INDEFINIDO_PREMIUM,True,True,PUT permitido a favor de tendencia bajista,4,4,0.7,1788531126.3313408,1788531127.030964,1,,,,,,"{""option-opened"": {""name"": ""option-opened"", ""microserviceName"": ""binary-options"", ""msg"": {""index"": 10345968119, ""option_id"": 14230303166, ""user_id"": 100593322, ""user_group_id"": 191, ""open_time"": 1788531125, ""open_time_millisecond"": 1788531125724, ""expiration_time"": 1788531180, ""amount"": 25, ""enrolled_amount"": 25, ""currency"": ""USD"", ""profit_amount"": 0, ""profit_percent"": 187, ""option_type"": ""turbo"", ""option_type_id"": 3, ""direction"": ""put"", ""value"": 0.204445, ""active"": ""FETUSD-OTC"", ""params"": null, ""platform_id"": 82, ""is_demo"": false, ""aff_id"": 0, ""balance_type_id"": 4, ""robot_id"": null, ""tournament_id"": null, ""bonus_rate"": 1, ""inout_diff"": 0, ""aff_track"": """", ""country_id"": 59, ""balance"": 0, ""client_platform_id"": 82, ""is_can_trade"": true, ""currency_mask"": ""$%s"", ""active_id"": 2289, ""balance_id"": 497753323, ""requested_at"": 1788531125723, ""created_at"": 1788531125723, ""updated_at"": 1788531125797}}}"
2026-09-04 10:27:06,CERRADA,14230343098,GBPCHF-OTC,turbo,put,21,reacción vendedora en resistencia,64.84,-25.0,"ESTRATEGIA: reacción vendedora en resistencia, PUT válido por price action profesional: rechazo vendedor confirmado: resistencia + cierre bajo + confirmación sin soporte inmediato | impulso alcista con pérdida de fuerza | impulso previo contrario compatible con reversión confirmada | evidencias CALL: IMPULSO_ALCISTA_AGOTANDOSE | evidencias PUT: RECHAZO_VENDEDOR_CONFIRMADO | contradicciones: existen evidencias direccionales CALL y PUT, precio reaccionando en resistencia, presión: presión alcista reciente, RSI: 64.84, evening star bajista, calidad C, memoria permite operación, advertencia mercado: PUT bloqueado contra tendencia alcista, enviada al cerebro único como evidencia, ubicación válida, MERCADO: TENDENCIA_ALCISTA - tendencia alcista confirmada por estructura, EMA e impulso, CALIDAD MERCADO: NORMAL score 60, TENDENCIA AVANZADA: ALCISTA_DEBIL fuerza 48.02, VALIDACIÓN MERCADO: PUT bloqueado contra tendencia alcista, ZONA SR: PUT permitido: cerca de resistencia, ACCION PRECIO: acción precio: PUT con soporte cerca; decisión delegada a zonas, RUPTURA: sin ruptura confirmada de soporte",D6_6_CORE4_OOS,NO_OPERAR_SOMBRA,True,R1_INDEFINIDO_PREMIUM,True,False,PUT bloqueado contra tendencia alcista,4,4,0.391,1788532026.1243567,1788532026.5151436,1,,,,,,"{""option-opened"": {""name"": ""option-opened"", ""microserviceName"": ""binary-options"", ""msg"": {""index"": 10346006788, ""option_id"": 14230343098, ""user_id"": 100593322, ""user_group_id"": 191, ""open_time"": 1788532025, ""open_time_millisecond"": 1788532025207, ""expiration_time"": 1788532080, ""amount"": 25, ""enrolled_amount"": 25, ""currency"": ""USD"", ""profit_amount"": 0, ""profit_percent"": 182, ""option_type"": ""turbo"", ""option_type_id"": 3, ""direction"": ""put"", ""value"": 1.091995, ""active"": ""GBPCHF-OTC"", ""params"": null, ""platform_id"": 82, ""is_demo"": false, ""aff_id"": 0, ""balance_type_id"": 4, ""robot_id"": null, ""tournament_id"": null, ""bonus_rate"": 1, ""inout_diff"": 0, ""aff_track"": """", ""country_id"": 59, ""balance"": 0, ""client_platform_id"": 82, ""is_can_trade"": true, ""currency_mask"": ""$%s"", ""active_id"": 2115, ""balance_id"": 497753323, ""requested_at"": 1788532025206, ""created_at"": 1788532025207, ""updated_at"": 1788532025282}}, ""position-changed"": {""name"": ""position-changed"", ""microserviceName"": ""portfolio"", ""msg"": {""version"": 45531661094, ""id"": ""64408e87315b9526aa99397547708f26"", ""user_id"": 100593322, ""user_balance_id"": 497753323, ""platform_id"": 82, ""external_id"": 14230343098, ""active_id"": 2115, ""instrument_id"": ""2115"", ""source"": ""binary-options"", ""instrument_type"": ""turbo-option"", ""status"": ""open"", ""open_time"": 1788532025207, ""open_quote"": 1.091995, ""invest"": 25, ""invest_enrolled"": 25, ""sell_profit"": 11.375, ""sell_profit_enrolled"": 11.375, ""expected_profit"": 0, ""expected_profit_enrolled"": 0, ""pnl"": -13.625, ""pnl_net"": -13.625, ""current_price"": 1.092005, ""quote_timestamp"": 1788532025000, ""swap"": 0, ""raw_event"": {""index"": 13836725922, ""option_id"": 14230343098, ""user_id"": 100593322, ""balance_id"": 497753323, ""option_type_id"": 3, ""option_type"": ""turbo"", ""active_id"": 2115, ""platform_id"": 82, ""profit_percent"": 182, ""user_balance_type"": 4, ""currency"": ""USD"", ""direction"": ""put"", ""result"": ""opened"", ""amount"": 25, ""enrolled_amount"": 25, ""profit_amount"": null, ""win_enrolled_amount"": null, ""value"": 1.091995, ""expiration_value"": null, ""open_time"": 1788532025, ""open_time_millisecond"": 1788532025207, ""expiration_time"": 1788532080, ""initial_expiration_count"": 1, ""actual_expire"": null, ""user_group_id"": 191, ""requested_at"": 1788532025206, ""created_at"": 1788532025207, ""updated_at"": 1788532025282}}}}"
2026-09-04 10:31:05,CERRADA,14230353539,AIG-OTC,turbo,put,20,pullback bajista a EMA,42.84,-25.0,"ESTRATEGIA: pullback bajista a EMA, pullback bajista válido, EMA favorece venta, presión: presión neutral, RSI: 42.84, rechazo vendedor por recuperación fallida, pin bar bajista, patrón contexto: patrón bajista válido en resistencia con contexto, calidad A+, memoria permite operación, ubicación válida, MERCADO: TENDENCIA_BAJISTA - tendencia bajista confirmada por estructura, EMA e impulso, CALIDAD MERCADO: NORMAL score 70, TENDENCIA AVANZADA: BAJISTA_FUERTE fuerza 82.7, VALIDACIÓN MERCADO: pullback bajista permitido con filtro reforzado, ZONA SR: PUT permitido: señal fuerte cerca de soporte, ACCION PRECIO: acción precio: PUT con soporte cerca; decisión delegada a zonas, RUPTURA: sin ruptura confirmada de soporte",D6_6_CORE4_OOS,NO_OPERAR_SOMBRA,True,R4_PULLBACK_BAJISTA_PREMIUM,True,True,pullback bajista permitido con filtro reforzado,3,4,0.477,1788532265.258618,1788532265.73604,1,,,,,,"{""option-opened"": {""name"": ""option-opened"", ""microserviceName"": ""binary-options"", ""msg"": {""index"": 10346016779, ""option_id"": 14230353539, ""user_id"": 100593322, ""user_group_id"": 191, ""open_time"": 1788532264, ""open_time_millisecond"": 1788532264337, ""expiration_time"": 1788532320, ""amount"": 25, ""enrolled_amount"": 25, ""currency"": ""USD"", ""profit_amount"": 0, ""profit_percent"": 182, ""option_type"": ""turbo"", ""option_type_id"": 3, ""direction"": ""put"", ""value"": 77.2195, ""active"": ""AIG-OTC"", ""params"": null, ""platform_id"": 82, ""is_demo"": false, ""aff_id"": 0, ""balance_type_id"": 4, ""robot_id"": null, ""tournament_id"": null, ""bonus_rate"": 1, ""inout_diff"": 0, ""aff_track"": """", ""country_id"": 59, ""balance"": 0, ""client_platform_id"": 82, ""is_can_trade"": true, ""currency_mask"": ""$%s"", ""active_id"": 2109, ""balance_id"": 497753323, ""requested_at"": 1788532264336, ""created_at"": 1788532264337, ""updated_at"": 1788532264409}}, ""position-changed"": {""name"": ""position-changed"", ""microserviceName"": ""portfolio"", ""msg"": {""version"": 45531714002, ""id"": ""5c0ce353dc8d43f07c4fefa391a659f0"", ""user_id"": 100593322, ""user_balance_id"": 497753323, ""platform_id"": 82, ""external_id"": 14230353539, ""active_id"": 2109, ""instrument_id"": ""2109"", ""source"": ""binary-options"", ""instrument_type"": ""turbo-option"", ""status"": ""open"", ""open_time"": 1788532264337, ""open_quote"": 77.2195, ""invest"": 25, ""invest_enrolled"": 25, ""sell_profit"": 11.83, ""sell_profit_enrolled"": 11.83, ""expected_profit"": 45.5, ""expected_profit_enrolled"": 45.5, ""pnl"": -13.17, ""pnl_net"": -13.17, ""current_price"": 77.2145, ""quote_timestamp"": 1788532264168, ""swap"": 0, ""raw_event"": {""index"": 13836747431, ""option_id"": 14230353539, ""user_id"": 100593322, ""balance_id"": 497753323, ""option_type_id"": 3, ""option_type"": ""turbo"", ""active_id"": 2109, ""platform_id"": 82, ""profit_percent"": 182, ""user_balance_type"": 4, ""currency"": ""USD"", ""direction"": ""put"", ""result"": ""opened"", ""amount"": 25, ""enrolled_amount"": 25, ""profit_amount"": null, ""win_enrolled_amount"": null, ""value"": 77.2195, ""expiration_value"": null, ""open_time"": 1788532264, ""open_time_millisecond"": 1788532264337, ""expiration_time"": 1788532320, ""initial_expiration_count"": 1, ""actual_expire"": null, ""user_group_id"": 191, ""requested_at"": 1788532264336, ""created_at"": 1788532264337, ""updated_at"": 1788532264409}}}}"
2026-09-04 10:49:07,CERRADA,14230399292,AIRLINES-OTC,turbo,call,21,CHOCH alcista,61.37,20.5,"ESTRATEGIA: CHOCH alcista, CHOCH alcista confirmado: ruptura con cuerpo, EMA favorece compra, CHOCH con contexto confirmado, rechazo histórico: sin rechazo histórico dominante, presión: presión alcista reciente, patrón contexto: patrón alcista sin contexto suficiente, RSI: 61.37, CHOCH apoyado en soporte, price action profesional favorece CALL: impulso alcista fuerte: avance limpio, cierres altos y fuerza sostenida, micro contexto: impulso alcista, calidad A+, memoria permite operación, advertencia mercado: tendencia sucia: CHOCH débil bloqueado, enviada al cerebro único como evidencia, ubicación válida, MERCADO: TENDENCIA_ALCISTA - tendencia alcista confirmada por estructura, EMA e impulso, CALIDAD MERCADO: NORMAL score 64, TENDENCIA AVANZADA: ALCISTA_FUERTE fuerza 83.36, VALIDACIÓN MERCADO: tendencia sucia: CHOCH débil bloqueado, ZONA SR: CALL permitido: señal fuerte cerca de resistencia, ACCION PRECIO: acción precio: CALL con resistencia cerca; decisión delegada a zonas, RUPTURA: sin ruptura confirmada de resistencia",PROBABILIDAD_HISTORICA_V3,OPERAR_CON_PROTOCOLO_SOMBRA,False,,True,False,tendencia sucia: CHOCH débil bloqueado,4,5,0.575,1788533346.669821,1788533347.2450702,1,,,,,,"{""option-opened"": {""name"": ""option-opened"", ""microserviceName"": ""binary-options"", ""msg"": {""index"": 10346060527, ""option_id"": 14230399292, ""user_id"": 100593322, ""user_group_id"": 191, ""open_time"": 1788533345, ""open_time_millisecond"": 1788533345846, ""expiration_time"": 1788533400, ""amount"": 25, ""enrolled_amount"": 25, ""currency"": ""USD"", ""profit_amount"": 0, ""profit_percent"": 182, ""option_type"": ""turbo"", ""option_type_id"": 3, ""direction"": ""call"", ""value"": 3206.6905, ""active"": ""AIRLINES-OTC"", ""params"": null, ""platform_id"": 82, ""is_demo"": false, ""aff_id"": 0, ""balance_type_id"": 4, ""robot_id"": null, ""tournament_id"": null, ""bonus_rate"": 1, ""inout_diff"": 0, ""aff_track"": """", ""country_id"": 59, ""balance"": 0, ""client_platform_id"": 82, ""is_can_trade"": true, ""currency_mask"": ""$%s"", ""active_id"": 2320, ""balance_id"": 497753323, ""requested_at"": 1788533345845, ""created_at"": 1788533345846, ""updated_at"": 1788533345918}}, ""position-changed"": {""name"": ""position-changed"", ""microserviceName"": ""portfolio"", ""msg"": {""version"": 45531948319, ""id"": ""7f56baac9c925fec6053f3bf8dba45ec"", ""user_id"": 100593322, ""user_balance_id"": 497753323, ""platform_id"": 82, ""external_id"": 14230399292, ""active_id"": 2320, ""instrument_id"": ""2320"", ""source"": ""binary-options"", ""instrument_type"": ""turbo-option"", ""status"": ""open"", ""open_time"": 1788533345846, ""open_quote"": 3206.6905, ""invest"": 25, ""invest_enrolled"": 25, ""sell_profit"": 5.005, ""sell_profit_enrolled"": 5.005, ""expected_profit"": 45.5, ""expected_profit_enrolled"": 45.5, ""pnl"": -19.995, ""pnl_net"": -19.995, ""current_price"": 3206.6915, ""quote_timestamp"": 1788533345750, ""swap"": 0, ""raw_event"": {""index"": 13836836036, ""option_id"": 14230399292, ""user_id"": 100593322, ""balance_id"": 497753323, ""option_type_id"": 3, ""option_type"": ""turbo"", ""active_id"": 2320, ""platform_id"": 82, ""profit_percent"": 182, ""user_balance_type"": 4, ""currency"": ""USD"", ""direction"": ""call"", ""result"": ""opened"", ""amount"": 25, ""enrolled_amount"": 25, ""profit_amount"": null, ""win_enrolled_amount"": null, ""value"": 3206.6905, ""expiration_value"": null, ""open_time"": 1788533345, ""open_time_millisecond"": 1788533345846, ""expiration_time"": 1788533400, ""initial_expiration_count"": 1, ""actual_expire"": null, ""user_group_id"": 191, ""requested_at"": 1788533345845, ""created_at"": 1788533345846, ""updated_at"": 1788533345918}}}}"
2026-09-04 10:49:07,CERRADA,14230399321,USDNGN-OTC,turbo,call,19,CHOCH alcista,57.6,20.5,"ESTRATEGIA: CHOCH alcista, CHOCH alcista confirmado: ruptura con cuerpo, EMA favorece compra, CHOCH con contexto confirmado, rechazo histórico: sin rechazo histórico dominante, presión: presión alcista reciente, patrón contexto: patrón alcista sin contexto suficiente, RSI: 57.6, price action profesional favorece CALL: impulso alcista fuerte: avance limpio, cierres altos y fuerza sostenida, micro contexto: impulso alcista, calidad A, memoria permite operación, advertencia mercado: tendencia sucia: CHOCH débil bloqueado, enviada al cerebro único como evidencia, ubicación válida, MERCADO: TENDENCIA_ALCISTA - tendencia alcista confirmada por estructura, EMA e impulso, CALIDAD MERCADO: NORMAL score 73, TENDENCIA AVANZADA: ALCISTA_FUERTE fuerza 77.11, VALIDACIÓN MERCADO: tendencia sucia: CHOCH débil bloqueado, ZONA SR: CALL permitido: señal fuerte cerca de resistencia, ACCION PRECIO: acción precio: CALL con resistencia cerca; decisión delegada a zonas, RUPTURA: sin ruptura confirmada de resistencia",PROBABILIDAD_HISTORICA_V3,OPERAR_CON_PROTOCOLO_SOMBRA,False,,True,False,tendencia sucia: CHOCH débil bloqueado,5,5,0.403,1788533347.3209188,1788533347.7240198,1,,,,,,"{""option-opened"": {""name"": ""option-opened"", ""microserviceName"": ""binary-options"", ""msg"": {""index"": 10346060556, ""option_id"": 14230399321, ""user_id"": 100593322, ""user_group_id"": 191, ""open_time"": 1788533346, ""open_time_millisecond"": 1788533346428, ""expiration_time"": 1788533400, ""amount"": 25, ""enrolled_amount"": 25, ""currency"": ""USD"", ""profit_amount"": 0, ""profit_percent"": 182, ""option_type"": ""turbo"", ""option_type_id"": 3, ""direction"": ""call"", ""value"": 1324.221725, ""active"": ""USDNGN-OTC"", ""params"": null, ""platform_id"": 82, ""is_demo"": false, ""aff_id"": 0, ""balance_type_id"": 4, ""robot_id"": null, ""tournament_id"": null, ""bonus_rate"": 1, ""inout_diff"": 0, ""aff_track"": """", ""country_id"": 59, ""balance"": 0, ""client_platform_id"": 82, ""is_can_trade"": true, ""currency_mask"": ""$%s"", ""active_id"": 2435, ""balance_id"": 497753323, ""requested_at"": 1788533346427, ""created_at"": 1788533346427, ""updated_at"": 1788533346504}}, ""position-changed"": {""name"": ""position-changed"", ""microserviceName"": ""portfolio"", ""msg"": {""version"": 45531948458, ""id"": ""f8edbde5b0be73c04c7fdf93a19669c0"", ""user_id"": 100593322, ""user_balance_id"": 497753323, ""platform_id"": 82, ""external_id"": 14230399321, ""active_id"": 2435, ""instrument_id"": ""2435"", ""source"": ""binary-options"", ""instrument_type"": ""turbo-option"", ""status"": ""open"", ""open_time"": 1788533346428, ""open_quote"": 1324.221725, ""invest"": 25, ""invest_enrolled"": 25, ""sell_profit"": 13.194999999999999, ""sell_profit_enrolled"": 13.194999999999999, ""expected_profit"": 25, ""expected_profit_enrolled"": 25, ""pnl"": -11.805000000000001, ""pnl_net"": -11.805000000000001, ""current_price"": 1324.221725, ""quote_timestamp"": 1788533346411, ""swap"": 0, ""raw_event"": {""index"": 13836836081, ""option_id"": 14230399321, ""user_id"": 100593322, ""balance_id"": 497753323, ""option_type_id"": 3, ""option_type"": ""turbo"", ""active_id"": 2435, ""platform_id"": 82, ""profit_percent"": 182, ""user_balance_type"": 4, ""currency"": ""USD"", ""direction"": ""call"", ""result"": ""opened"", ""amount"": 25, ""enrolled_amount"": 25, ""profit_amount"": null, ""win_enrolled_amount"": null, ""value"": 1324.221725, ""expiration_value"": null, ""open_time"": 1788533346, ""open_time_millisecond"": 1788533346428, ""expiration_time"": 1788533400, ""initial_expiration_count"": 1, ""actual_expire"": null, ""user_group_id"": 191, ""requested_at"": 1788533346427, ""created_at"": 1788533346427, ""updated_at"": 1788533346504}}}}"
2026-09-04 11:05:06,CERRADA,14230438248,SP35-OTC,turbo,put,20,pullback bajista a EMA,48.32,20.5,"ESTRATEGIA: pullback bajista a EMA, pullback bajista válido, EMA favorece venta, presión: presión bajista reciente, RSI: 48.32, rechazo vendedor fuerte, shooting star bajista, patrón contexto: patrón bajista válido en resistencia con contexto, calidad A+, memoria permite operación, advertencia acción precio: acción precio: lectura avanzada contradice PUT, enviada al cerebro único como evidencia, ubicación válida, MERCADO: TENDENCIA_BAJISTA - tendencia bajista moderada por avance predominante, CALIDAD MERCADO: NORMAL score 63, TENDENCIA AVANZADA: BAJISTA_DEBIL fuerza 41.15, VALIDACIÓN MERCADO: tendencia sucia: pullback bajista permitido con puntaje alto, ZONA SR: PUT permitido: cerca de resistencia, ACCION PRECIO: acción precio: lectura avanzada contradice PUT, RUPTURA: sin ruptura confirmada de soporte",D6_6_CORE4_OOS,NO_OPERAR_SOMBRA,True,R4_PULLBACK_BAJISTA_PREMIUM,True,True,tendencia sucia: pullback bajista permitido con puntaje alto,4,5,0.457,1788534305.9487524,1788534306.4056485,1,,,,,,"{""option-opened"": {""name"": ""option-opened"", ""microserviceName"": ""binary-options"", ""msg"": {""index"": 10346097132, ""option_id"": 14230438248, ""user_id"": 100593322, ""user_group_id"": 191, ""open_time"": 1788534305, ""open_time_millisecond"": 1788534305089, ""expiration_time"": 1788534360, ""amount"": 25, ""enrolled_amount"": 25, ""currency"": ""USD"", ""profit_amount"": 0, ""profit_percent"": 182, ""option_type"": ""turbo"", ""option_type_id"": 3, ""direction"": ""put"", ""value"": 20019.598575, ""active"": ""SP35-OTC"", ""params"": null, ""platform_id"": 82, ""is_demo"": false, ""aff_id"": 0, ""balance_type_id"": 4, ""robot_id"": null, ""tournament_id"": null, ""bonus_rate"": 1, ""inout_diff"": 0, ""aff_track"": """", ""country_id"": 59, ""balance"": 0, ""client_platform_id"": 82, ""is_can_trade"": true, ""currency_mask"": ""$%s"", ""active_id"": 2044, ""balance_id"": 497753323, ""requested_at"": 1788534305088, ""created_at"": 1788534305088, ""updated_at"": 1788534305169}}, ""position-changed"": {""name"": ""position-changed"", ""microserviceName"": ""portfolio"", ""msg"": {""version"": 45532148714, ""id"": ""dcc62dc2a6408c3fb380206c5e69963f"", ""user_id"": 100593322, ""user_balance_id"": 497753323, ""platform_id"": 82, ""external_id"": 14230438248, ""active_id"": 2044, ""instrument_id"": ""2044"", ""source"": ""binary-options"", ""instrument_type"": ""turbo-option"", ""status"": ""open"", ""open_time"": 1788534305089, ""open_quote"": 20019.598575, ""invest"": 25, ""invest_enrolled"": 25, ""sell_profit"": 12.285, ""sell_profit_enrolled"": 12.285, ""expected_profit"": 25, ""expected_profit_enrolled"": 25, ""pnl"": -12.715, ""pnl_net"": -12.715, ""current_price"": 20019.598575, ""quote_timestamp"": 1788534305000, ""swap"": 0, ""raw_event"": {""index"": 13836913442, ""option_id"": 14230438248, ""user_id"": 100593322, ""balance_id"": 497753323, ""option_type_id"": 3, ""option_type"": ""turbo"", ""active_id"": 2044, ""platform_id"": 82, ""profit_percent"": 182, ""user_balance_type"": 4, ""currency"": ""USD"", ""direction"": ""put"", ""result"": ""opened"", ""amount"": 25, ""enrolled_amount"": 25, ""profit_amount"": null, ""win_enrolled_amount"": null, ""value"": 20019.598575, ""expiration_value"": null, ""open_time"": 1788534305, ""open_time_millisecond"": 1788534305089, ""expiration_time"": 1788534360, ""initial_expiration_count"": 1, ""actual_expire"": null, ""user_group_id"": 191, ""requested_at"": 1788534305088, ""created_at"": 1788534305088, ""updated_at"": 1788534305169}}}}"
2026-09-04 11:07:06,CERRADA,14230442858,SP35-OTC,turbo,put,20,pullback bajista a EMA,43.99,20.5,"ESTRATEGIA: pullback bajista a EMA, pullback bajista válido, EMA favorece venta, presión: presión bajista reciente, RSI: 43.99, rechazo vendedor por recuperación fallida, pin bar bajista, patrón contexto: patrón bajista válido en resistencia con contexto, calidad A+, memoria permite operación, ubicación válida, MERCADO: TENDENCIA_BAJISTA - tendencia bajista moderada por avance predominante, CALIDAD MERCADO: NORMAL score 56, TENDENCIA AVANZADA: BAJISTA_DEBIL fuerza 44.96, VALIDACIÓN MERCADO: tendencia sucia: pullback bajista permitido con puntaje alto, ZONA SR: zona válida, ACCION PRECIO: acción precio: PUT sin conflicto fuerte de zona, RUPTURA: sin ruptura confirmada de soporte",D6_6_CORE4_OOS,NO_OPERAR_SOMBRA,True,R4_PULLBACK_BAJISTA_PREMIUM,True,True,tendencia sucia: pullback bajista permitido con puntaje alto,4,4,0.395,1788534425.674091,1788534426.0692053,1,,,,,,"{""option-opened"": {""name"": ""option-opened"", ""microserviceName"": ""binary-options"", ""msg"": {""index"": 10346101587, ""option_id"": 14230442858, ""user_id"": 100593322, ""user_group_id"": 191, ""open_time"": 1788534424, ""open_time_millisecond"": 1788534424780, ""expiration_time"": 1788534480, ""amount"": 25, ""enrolled_amount"": 25, ""currency"": ""USD"", ""profit_amount"": 0, ""profit_percent"": 182, ""option_type"": ""turbo"", ""option_type_id"": 3, ""direction"": ""put"", ""value"": 20020.121135, ""active"": ""SP35-OTC"", ""params"": null, ""platform_id"": 82, ""is_demo"": false, ""aff_id"": 0, ""balance_type_id"": 4, ""robot_id"": null, ""tournament_id"": null, ""bonus_rate"": 1, ""inout_diff"": 0, ""aff_track"": """", ""country_id"": 59, ""balance"": 0, ""client_platform_id"": 82, ""is_can_trade"": true, ""currency_mask"": ""$%s"", ""active_id"": 2044, ""balance_id"": 497753323, ""requested_at"": 1788534424779, ""created_at"": 1788534424780, ""updated_at"": 1788534424853}}, ""position-changed"": {""name"": ""position-changed"", ""microserviceName"": ""portfolio"", ""msg"": {""version"": 45532171937, ""id"": ""a4275b6e08fc30830f3c9cd0e2d52a83"", ""user_id"": 100593322, ""user_balance_id"": 497753323, ""platform_id"": 82, ""external_id"": 14230442858, ""active_id"": 2044, ""instrument_id"": ""2044"", ""source"": ""binary-options"", ""instrument_type"": ""turbo-option"", ""status"": ""open"", ""open_time"": 1788534424780, ""open_quote"": 20020.121135, ""invest"": 25, ""invest_enrolled"": 25, ""sell_profit"": 9.1, ""sell_profit_enrolled"": 9.1, ""expected_profit"": 25, ""expected_profit_enrolled"": 25, ""pnl"": -15.9, ""pnl_net"": -15.9, ""current_price"": 20020.121135, ""quote_timestamp"": 1788534424456, ""swap"": 0, ""raw_event"": {""index"": 13836922260, ""option_id"": 14230442858, ""user_id"": 100593322, ""balance_id"": 497753323, ""option_type_id"": 3, ""option_type"": ""turbo"", ""active_id"": 2044, ""platform_id"": 82, ""profit_percent"": 182, ""user_balance_type"": 4, ""currency"": ""USD"", ""direction"": ""put"", ""result"": ""opened"", ""amount"": 25, ""enrolled_amount"": 25, ""profit_amount"": null, ""win_enrolled_amount"": null, ""value"": 20020.121135, ""expiration_value"": null, ""open_time"": 1788534424, ""open_time_millisecond"": 1788534424780, ""expiration_time"": 1788534480, ""initial_expiration_count"": 1, ""actual_expire"": null, ""user_group_id"": 191, ""requested_at"": 1788534424779, ""created_at"": 1788534424780, ""updated_at"": 1788534424853}}}}"
2026-09-04 11:23:06,CERRADA,14230485294,AUS200-OTC,turbo,call,19,CHOCH alcista,60.67,-25.0,"ESTRATEGIA: CHOCH alcista, CHOCH alcista confirmado: ruptura con cuerpo, EMA favorece compra, CHOCH con contexto confirmado, rechazo histórico: sin rechazo histórico dominante, presión: presión alcista reciente, patrón contexto: patrón alcista sin contexto suficiente, RSI: 60.67, price action profesional favorece CALL: impulso alcista fuerte: avance limpio, cierres altos y fuerza sostenida, micro contexto: impulso alcista, calidad A, memoria permite operación, advertencia mercado: tendencia sucia: CHOCH débil bloqueado, enviada al cerebro único como evidencia, ubicación válida, MERCADO: TENDENCIA_ALCISTA - tendencia alcista confirmada por estructura, EMA e impulso, CALIDAD MERCADO: NORMAL score 57, TENDENCIA AVANZADA: ALCISTA_NORMAL fuerza 58.49, VALIDACIÓN MERCADO: tendencia sucia: CHOCH débil bloqueado, ZONA SR: CALL permitido: señal fuerte cerca de resistencia, ACCION PRECIO: acción precio: CALL con resistencia cerca; decisión delegada a zonas, RUPTURA: sin ruptura confirmada de resistencia",PROBABILIDAD_HISTORICA_V3,OPERAR_CON_PROTOCOLO_SOMBRA,False,,True,False,tendencia sucia: CHOCH débil bloqueado,4,4,0.486,1788535385.5792558,1788535386.065551,1,,,,,,"{""option-opened"": {""name"": ""option-opened"", ""microserviceName"": ""binary-options"", ""msg"": {""index"": 10346142308, ""option_id"": 14230485294, ""user_id"": 100593322, ""user_group_id"": 191, ""open_time"": 1788535384, ""open_time_millisecond"": 1788535384702, ""expiration_time"": 1788535440, ""amount"": 25, ""enrolled_amount"": 25, ""currency"": ""USD"", ""profit_amount"": 0, ""profit_percent"": 182, ""option_type"": ""turbo"", ""option_type_id"": 3, ""direction"": ""call"", ""value"": 9066.826605, ""active"": ""AUS200-OTC"", ""params"": null, ""platform_id"": 82, ""is_demo"": false, ""aff_id"": 0, ""balance_type_id"": 4, ""robot_id"": null, ""tournament_id"": null, ""bonus_rate"": 1, ""inout_diff"": 0, ""aff_track"": """", ""country_id"": 59, ""balance"": 0, ""client_platform_id"": 82, ""is_can_trade"": true, ""currency_mask"": ""$%s"", ""active_id"": 2048, ""balance_id"": 497753323, ""requested_at"": 1788535384701, ""created_at"": 1788535384702, ""updated_at"": 1788535384780}}, ""position-changed"": {""name"": ""position-changed"", ""microserviceName"": ""portfolio"", ""msg"": {""version"": 45532370909, ""id"": ""fedc5440623cf043cffc5c102215ea43"", ""user_id"": 100593322, ""user_balance_id"": 497753323, ""platform_id"": 82, ""external_id"": 14230485294, ""active_id"": 2048, ""instrument_id"": ""2048"", ""source"": ""binary-options"", ""instrument_type"": ""turbo-option"", ""status"": ""open"", ""open_time"": 1788535384702, ""open_quote"": 9066.826605, ""invest"": 25, ""invest_enrolled"": 25, ""sell_profit"": 11.375, ""sell_profit_enrolled"": 11.375, ""expected_profit"": 0, ""expected_profit_enrolled"": 0, ""pnl"": -13.625, ""pnl_net"": -13.625, ""current_price"": 9066.822825, ""quote_timestamp"": 1788535384769, ""swap"": 0, ""raw_event"": {""index"": 13837004831, ""option_id"": 14230485294, ""user_id"": 100593322, ""balance_id"": 497753323, ""option_type_id"": 3, ""option_type"": ""turbo"", ""active_id"": 2048, ""platform_id"": 82, ""profit_percent"": 182, ""user_balance_type"": 4, ""currency"": ""USD"", ""direction"": ""call"", ""result"": ""opened"", ""amount"": 25, ""enrolled_amount"": 25, ""profit_amount"": null, ""win_enrolled_amount"": null, ""value"": 9066.826605, ""expiration_value"": null, ""open_time"": 1788535384, ""open_time_millisecond"": 1788535384702, ""expiration_time"": 1788535440, ""initial_expiration_count"": 1, ""actual_expire"": null, ""user_group_id"": 191, ""requested_at"": 1788535384701, ""created_at"": 1788535384702, ""updated_at"": 1788535384780}}}}"
2026-09-04 11:23:06,CERRADA,14230485342,UK100-OTC,turbo,put,23,reacción vendedora en resistencia,46.89,20.5,"ESTRATEGIA: reacción vendedora en resistencia, PUT válido por price action profesional: rechazo vendedor confirmado: resistencia + cierre bajo + confirmación sin soporte inmediato | impulso bajista medio: caída válida pero con fuerza moderada, precio reaccionando en resistencia, presión: presión bajista reciente, RSI: 46.89, evening star bajista, patrón contexto: evening star válido en resistencia, calidad C, memoria permite operación, ubicación válida, MERCADO: TENDENCIA_BAJISTA - tendencia bajista moderada por avance predominante, CALIDAD MERCADO: NORMAL score 62, TENDENCIA AVANZADA: BAJISTA_NORMAL fuerza 61.27, VALIDACIÓN MERCADO: PUT permitido a favor de tendencia bajista, ZONA SR: zona válida, ACCION PRECIO: acción precio: PUT con soporte cerca; decisión delegada a zonas, RUPTURA: sin ruptura confirmada de soporte",D6_6_CORE4_OOS,NO_OPERAR_SOMBRA,True,R1_INDEFINIDO_PREMIUM,True,True,PUT permitido a favor de tendencia bajista,4,5,0.536,1788535386.1468616,1788535386.6824048,1,,,,,,"{""option-opened"": {""name"": ""option-opened"", ""microserviceName"": ""binary-options"", ""msg"": {""index"": 10346142349, ""option_id"": 14230485342, ""user_id"": 100593322, ""user_group_id"": 191, ""open_time"": 1788535385, ""open_time_millisecond"": 1788535385317, ""expiration_time"": 1788535440, ""amount"": 25, ""enrolled_amount"": 25, ""currency"": ""USD"", ""profit_amount"": 0, ""profit_percent"": 182, ""option_type"": ""turbo"", ""option_type_id"": 3, ""direction"": ""put"", ""value"": 10734.179305, ""active"": ""UK100-OTC"", ""params"": null, ""platform_id"": 82, ""is_demo"": false, ""aff_id"": 0, ""balance_type_id"": 4, ""robot_id"": null, ""tournament_id"": null, ""bonus_rate"": 1, ""inout_diff"": 0, ""aff_track"": """", ""country_id"": 59, ""balance"": 0, ""client_platform_id"": 82, ""is_can_trade"": true, ""currency_mask"": ""$%s"", ""active_id"": 2047, ""balance_id"": 497753323, ""requested_at"": 1788535385316, ""created_at"": 1788535385317, ""updated_at"": 1788535385386}}}"
2026-09-04 11:41:11,CERRADA,14230530565,ARBUSD-OTC,turbo,call,19,CHOCH alcista,56.97,20.5,"ESTRATEGIA: CHOCH alcista, CHOCH alcista confirmado: ruptura con cuerpo, EMA favorece compra, CHOCH con contexto confirmado, rechazo histórico: sin rechazo histórico dominante, presión: presión alcista reciente, patrón contexto: patrón alcista sin contexto suficiente, RSI: 56.97, price action profesional favorece CALL: impulso alcista fuerte: avance limpio, cierres altos y fuerza sostenida, micro contexto: impulso alcista, calidad A, memoria permite operación, advertencia mercado: tendencia sucia: CHOCH débil bloqueado, enviada al cerebro único como evidencia, ubicación válida, MERCADO: TENDENCIA_ALCISTA - tendencia alcista moderada por avance predominante, CALIDAD MERCADO: NORMAL score 64, TENDENCIA AVANZADA: ALCISTA_NORMAL fuerza 61.32, VALIDACIÓN MERCADO: tendencia sucia: CHOCH débil bloqueado, ZONA SR: CALL permitido: señal fuerte cerca de resistencia, ACCION PRECIO: acción precio: CALL con resistencia cerca; decisión delegada a zonas, RUPTURA: sin ruptura confirmada de resistencia",PROBABILIDAD_HISTORICA_V3,OPERAR_CON_PROTOCOLO_SOMBRA,False,,True,False,tendencia sucia: CHOCH débil bloqueado,7,8,1.156,1788536470.0550349,1788536471.2113268,1,,,,,,"{""option-opened"": {""name"": ""option-opened"", ""microserviceName"": ""binary-options"", ""msg"": {""index"": 10346185877, ""option_id"": 14230530565, ""user_id"": 100593322, ""user_group_id"": 191, ""open_time"": 1788536469, ""open_time_millisecond"": 1788536469316, ""expiration_time"": 1788536520, ""amount"": 25, ""enrolled_amount"": 25, ""currency"": ""USD"", ""profit_amount"": 0, ""profit_percent"": 182, ""option_type"": ""turbo"", ""option_type_id"": 3, ""direction"": ""call"", ""value"": 0.141535, ""active"": ""ARBUSD-OTC"", ""params"": null, ""platform_id"": 82, ""is_demo"": false, ""aff_id"": 0, ""balance_type_id"": 4, ""robot_id"": null, ""tournament_id"": null, ""bonus_rate"": 1, ""inout_diff"": 0, ""aff_track"": """", ""country_id"": 59, ""balance"": 0, ""client_platform_id"": 82, ""is_can_trade"": true, ""currency_mask"": ""$%s"", ""active_id"": 2156, ""balance_id"": 497753323, ""requested_at"": 1788536469315, ""created_at"": 1788536469316, ""updated_at"": 1788536469388}}, ""position-changed"": {""name"": ""position-changed"", ""microserviceName"": ""portfolio"", ""msg"": {""version"": 45532592717, ""id"": ""f5580ec3cac70cbf3300a0ecdee916bf"", ""user_id"": 100593322, ""user_balance_id"": 497753323, ""platform_id"": 82, ""external_id"": 14230530565, ""active_id"": 2156, ""instrument_id"": ""2156"", ""source"": ""binary-options"", ""instrument_type"": ""turbo-option"", ""status"": ""open"", ""open_time"": 1788536469316, ""open_quote"": 0.141535, ""invest"": 25, ""invest_enrolled"": 25, ""sell_profit"": 11.375, ""sell_profit_enrolled"": 11.375, ""expected_profit"": 25, ""expected_profit_enrolled"": 25, ""pnl"": -13.625, ""pnl_net"": -13.625, ""current_price"": 0.141535, ""quote_timestamp"": 1788536469000, ""swap"": 0, ""raw_event"": {""index"": 13837093717, ""option_id"": 14230530565, ""user_id"": 100593322, ""balance_id"": 497753323, ""option_type_id"": 3, ""option_type"": ""turbo"", ""active_id"": 2156, ""platform_id"": 82, ""profit_percent"": 182, ""user_balance_type"": 4, ""currency"": ""USD"", ""direction"": ""call"", ""result"": ""opened"", ""amount"": 25, ""enrolled_amount"": 25, ""profit_amount"": null, ""win_enrolled_amount"": null, ""value"": 0.141535, ""expiration_value"": null, ""open_time"": 1788536469, ""open_time_millisecond"": 1788536469316, ""expiration_time"": 1788536520, ""initial_expiration_count"": 1, ""actual_expire"": null, ""user_group_id"": 191, ""requested_at"": 1788536469315, ""created_at"": 1788536469316, ""updated_at"": 1788536469388}}}}"
2026-09-04 12:01:06,CERRADA,14230584293,JAPAN225:N,turbo,call,18,reacción compradora en soporte,55.95,-25.0,"ESTRATEGIA: reacción compradora en soporte, CALL válido por price action profesional: rechazo comprador confirmado: soporte + cierre alto + confirmación sin resistencia inmediata | impulso alcista fuerte: avance limpio, cierres altos y fuerza sostenida | rechazo comprador histórico real: zona + cierres altos + estructura alcista, precio reaccionando en soporte, presión: presión alcista reciente, RSI: 55.95, calidad C, memoria permite operación, ubicación válida, MERCADO: TENDENCIA_ALCISTA - tendencia alcista confirmada por estructura, EMA e impulso, CALIDAD MERCADO: NORMAL score 66, TENDENCIA AVANZADA: ALCISTA_NORMAL fuerza 68.98, VALIDACIÓN MERCADO: CALL permitido a favor de tendencia alcista, ZONA SR: CALL permitido: señal fuerte cerca de resistencia, ACCION PRECIO: acción precio: CALL con resistencia cerca; decisión delegada a zonas, RUPTURA: sin ruptura confirmada de resistencia",PROBABILIDAD_HISTORICA_V3,OPERAR_CON_PROTOCOLO_SOMBRA,False,,True,True,CALL permitido a favor de tendencia alcista,4,5,0.424,1788537666.3409164,1788537666.765362,1,,,,,,"{""option-opened"": {""name"": ""option-opened"", ""microserviceName"": ""binary-options"", ""msg"": {""index"": 10346237103, ""option_id"": 14230584293, ""user_id"": 100593322, ""user_group_id"": 191, ""open_time"": 1788537665, ""open_time_millisecond"": 1788537665520, ""expiration_time"": 1788537720, ""amount"": 25, ""enrolled_amount"": 25, ""currency"": ""USD"", ""profit_amount"": 0, ""profit_percent"": 187, ""option_type"": ""turbo"", ""option_type_id"": 3, ""direction"": ""call"", ""value"": 65807.95, ""active"": ""JAPAN225:N"", ""params"": null, ""platform_id"": 82, ""is_demo"": false, ""aff_id"": 0, ""balance_type_id"": 4, ""robot_id"": null, ""tournament_id"": null, ""bonus_rate"": 1, ""inout_diff"": 0, ""aff_track"": """", ""country_id"": 59, ""balance"": 0, ""client_platform_id"": 82, ""is_can_trade"": true, ""currency_mask"": ""$%s"", ""active_id"": 1476, ""balance_id"": 497753323, ""requested_at"": 1788537665519, ""created_at"": 1788537665522, ""updated_at"": 1788537665593}}, ""position-changed"": {""name"": ""position-changed"", ""microserviceName"": ""portfolio"", ""msg"": {""version"": 45532848788, ""id"": ""f3d843fe17cb01b23e0dade1d3e41bb2"", ""user_id"": 100593322, ""user_balance_id"": 497753323, ""platform_id"": 82, ""external_id"": 14230584293, ""active_id"": 1476, ""instrument_id"": ""1476"", ""source"": ""binary-options"", ""instrument_type"": ""turbo-option"", ""status"": ""open"", ""open_time"": 1788537665520, ""open_quote"": 65807.95, ""invest"": 25, ""invest_enrolled"": 25, ""sell_profit"": 12.155, ""sell_profit_enrolled"": 12.155, ""expected_profit"": 25, ""expected_profit_enrolled"": 25, ""pnl"": -12.845, ""pnl_net"": -12.845, ""current_price"": 65807.95, ""quote_timestamp"": 1788537665292, ""swap"": 0, ""raw_event"": {""index"": 13837198604, ""option_id"": 14230584293, ""user_id"": 100593322, ""balance_id"": 497753323, ""option_type_id"": 3, ""option_type"": ""turbo"", ""active_id"": 1476, ""platform_id"": 82, ""profit_percent"": 187, ""user_balance_type"": 4, ""currency"": ""USD"", ""direction"": ""call"", ""result"": ""opened"", ""amount"": 25, ""enrolled_amount"": 25, ""profit_amount"": null, ""win_enrolled_amount"": null, ""value"": 65807.95, ""expiration_value"": null, ""open_time"": 1788537665, ""open_time_millisecond"": 1788537665520, ""expiration_time"": 1788537720, ""initial_expiration_count"": 1, ""actual_expire"": null, ""user_group_id"": 191, ""requested_at"": 1788537665519, ""created_at"": 1788537665522, ""updated_at"": 1788537665593}}}}"
2026-09-04 12:14:06,CERRADA,14230618070,US30-OTC,turbo,put,20,pullback bajista a EMA,46.4,-25.0,"ESTRATEGIA: pullback bajista a EMA, pullback bajista válido, EMA favorece venta, presión: presión bajista reciente, RSI: 46.4, rechazo vendedor por recuperación fallida, pin bar bajista, patrón contexto: patrón bajista válido en resistencia con contexto, calidad A+, memoria permite operación, ubicación válida, MERCADO: TENDENCIA_BAJISTA - tendencia bajista moderada por avance predominante, CALIDAD MERCADO: NORMAL score 64, TENDENCIA AVANZADA: BAJISTA_NORMAL fuerza 56.5, VALIDACIÓN MERCADO: tendencia sucia: pullback bajista permitido con puntaje alto, ZONA SR: PUT permitido: señal fuerte cerca de soporte, ACCION PRECIO: acción precio: rechazo vendedor en resistencia, RUPTURA: sin ruptura confirmada de soporte",D6_6_CORE4_OOS,NO_OPERAR_SOMBRA,True,R4_PULLBACK_BAJISTA_PREMIUM,True,True,tendencia sucia: pullback bajista permitido con puntaje alto,4,5,0.548,1788538446.417372,1788538446.9656873,1,,,,,,"{""option-opened"": {""name"": ""option-opened"", ""microserviceName"": ""binary-options"", ""msg"": {""index"": 10346269066, ""option_id"": 14230618070, ""user_id"": 100593322, ""user_group_id"": 191, ""open_time"": 1788538445, ""open_time_millisecond"": 1788538445643, ""expiration_time"": 1788538500, ""amount"": 25, ""enrolled_amount"": 25, ""currency"": ""USD"", ""profit_amount"": 0, ""profit_percent"": 182, ""option_type"": ""turbo"", ""option_type_id"": 3, ""direction"": ""put"", ""value"": 55827.065485, ""active"": ""US30-OTC"", ""params"": null, ""platform_id"": 82, ""is_demo"": false, ""aff_id"": 0, ""balance_type_id"": 4, ""robot_id"": null, ""tournament_id"": null, ""bonus_rate"": 1, ""inout_diff"": 0, ""aff_track"": """", ""country_id"": 59, ""balance"": 0, ""client_platform_id"": 82, ""is_can_trade"": true, ""currency_mask"": ""$%s"", ""active_id"": 1973, ""balance_id"": 497753323, ""requested_at"": 1788538445642, ""created_at"": 1788538445643, ""updated_at"": 1788538445726}}, ""position-changed"": {""name"": ""position-changed"", ""microserviceName"": ""portfolio"", ""msg"": {""version"": 45533000582, ""id"": ""9a8794fb2179b3008cbf1f536156a900"", ""user_id"": 100593322, ""user_balance_id"": 497753323, ""platform_id"": 82, ""external_id"": 14230618070, ""active_id"": 1973, ""instrument_id"": ""1973"", ""source"": ""binary-options"", ""instrument_type"": ""turbo-option"", ""status"": ""open"", ""open_time"": 1788538445643, ""open_quote"": 55827.065485, ""invest"": 25, ""invest_enrolled"": 25, ""sell_profit"": 6.370000000000001, ""sell_profit_enrolled"": 6.370000000000001, ""expected_profit"": 25, ""expected_profit_enrolled"": 25, ""pnl"": -18.63, ""pnl_net"": -18.63, ""current_price"": 55827.065485, ""quote_timestamp"": 1788538445529, ""swap"": 0, ""raw_event"": {""index"": 13837264522, ""option_id"": 14230618070, ""user_id"": 100593322, ""balance_id"": 497753323, ""option_type_id"": 3, ""option_type"": ""turbo"", ""active_id"": 1973, ""platform_id"": 82, ""profit_percent"": 182, ""user_balance_type"": 4, ""currency"": ""USD"", ""direction"": ""put"", ""result"": ""opened"", ""amount"": 25, ""enrolled_amount"": 25, ""profit_amount"": null, ""win_enrolled_amount"": null, ""value"": 55827.065485, ""expiration_value"": null, ""open_time"": 1788538445, ""open_time_millisecond"": 1788538445643, ""expiration_time"": 1788538500, ""initial_expiration_count"": 1, ""actual_expire"": null, ""user_group_id"": 191, ""requested_at"": 1788538445642, ""created_at"": 1788538445643, ""updated_at"": 1788538445726}}}}"
2026-09-04 12:38:06,CERRADA,14230676704,USDARS-OTC,turbo,call,19,CHOCH alcista,56.15,-25.0,"ESTRATEGIA: CHOCH alcista, CHOCH alcista confirmado: ruptura con cuerpo, EMA favorece compra, CHOCH con contexto confirmado, rechazo histórico: sin rechazo histórico dominante, presión: presión alcista reciente, patrón contexto: patrón alcista sin contexto suficiente, RSI: 56.15, price action profesional favorece CALL: impulso alcista fuerte: avance limpio, cierres altos y fuerza sostenida, micro contexto: impulso alcista, calidad A, memoria permite operación, advertencia mercado: tendencia sucia: CHOCH débil bloqueado, enviada al cerebro único como evidencia, ubicación válida, MERCADO: TENDENCIA_ALCISTA - tendencia alcista moderada por avance predominante, CALIDAD MERCADO: NORMAL score 66, TENDENCIA AVANZADA: ALCISTA_NORMAL fuerza 59.62, VALIDACIÓN MERCADO: tendencia sucia: CHOCH débil bloqueado, ZONA SR: CALL permitido: señal fuerte cerca de resistencia, ACCION PRECIO: acción precio: CALL con resistencia cerca; decisión delegada a zonas, RUPTURA: sin ruptura confirmada de resistencia",PROBABILIDAD_HISTORICA_V3,OPERAR_CON_PROTOCOLO_SOMBRA,False,,True,False,tendencia sucia: CHOCH débil bloqueado,4,5,0.492,1788539886.4554007,1788539886.9469635,1,,,,,,"{""option-opened"": {""name"": ""option-opened"", ""microserviceName"": ""binary-options"", ""msg"": {""index"": 10346325080, ""option_id"": 14230676704, ""user_id"": 100593322, ""user_group_id"": 191, ""open_time"": 1788539885, ""open_time_millisecond"": 1788539885657, ""expiration_time"": 1788539940, ""amount"": 25, ""enrolled_amount"": 25, ""currency"": ""USD"", ""profit_amount"": 0, ""profit_percent"": 182, ""option_type"": ""turbo"", ""option_type_id"": 3, ""direction"": ""call"", ""value"": 1509.5075, ""active"": ""USDARS-OTC"", ""params"": null, ""platform_id"": 82, ""is_demo"": false, ""aff_id"": 0, ""balance_type_id"": 4, ""robot_id"": null, ""tournament_id"": null, ""bonus_rate"": 1, ""inout_diff"": 0, ""aff_track"": """", ""country_id"": 59, ""balance"": 0, ""client_platform_id"": 82, ""is_can_trade"": true, ""currency_mask"": ""$%s"", ""active_id"": 2186, ""balance_id"": 497753323, ""requested_at"": 1788539885656, ""created_at"": 1788539885657, ""updated_at"": 1788539885731}}}"
2026-09-04 12:49:08,CERRADA,14230703422,EURCHF-OTC,turbo,call,21,CHOCH alcista,57.92,20.5,"ESTRATEGIA: CHOCH alcista, CHOCH alcista confirmado: ruptura con cuerpo, EMA favorece compra, CHOCH con contexto confirmado, rechazo histórico: sin rechazo histórico dominante, presión: presión alcista reciente, patrón contexto: patrón alcista sin contexto suficiente, RSI: 57.92, CHOCH apoyado en soporte, price action profesional favorece CALL: impulso alcista fuerte: avance limpio, cierres altos y fuerza sostenida, micro contexto: impulso alcista, calidad A+, memoria permite operación, advertencia mercado: tendencia sucia: CHOCH débil bloqueado, enviada al cerebro único como evidencia, ubicación válida, MERCADO: TENDENCIA_ALCISTA - tendencia alcista confirmada por estructura, EMA e impulso, CALIDAD MERCADO: LIMPIO score 76, TENDENCIA AVANZADA: ALCISTA_NORMAL fuerza 60.9, VALIDACIÓN MERCADO: tendencia sucia: CHOCH débil bloqueado, ZONA SR: CALL permitido: señal fuerte cerca de resistencia, ACCION PRECIO: acción precio: CALL con resistencia cerca; decisión delegada a zonas, RUPTURA: sin ruptura confirmada de resistencia",PROBABILIDAD_HISTORICA_V3,OPERAR_CON_PROTOCOLO_SOMBRA,False,,True,False,tendencia sucia: CHOCH débil bloqueado,6,7,0.488,1788540548.1923275,1788540548.6804876,1,,,,,,"{""option-opened"": {""name"": ""option-opened"", ""microserviceName"": ""binary-options"", ""msg"": {""index"": 10346350615, ""option_id"": 14230703422, ""user_id"": 100593322, ""user_group_id"": 191, ""open_time"": 1788540547, ""open_time_millisecond"": 1788540547400, ""expiration_time"": 1788540600, ""amount"": 25, ""enrolled_amount"": 25, ""currency"": ""USD"", ""profit_amount"": 0, ""profit_percent"": 182, ""option_type"": ""turbo"", ""option_type_id"": 3, ""direction"": ""call"", ""value"": 0.928815, ""active"": ""EURCHF-OTC"", ""params"": null, ""platform_id"": 82, ""is_demo"": false, ""aff_id"": 0, ""balance_type_id"": 4, ""robot_id"": null, ""tournament_id"": null, ""bonus_rate"": 1, ""inout_diff"": 0, ""aff_track"": """", ""country_id"": 59, ""balance"": 0, ""client_platform_id"": 82, ""is_can_trade"": true, ""currency_mask"": ""$%s"", ""active_id"": 2131, ""balance_id"": 497753323, ""requested_at"": 1788540547399, ""created_at"": 1788540547400, ""updated_at"": 1788540547475}}, ""position-changed"": {""name"": ""position-changed"", ""microserviceName"": ""portfolio"", ""msg"": {""version"": 45533407996, ""id"": ""a62ec0d7e50fc774f8cb6b271522dd74"", ""user_id"": 100593322, ""user_balance_id"": 497753323, ""platform_id"": 82, ""external_id"": 14230703422, ""active_id"": 2131, ""instrument_id"": ""2131"", ""source"": ""binary-options"", ""instrument_type"": ""turbo-option"", ""status"": ""open"", ""open_time"": 1788540547400, ""open_quote"": 0.928815, ""invest"": 25, ""invest_enrolled"": 25, ""sell_profit"": 9.1, ""sell_profit_enrolled"": 9.1, ""expected_profit"": 25, ""expected_profit_enrolled"": 25, ""pnl"": -15.9, ""pnl_net"": -15.9, ""current_price"": 0.928815, ""quote_timestamp"": 1788540547000, ""swap"": 0, ""raw_event"": {""index"": 13837430956, ""option_id"": 14230703422, ""user_id"": 100593322, ""balance_id"": 497753323, ""option_type_id"": 3, ""option_type"": ""turbo"", ""active_id"": 2131, ""platform_id"": 82, ""profit_percent"": 182, ""user_balance_type"": 4, ""currency"": ""USD"", ""direction"": ""call"", ""result"": ""opened"", ""amount"": 25, ""enrolled_amount"": 25, ""profit_amount"": null, ""win_enrolled_amount"": null, ""value"": 0.928815, ""expiration_value"": null, ""open_time"": 1788540547, ""open_time_millisecond"": 1788540547400, ""expiration_time"": 1788540600, ""initial_expiration_count"": 1, ""actual_expire"": null, ""user_group_id"": 191, ""requested_at"": 1788540547399, ""created_at"": 1788540547400, ""updated_at"": 1788540547475}}}}"
2026-09-04 12:49:09,CERRADA,14230703448,SUGAR-OTC,turbo,call,23,reacción compradora en soporte,51.76,-25.0,"ESTRATEGIA: reacción compradora en soporte, CALL válido por price action profesional: rechazo comprador confirmado: soporte + cierre alto + confirmación sin resistencia inmediata | rechazo comprador observado, sin estructura completa, precio reaccionando en soporte, presión: presión compradora por mechas inferiores, RSI: 51.76, envolvente alcista, patrón contexto: patrón alcista válido en soporte con contexto, calidad A+, memoria permite operación, ubicación válida, MERCADO: TENDENCIA_ALCISTA - tendencia alcista moderada por avance predominante, CALIDAD MERCADO: NORMAL score 59, TENDENCIA AVANZADA: ALCISTA_NORMAL fuerza 58.68, VALIDACIÓN MERCADO: CALL permitido a favor de tendencia alcista, ZONA SR: zona válida, ACCION PRECIO: acción precio: CALL con resistencia cerca; decisión delegada a zonas, RUPTURA: sin ruptura confirmada de resistencia",D6_6_CORE4_OOS,NO_OPERAR_SOMBRA,True,R1_INDEFINIDO_PREMIUM|R2_RECHAZO_COMPRADOR_CONFIRMADO,True,True,CALL permitido a favor de tendencia alcista,7,7,0.486,1788540548.759703,1788540549.245273,1,,,,,,"{""option-opened"": {""name"": ""option-opened"", ""microserviceName"": ""binary-options"", ""msg"": {""index"": 10346350641, ""option_id"": 14230703448, ""user_id"": 100593322, ""user_group_id"": 191, ""open_time"": 1788540547, ""open_time_millisecond"": 1788540547964, ""expiration_time"": 1788540600, ""amount"": 25, ""enrolled_amount"": 25, ""currency"": ""USD"", ""profit_amount"": 0, ""profit_percent"": 182, ""option_type"": ""turbo"", ""option_type_id"": 3, ""direction"": ""call"", ""value"": 16.254695, ""active"": ""SUGAR-OTC"", ""params"": null, ""platform_id"": 82, ""is_demo"": false, ""aff_id"": 0, ""balance_type_id"": 4, ""robot_id"": null, ""tournament_id"": null, ""bonus_rate"": 1, ""inout_diff"": 0, ""aff_track"": """", ""country_id"": 59, ""balance"": 0, ""client_platform_id"": 82, ""is_can_trade"": true, ""currency_mask"": ""$%s"", ""active_id"": 2417, ""balance_id"": 497753323, ""requested_at"": 1788540547963, ""created_at"": 1788540547963, ""updated_at"": 1788540548064}}}"
2026-09-04 14:01:13,CERRADA,14230877062,UK100:N,turbo,put,11,continuación bajista con tendencia,41.93,21.5,"ESTRATEGIA: continuación bajista con tendencia, tendencia bajista, estructura bajista, EMA favorece venta, micro tendencia bajista, presión: presión bajista reciente, RSI: 41.93, calidad B, memoria permite operación, ubicación válida, MERCADO: TENDENCIA_BAJISTA - tendencia bajista confirmada por estructura, EMA e impulso, CALIDAD MERCADO: NORMAL score 61, TENDENCIA AVANZADA: BAJISTA_NORMAL fuerza 63.11, VALIDACIÓN MERCADO: PUT permitido a favor de tendencia bajista, ZONA SR: zona válida, ACCION PRECIO: acción precio: PUT con soporte cerca; decisión delegada a zonas, RUPTURA: falsa ruptura: perforó soporte pero no confirmó cierre",D6_6_CORE4_OOS,NO_OPERAR_SOMBRA,True,R2_RECHAZO_COMPRADOR_CONFIRMADO,True,True,PUT permitido a favor de tendencia bajista,7,11,4.247,1788544869.1384964,1788544873.3859856,1,,,,,,"{""option-opened"": {""name"": ""option-opened"", ""microserviceName"": ""binary-options"", ""msg"": {""index"": 10346515907, ""option_id"": 14230877062, ""user_id"": 100593322, ""user_group_id"": 191, ""open_time"": 1788544872, ""open_time_millisecond"": 1788544872209, ""expiration_time"": 1788544920, ""amount"": 25, ""enrolled_amount"": 25, ""currency"": ""USD"", ""profit_amount"": 0, ""profit_percent"": 186, ""option_type"": ""turbo"", ""option_type_id"": 3, ""direction"": ""put"", ""value"": 10828.97, ""active"": ""UK100:N"", ""params"": null, ""platform_id"": 82, ""is_demo"": false, ""aff_id"": 0, ""balance_type_id"": 4, ""robot_id"": null, ""tournament_id"": null, ""bonus_rate"": 1, ""inout_diff"": 0, ""aff_track"": """", ""country_id"": 59, ""balance"": 0, ""client_platform_id"": 82, ""is_can_trade"": true, ""currency_mask"": ""$%s"", ""active_id"": 1475, ""balance_id"": 497753323, ""requested_at"": 1788544872208, ""created_at"": 1788544872209, ""updated_at"": 1788544872283}}}"
2026-09-04 14:34:08,CERRADA,14230955656,USDSAR-OTC,turbo,put,20,pullback bajista a EMA,42.05,20.5,"ESTRATEGIA: pullback bajista a EMA, pullback bajista válido, EMA favorece venta, presión: presión bajista reciente, RSI: 42.05, rechazo vendedor por recuperación fallida, pin bar bajista, patrón contexto: patrón bajista válido en resistencia con contexto, calidad A+, memoria permite operación, advertencia vela contraria reciente: PUT bloqueado: martillo/rechazo comprador reciente, enviada al cerebro único como evidencia, ubicación válida, MERCADO: TENDENCIA_BAJISTA - tendencia bajista moderada por avance predominante, CALIDAD MERCADO: NORMAL score 56, TENDENCIA AVANZADA: BAJISTA_NORMAL fuerza 55.82, VALIDACIÓN MERCADO: tendencia sucia: pullback bajista permitido con puntaje alto, ZONA SR: PUT permitido: señal fuerte cerca de soporte, ACCION PRECIO: acción precio: rechazo vendedor en resistencia, RUPTURA: sin ruptura confirmada de soporte",D6_6_CORE4_OOS,NO_OPERAR_SOMBRA,True,R4_PULLBACK_BAJISTA_PREMIUM,True,True,tendencia sucia: pullback bajista permitido con puntaje alto,6,6,0.467,1788546847.605379,1788546848.0721729,1,,,,,,"{""option-opened"": {""name"": ""option-opened"", ""microserviceName"": ""binary-options"", ""msg"": {""index"": 10346590335, ""option_id"": 14230955656, ""user_id"": 100593322, ""user_group_id"": 191, ""open_time"": 1788546846, ""open_time_millisecond"": 1788546846875, ""expiration_time"": 1788546900, ""amount"": 25, ""enrolled_amount"": 25, ""currency"": ""USD"", ""profit_amount"": 0, ""profit_percent"": 182, ""option_type"": ""turbo"", ""option_type_id"": 3, ""direction"": ""put"", ""value"": 3.750095, ""active"": ""USDSAR-OTC"", ""params"": null, ""platform_id"": 82, ""is_demo"": false, ""aff_id"": 0, ""balance_type_id"": 4, ""robot_id"": null, ""tournament_id"": null, ""bonus_rate"": 1, ""inout_diff"": 0, ""aff_track"": """", ""country_id"": 59, ""balance"": 0, ""client_platform_id"": 82, ""is_can_trade"": true, ""currency_mask"": ""$%s"", ""active_id"": 2431, ""balance_id"": 497753323, ""requested_at"": 1788546846874, ""created_at"": 1788546846875, ""updated_at"": 1788546846952}}}"
2026-09-04 14:49:06,CERRADA,14230987620,TRON-OTC,turbo,call,19,CHOCH alcista,58.28,20.5,"ESTRATEGIA: CHOCH alcista, CHOCH alcista confirmado: ruptura con cuerpo, EMA favorece compra, CHOCH con contexto confirmado, rechazo histórico: sin rechazo histórico dominante, presión: presión alcista reciente, patrón contexto: patrón alcista sin contexto suficiente, RSI: 58.28, price action profesional favorece CALL: impulso alcista fuerte: avance limpio, cierres altos y fuerza sostenida, micro contexto: impulso alcista, calidad A, memoria permite operación, advertencia mercado: tendencia sucia: CHOCH débil bloqueado, enviada al cerebro único como evidencia, ubicación válida, MERCADO: TENDENCIA_ALCISTA - tendencia alcista confirmada por estructura, EMA e impulso, CALIDAD MERCADO: LIMPIO score 75, TENDENCIA AVANZADA: ALCISTA_NORMAL fuerza 62.89, VALIDACIÓN MERCADO: tendencia sucia: CHOCH débil bloqueado, ZONA SR: CALL permitido: señal fuerte cerca de resistencia, ACCION PRECIO: acción precio: CALL con resistencia cerca; decisión delegada a zonas, RUPTURA: sin ruptura confirmada de resistencia",PROBABILIDAD_HISTORICA_V3,OPERAR_CON_PROTOCOLO_SOMBRA,False,,True,False,tendencia sucia: CHOCH débil bloqueado,4,4,0.423,1788547745.717053,1788547746.1403294,1,,,,,,"{""option-opened"": {""name"": ""option-opened"", ""microserviceName"": ""binary-options"", ""msg"": {""index"": 10346620126, ""option_id"": 14230987620, ""user_id"": 100593322, ""user_group_id"": 191, ""open_time"": 1788547744, ""open_time_millisecond"": 1788547744977, ""expiration_time"": 1788547800, ""amount"": 25, ""enrolled_amount"": 25, ""currency"": ""USD"", ""profit_amount"": 0, ""profit_percent"": 182, ""option_type"": ""turbo"", ""option_type_id"": 3, ""direction"": ""call"", ""value"": 0.312305, ""active"": ""TRON-OTC"", ""params"": null, ""platform_id"": 82, ""is_demo"": false, ""aff_id"": 0, ""balance_type_id"": 4, ""robot_id"": null, ""tournament_id"": null, ""bonus_rate"": 1, ""inout_diff"": 0, ""aff_track"": """", ""country_id"": 59, ""balance"": 0, ""client_platform_id"": 82, ""is_can_trade"": true, ""currency_mask"": ""$%s"", ""active_id"": 1976, ""balance_id"": 497753323, ""requested_at"": 1788547744976, ""created_at"": 1788547744976, ""updated_at"": 1788547745084}}, ""position-changed"": {""name"": ""position-changed"", ""microserviceName"": ""portfolio"", ""msg"": {""version"": 45534624700, ""id"": ""2ea9bb472f2bef5cd0e3430f3d0af55c"", ""user_id"": 100593322, ""user_balance_id"": 497753323, ""platform_id"": 82, ""external_id"": 14230987620, ""active_id"": 1976, ""instrument_id"": ""1976"", ""source"": ""binary-options"", ""instrument_type"": ""turbo-option"", ""status"": ""open"", ""open_time"": 1788547744977, ""open_quote"": 0.312305, ""invest"": 25, ""invest_enrolled"": 25, ""sell_profit"": 10.01, ""sell_profit_enrolled"": 10.01, ""expected_profit"": 25, ""expected_profit_enrolled"": 25, ""pnl"": -14.99, ""pnl_net"": -14.99, ""current_price"": 0.312305, ""quote_timestamp"": 1788547744845, ""swap"": 0, ""raw_event"": {""index"": 13837988124, ""option_id"": 14230987620, ""user_id"": 100593322, ""balance_id"": 497753323, ""option_type_id"": 3, ""option_type"": ""turbo"", ""active_id"": 1976, ""platform_id"": 82, ""profit_percent"": 182, ""user_balance_type"": 4, ""currency"": ""USD"", ""direction"": ""call"", ""result"": ""opened"", ""amount"": 25, ""enrolled_amount"": 25, ""profit_amount"": null, ""win_enrolled_amount"": null, ""value"": 0.312305, ""expiration_value"": null, ""open_time"": 1788547744, ""open_time_millisecond"": 1788547744977, ""expiration_time"": 1788547800, ""initial_expiration_count"": 1, ""actual_expire"": null, ""user_group_id"": 191, ""requested_at"": 1788547744976, ""created_at"": 1788547744976, ""updated_at"": 1788547745084}}}}"
2026-09-04 14:52:06,CERRADA,14230994240,SEIUSD-OTC,turbo,call,24,CHOCH alcista,60.05,-25.0,"ESTRATEGIA: CHOCH alcista, CHOCH alcista confirmado: ruptura con cuerpo, EMA favorece compra, CHOCH con contexto confirmado, rechazo histórico: sin rechazo histórico dominante, presión: presión neutral, patrón contexto: patrón alcista válido en soporte con contexto, RSI: 60.05, CHOCH apoyado en soporte, envolvente alcista, price action profesional favorece CALL: impulso alcista fuerte: avance limpio, cierres altos y fuerza sostenida, micro contexto: impulso alcista, calidad A+, memoria permite operación, ubicación válida, MERCADO: TENDENCIA_ALCISTA - tendencia alcista confirmada por estructura, EMA e impulso, CALIDAD MERCADO: NORMAL score 56, TENDENCIA AVANZADA: ALCISTA_NORMAL fuerza 67.55, VALIDACIÓN MERCADO: CHOCH permitido a favor de tendencia con confirmación, ZONA SR: CALL permitido: señal fuerte cerca de resistencia, ACCION PRECIO: acción precio: CALL con resistencia cerca; decisión delegada a zonas, RUPTURA: sin ruptura confirmada de resistencia",PROBABILIDAD_HISTORICA_V3,OPERAR_CON_PROTOCOLO_SOMBRA,False,,True,True,CHOCH permitido a favor de tendencia con confirmación,4,4,0.483,1788547926.1659887,1788547926.6494582,1,,,,,,"{""option-opened"": {""name"": ""option-opened"", ""microserviceName"": ""binary-options"", ""msg"": {""index"": 10346626366, ""option_id"": 14230994240, ""user_id"": 100593322, ""user_group_id"": 191, ""open_time"": 1788547925, ""open_time_millisecond"": 1788547925455, ""expiration_time"": 1788547980, ""amount"": 25, ""enrolled_amount"": 25, ""currency"": ""USD"", ""profit_amount"": 0, ""profit_percent"": 182, ""option_type"": ""turbo"", ""option_type_id"": 3, ""direction"": ""call"", ""value"": 0.045185, ""active"": ""SEIUSD-OTC"", ""params"": null, ""platform_id"": 82, ""is_demo"": false, ""aff_id"": 0, ""balance_type_id"": 4, ""robot_id"": null, ""tournament_id"": null, ""bonus_rate"": 1, ""inout_diff"": 0, ""aff_track"": """", ""country_id"": 59, ""balance"": 0, ""client_platform_id"": 82, ""is_can_trade"": true, ""currency_mask"": ""$%s"", ""active_id"": 2152, ""balance_id"": 497753323, ""requested_at"": 1788547925454, ""created_at"": 1788547925455, ""updated_at"": 1788547925526}}, ""position-changed"": {""name"": ""position-changed"", ""microserviceName"": ""portfolio"", ""msg"": {""version"": 45534649228, ""id"": ""b830d62c607abe0d81b2125e6c5ba40d"", ""user_id"": 100593322, ""user_balance_id"": 497753323, ""platform_id"": 82, ""external_id"": 14230994240, ""active_id"": 2152, ""instrument_id"": ""2152"", ""source"": ""binary-options"", ""instrument_type"": ""turbo-option"", ""status"": ""open"", ""open_time"": 1788547925455, ""open_quote"": 0.045185, ""invest"": 25, ""invest_enrolled"": 25, ""sell_profit"": 6.370000000000001, ""sell_profit_enrolled"": 6.370000000000001, ""expected_profit"": 0, ""expected_profit_enrolled"": 0, ""pnl"": -18.63, ""pnl_net"": -18.63, ""current_price"": 0.045115, ""quote_timestamp"": 1788547925484, ""swap"": 0, ""raw_event"": {""index"": 13838000898, ""option_id"": 14230994240, ""user_id"": 100593322, ""balance_id"": 497753323, ""option_type_id"": 3, ""option_type"": ""turbo"", ""active_id"": 2152, ""platform_id"": 82, ""profit_percent"": 182, ""user_balance_type"": 4, ""currency"": ""USD"", ""direction"": ""call"", ""result"": ""opened"", ""amount"": 25, ""enrolled_amount"": 25, ""profit_amount"": null, ""win_enrolled_amount"": null, ""value"": 0.045185, ""expiration_value"": null, ""open_time"": 1788547925, ""open_time_millisecond"": 1788547925455, ""expiration_time"": 1788547980, ""initial_expiration_count"": 1, ""actual_expire"": null, ""user_group_id"": 191, ""requested_at"": 1788547925454, ""created_at"": 1788547925455, ""updated_at"": 1788547925526}}}}"
2026-09-04 15:00:06,CERRADA,14231013121,SHIBUSD-OTC,turbo,put,20,pullback bajista a EMA,55.05,20.5,"ESTRATEGIA: pullback bajista a EMA, pullback bajista válido, EMA favorece venta, presión: presión vendedora por mechas superiores, RSI: 55.05, rechazo vendedor por recuperación fallida, pin bar bajista, patrón contexto: patrón bajista válido en resistencia con contexto, calidad A+, memoria permite operación, ubicación válida, MERCADO: TENDENCIA_BAJISTA - tendencia bajista moderada por avance predominante, CALIDAD MERCADO: NORMAL score 62, TENDENCIA AVANZADA: BAJISTA_NORMAL fuerza 55.07, VALIDACIÓN MERCADO: tendencia sucia: pullback bajista permitido con puntaje alto, ZONA SR: zona válida, ACCION PRECIO: acción precio: rechazo vendedor en resistencia, RUPTURA: sin ruptura confirmada de soporte",D6_6_CORE4_OOS,NO_OPERAR_SOMBRA,True,R4_PULLBACK_BAJISTA_PREMIUM,True,True,tendencia sucia: pullback bajista permitido con puntaje alto,4,4,0.529,1788548406.1352878,1788548406.6647756,1,,,,,,"{""option-opened"": {""name"": ""option-opened"", ""microserviceName"": ""binary-options"", ""msg"": {""index"": 10346644380, ""option_id"": 14231013121, ""user_id"": 100593322, ""user_group_id"": 191, ""open_time"": 1788548405, ""open_time_millisecond"": 1788548405416, ""expiration_time"": 1788548460, ""amount"": 25, ""enrolled_amount"": 25, ""currency"": ""USD"", ""profit_amount"": 0, ""profit_percent"": 182, ""option_type"": ""turbo"", ""option_type_id"": 3, ""direction"": ""put"", ""value"": 0.006735, ""active"": ""SHIBUSD-OTC"", ""params"": null, ""platform_id"": 82, ""is_demo"": false, ""aff_id"": 0, ""balance_type_id"": 4, ""robot_id"": null, ""tournament_id"": null, ""bonus_rate"": 1, ""inout_diff"": 0, ""aff_track"": """", ""country_id"": 59, ""balance"": 0, ""client_platform_id"": 82, ""is_can_trade"": true, ""currency_mask"": ""$%s"", ""active_id"": 1975, ""balance_id"": 497753323, ""requested_at"": 1788548405415, ""created_at"": 1788548405415, ""updated_at"": 1788548405488}}}"
2026-09-04 16:17:06,CERRADA,14231181019,JPM-OTC,turbo,call,19,CHOCH alcista,53.19,-25.0,"ESTRATEGIA: CHOCH alcista, CHOCH alcista confirmado: ruptura con cuerpo, EMA favorece compra, CHOCH con contexto confirmado, rechazo histórico: sin rechazo histórico dominante, presión: presión alcista reciente, patrón contexto: patrón alcista sin contexto suficiente, RSI: 53.19, price action profesional favorece CALL: impulso alcista fuerte: avance limpio, cierres altos y fuerza sostenida, micro contexto: impulso alcista, calidad A, memoria permite operación, ubicación válida, MERCADO: TENDENCIA_ALCISTA - tendencia alcista moderada por avance predominante, CALIDAD MERCADO: NORMAL score 73, TENDENCIA AVANZADA: ALCISTA_NORMAL fuerza 65.1, VALIDACIÓN MERCADO: CHOCH permitido a favor de tendencia con confirmación, ZONA SR: CALL permitido: señal fuerte cerca de resistencia, ACCION PRECIO: acción precio: CALL con resistencia cerca; decisión delegada a zonas, RUPTURA: sin ruptura confirmada de resistencia",PROBABILIDAD_HISTORICA_V3,OPERAR_CON_PROTOCOLO_SOMBRA,False,,True,True,CHOCH permitido a favor de tendencia con confirmación,5,5,0.404,1788553026.31472,1788553026.7187388,1,,,,,,"{""option-opened"": {""name"": ""option-opened"", ""microserviceName"": ""binary-options"", ""msg"": {""index"": 10346802927, ""option_id"": 14231181019, ""user_id"": 100593322, ""user_group_id"": 191, ""open_time"": 1788553025, ""open_time_millisecond"": 1788553025661, ""expiration_time"": 1788553080, ""amount"": 25, ""enrolled_amount"": 25, ""currency"": ""USD"", ""profit_amount"": 0, ""profit_percent"": 182, ""option_type"": ""turbo"", ""option_type_id"": 3, ""direction"": ""call"", ""value"": 378.1965, ""active"": ""JPM-OTC"", ""params"": null, ""platform_id"": 82, ""is_demo"": false, ""aff_id"": 0, ""balance_type_id"": 4, ""robot_id"": null, ""tournament_id"": null, ""bonus_rate"": 1, ""inout_diff"": 0, ""aff_track"": """", ""country_id"": 59, ""balance"": 0, ""client_platform_id"": 82, ""is_can_trade"": true, ""currency_mask"": ""$%s"", ""active_id"": 2102, ""balance_id"": 497753323, ""requested_at"": 1788553025660, ""created_at"": 1788553025661, ""updated_at"": 1788553025734}}, ""position-changed"": {""name"": ""position-changed"", ""microserviceName"": ""portfolio"", ""msg"": {""version"": 45535340506, ""id"": ""551f57c51223e251ddee4e023007f851"", ""user_id"": 100593322, ""user_balance_id"": 497753323, ""platform_id"": 82, ""external_id"": 14231181019, ""active_id"": 2102, ""instrument_id"": ""2102"", ""source"": ""binary-options"", ""instrument_type"": ""turbo-option"", ""status"": ""open"", ""open_time"": 1788553025661, ""open_quote"": 378.1965, ""invest"": 25, ""invest_enrolled"": 25, ""sell_profit"": 8.645, ""sell_profit_enrolled"": 8.645, ""expected_profit"": 45.5, ""expected_profit_enrolled"": 45.5, ""pnl"": -16.355, ""pnl_net"": -16.355, ""current_price"": 378.1995, ""quote_timestamp"": 1788553025472, ""swap"": 0, ""raw_event"": {""index"": 13838364963, ""option_id"": 14231181019, ""user_id"": 100593322, ""balance_id"": 497753323, ""option_type_id"": 3, ""option_type"": ""turbo"", ""active_id"": 2102, ""platform_id"": 82, ""profit_percent"": 182, ""user_balance_type"": 4, ""currency"": ""USD"", ""direction"": ""call"", ""result"": ""opened"", ""amount"": 25, ""enrolled_amount"": 25, ""profit_amount"": null, ""win_enrolled_amount"": null, ""value"": 378.1965, ""expiration_value"": null, ""open_time"": 1788553025, ""open_time_millisecond"": 1788553025661, ""expiration_time"": 1788553080, ""initial_expiration_count"": 1, ""actual_expire"": null, ""user_group_id"": 191, ""requested_at"": 1788553025660, ""created_at"": 1788553025661, ""updated_at"": 1788553025734}}}}"
2026-09-04 16:51:07,CERRADA,14231251950,EOSUSD-OTC,turbo,put,23,reacción vendedora en resistencia,58.16,20.5,"ESTRATEGIA: reacción vendedora en resistencia, PUT válido por price action profesional: rechazo vendedor confirmado: resistencia + cierre bajo + confirmación sin soporte inmediato | rechazo vendedor observado, sin estructura completa, precio reaccionando en resistencia, presión: presión vendedora por mechas superiores, RSI: 58.16, envolvente bajista, patrón contexto: patrón bajista válido en resistencia con contexto, calidad A+, memoria permite operación, advertencia mercado: PUT bloqueado contra tendencia alcista, enviada al cerebro único como evidencia, ubicación válida, MERCADO: TENDENCIA_ALCISTA - tendencia alcista confirmada por estructura, EMA e impulso, CALIDAD MERCADO: NORMAL score 66, TENDENCIA AVANZADA: ALCISTA_NORMAL fuerza 53.86, VALIDACIÓN MERCADO: PUT bloqueado contra tendencia alcista, ZONA SR: zona válida, ACCION PRECIO: acción precio: PUT con soporte cerca; decisión delegada a zonas, RUPTURA: sin ruptura confirmada de soporte",D6_6_CORE4_OOS,NO_OPERAR_SOMBRA,True,R1_INDEFINIDO_PREMIUM,True,False,PUT bloqueado contra tendencia alcista,5,5,0.465,1788555066.7935338,1788555067.258946,1,,,,,,"{""option-opened"": {""name"": ""option-opened"", ""microserviceName"": ""binary-options"", ""msg"": {""index"": 10346869780, ""option_id"": 14231251950, ""user_id"": 100593322, ""user_group_id"": 191, ""open_time"": 1788555066, ""open_time_millisecond"": 1788555066204, ""expiration_time"": 1788555120, ""amount"": 25, ""enrolled_amount"": 25, ""currency"": ""USD"", ""profit_amount"": 0, ""profit_percent"": 182, ""option_type"": ""turbo"", ""option_type_id"": 3, ""direction"": ""put"", ""value"": 0.043335, ""active"": ""EOSUSD-OTC"", ""params"": null, ""platform_id"": 82, ""is_demo"": false, ""aff_id"": 0, ""balance_type_id"": 4, ""robot_id"": null, ""tournament_id"": null, ""bonus_rate"": 1, ""inout_diff"": 0, ""aff_track"": """", ""country_id"": 59, ""balance"": 0, ""client_platform_id"": 82, ""is_can_trade"": true, ""currency_mask"": ""$%s"", ""active_id"": 2127, ""balance_id"": 497753323, ""requested_at"": 1788555066203, ""created_at"": 1788555066204, ""updated_at"": 1788555066277}}}"
2026-09-04 17:11:08,CERRADA,14231296765,NZDCHF-OTC,turbo,call,21,CHOCH alcista,57.62,21.75,"ESTRATEGIA: CHOCH alcista, CHOCH alcista confirmado: ruptura con cuerpo, EMA favorece compra, CHOCH con contexto confirmado, rechazo histórico: sin rechazo histórico dominante, presión: presión alcista reciente, patrón contexto: patrón alcista sin contexto suficiente, RSI: 57.62, CHOCH apoyado en soporte, price action profesional favorece CALL: impulso alcista fuerte: avance limpio, cierres altos y fuerza sostenida, micro contexto: impulso alcista, calidad A+, memoria permite operación, advertencia mercado: tendencia sucia: CHOCH débil bloqueado, enviada al cerebro único como evidencia, ubicación válida, MERCADO: TENDENCIA_ALCISTA - tendencia alcista moderada por avance predominante, CALIDAD MERCADO: NORMAL score 59, TENDENCIA AVANZADA: ALCISTA_NORMAL fuerza 63.4, VALIDACIÓN MERCADO: tendencia sucia: CHOCH débil bloqueado, ZONA SR: CALL permitido: señal fuerte cerca de resistencia, ACCION PRECIO: acción precio: CALL con resistencia cerca; decisión delegada a zonas, RUPTURA: sin ruptura confirmada de resistencia",PROBABILIDAD_HISTORICA_V3,OPERAR_CON_PROTOCOLO_SOMBRA,False,,True,False,tendencia sucia: CHOCH débil bloqueado,7,7,0.458,1788556268.2301452,1788556268.688313,1,,,,,,"{""option-opened"": {""name"": ""option-opened"", ""microserviceName"": ""binary-options"", ""msg"": {""index"": 10346911279, ""option_id"": 14231296765, ""user_id"": 100593322, ""user_group_id"": 191, ""open_time"": 1788556267, ""open_time_millisecond"": 1788556267646, ""expiration_time"": 1788556320, ""amount"": 25, ""enrolled_amount"": 25, ""currency"": ""USD"", ""profit_amount"": 0, ""profit_percent"": 187, ""option_type"": ""turbo"", ""option_type_id"": 3, ""direction"": ""call"", ""value"": 0.473515, ""active"": ""NZDCHF-OTC"", ""params"": null, ""platform_id"": 82, ""is_demo"": false, ""aff_id"": 0, ""balance_type_id"": 4, ""robot_id"": null, ""tournament_id"": null, ""bonus_rate"": 1, ""inout_diff"": 0, ""aff_track"": """", ""country_id"": 59, ""balance"": 0, ""client_platform_id"": 82, ""is_can_trade"": true, ""currency_mask"": ""$%s"", ""active_id"": 2202, ""balance_id"": 497753323, ""requested_at"": 1788556267645, ""created_at"": 1788556267646, ""updated_at"": 1788556267717}}}"
2026-09-04 19:06:07,CERRADA,14231577961,AUS200-OTC,turbo,call,18,reacción compradora en soporte,51.0,20.5,"ESTRATEGIA: reacción compradora en soporte, CALL válido por price action profesional: rechazo comprador confirmado: soporte + cierre alto + confirmación sin resistencia inmediata | impulso alcista medio: avance válido pero no dominante, precio reaccionando en soporte, presión: presión alcista reciente, RSI: 51.0, calidad C, memoria permite operación, ubicación válida, MERCADO: TENDENCIA_ALCISTA - tendencia alcista confirmada por estructura, EMA e impulso, CALIDAD MERCADO: NORMAL score 63, TENDENCIA AVANZADA: ALCISTA_NORMAL fuerza 63.46, VALIDACIÓN MERCADO: CALL permitido a favor de tendencia alcista, ZONA SR: CALL permitido: cerca de soporte, ACCION PRECIO: acción precio: CALL con resistencia cerca; decisión delegada a zonas, RUPTURA: sin ruptura confirmada de resistencia",D6_6_CORE4_OOS,NO_OPERAR_SOMBRA,True,R2_RECHAZO_COMPRADOR_CONFIRMADO,True,True,CALL permitido a favor de tendencia alcista,5,6,0.496,1788563166.7631564,1788563167.2588298,1,,,,,,"{""option-opened"": {""name"": ""option-opened"", ""microserviceName"": ""binary-options"", ""msg"": {""index"": 10347170339, ""option_id"": 14231577961, ""user_id"": 100593322, ""user_group_id"": 191, ""open_time"": 1788563166, ""open_time_millisecond"": 1788563166367, ""expiration_time"": 1788563220, ""amount"": 25, ""enrolled_amount"": 25, ""currency"": ""USD"", ""profit_amount"": 0, ""profit_percent"": 182, ""option_type"": ""turbo"", ""option_type_id"": 3, ""direction"": ""call"", ""value"": 9068.895785, ""active"": ""AUS200-OTC"", ""params"": null, ""platform_id"": 82, ""is_demo"": false, ""aff_id"": 0, ""balance_type_id"": 4, ""robot_id"": null, ""tournament_id"": null, ""bonus_rate"": 1, ""inout_diff"": 0, ""aff_track"": """", ""country_id"": 59, ""balance"": 0, ""client_platform_id"": 82, ""is_can_trade"": true, ""currency_mask"": ""$%s"", ""active_id"": 2048, ""balance_id"": 497753323, ""requested_at"": 1788563166366, ""created_at"": 1788563166367, ""updated_at"": 1788563166451}}}"
2026-09-04 19:09:07,CERRADA,14231585490,AUS200-OTC,turbo,call,22,CHOCH alcista,60.19,-25.0,"ESTRATEGIA: CHOCH alcista, CHOCH alcista confirmado: ruptura con cuerpo, EMA favorece compra, CHOCH con contexto confirmado, rechazo histórico: sin rechazo histórico dominante, presión: presión alcista reciente, patrón contexto: patrón alcista válido en soporte con contexto, RSI: 60.19, envolvente alcista, price action profesional favorece CALL: impulso alcista fuerte: avance limpio, cierres altos y fuerza sostenida, micro contexto: impulso alcista, calidad A+, memoria permite operación, ubicación válida, MERCADO: TENDENCIA_ALCISTA - tendencia alcista moderada por avance predominante, CALIDAD MERCADO: NORMAL score 59, TENDENCIA AVANZADA: ALCISTA_NORMAL fuerza 52.59, VALIDACIÓN MERCADO: CHOCH permitido a favor de tendencia con confirmación, ZONA SR: CALL permitido: señal fuerte cerca de resistencia, ACCION PRECIO: acción precio: CALL con resistencia cerca; decisión delegada a zonas, RUPTURA: sin ruptura confirmada de resistencia",PROBABILIDAD_HISTORICA_V3,OPERAR_CON_PROTOCOLO_SOMBRA,False,,True,True,CHOCH permitido a favor de tendencia con confirmación,5,6,0.629,1788563347.1668892,1788563347.795603,1,,,,,,"{""option-opened"": {""name"": ""option-opened"", ""microserviceName"": ""binary-options"", ""msg"": {""index"": 10347177275, ""option_id"": 14231585490, ""user_id"": 100593322, ""user_group_id"": 191, ""open_time"": 1788563346, ""open_time_millisecond"": 1788563346937, ""expiration_time"": 1788563400, ""amount"": 25, ""enrolled_amount"": 25, ""currency"": ""USD"", ""profit_amount"": 0, ""profit_percent"": 182, ""option_type"": ""turbo"", ""option_type_id"": 3, ""direction"": ""call"", ""value"": 9071.749485, ""active"": ""AUS200-OTC"", ""params"": null, ""platform_id"": 82, ""is_demo"": false, ""aff_id"": 0, ""balance_type_id"": 4, ""robot_id"": null, ""tournament_id"": null, ""bonus_rate"": 1, ""inout_diff"": 0, ""aff_track"": """", ""country_id"": 59, ""balance"": 0, ""client_platform_id"": 82, ""is_can_trade"": true, ""currency_mask"": ""$%s"", ""active_id"": 2048, ""balance_id"": 497753323, ""requested_at"": 1788563346936, ""created_at"": 1788563346937, ""updated_at"": 1788563347029}}, ""position-changed"": {""name"": ""position-changed"", ""microserviceName"": ""portfolio"", ""msg"": {""version"": 45536937517, ""id"": ""40665519c7a219aa2615b5f9cbfc03aa"", ""user_id"": 100593322, ""user_balance_id"": 497753323, ""platform_id"": 82, ""external_id"": 14231585490, ""active_id"": 2048, ""instrument_id"": ""2048"", ""source"": ""binary-options"", ""instrument_type"": ""turbo-option"", ""status"": ""open"", ""open_time"": 1788563346937, ""open_quote"": 9071.749485, ""invest"": 25, ""invest_enrolled"": 25, ""sell_profit"": 12.285, ""sell_profit_enrolled"": 12.285, ""expected_profit"": 25, ""expected_profit_enrolled"": 25, ""pnl"": -12.715, ""pnl_net"": -12.715, ""current_price"": 9071.749485, ""quote_timestamp"": 1788563347000, ""swap"": 0, ""raw_event"": {""index"": 13839145172, ""option_id"": 14231585490, ""user_id"": 100593322, ""balance_id"": 497753323, ""option_type_id"": 3, ""option_type"": ""turbo"", ""active_id"": 2048, ""platform_id"": 82, ""profit_percent"": 182, ""user_balance_type"": 4, ""currency"": ""USD"", ""direction"": ""call"", ""result"": ""opened"", ""amount"": 25, ""enrolled_amount"": 25, ""profit_amount"": null, ""win_enrolled_amount"": null, ""value"": 9071.749485, ""expiration_value"": null, ""open_time"": 1788563346, ""open_time_millisecond"": 1788563346937, ""expiration_time"": 1788563400, ""initial_expiration_count"": 1, ""actual_expire"": null, ""user_group_id"": 191, ""requested_at"": 1788563346936, ""created_at"": 1788563346937, ""updated_at"": 1788563347029}}}}"
2026-09-04 19:12:07,CERRADA,14231592977,SNAP-OTC,turbo,put,11,continuación bajista con tendencia,44.66,20.5,"ESTRATEGIA: continuación bajista con tendencia, tendencia bajista, estructura bajista, EMA favorece venta, micro tendencia bajista, presión: presión bajista reciente, RSI: 44.66, calidad B, memoria permite operación, advertencia zona SR: PUT bloqueado: soporte cerca sin ruptura confirmada, enviada al cerebro único como evidencia, ubicación válida, MERCADO: TENDENCIA_BAJISTA - tendencia bajista confirmada por estructura, EMA e impulso, CALIDAD MERCADO: NORMAL score 65, TENDENCIA AVANZADA: BAJISTA_NORMAL fuerza 61.73, VALIDACIÓN MERCADO: PUT permitido a favor de tendencia bajista, ZONA SR: PUT bloqueado: soporte cerca sin ruptura confirmada, ACCION PRECIO: acción precio: PUT con soporte cerca; decisión delegada a zonas, RUPTURA: sin ruptura confirmada de soporte",D6_6_CORE4_OOS,NO_OPERAR_SOMBRA,True,R6_CONT_BAJISTA_IMPULSO_FUERTE,True,True,PUT permitido a favor de tendencia bajista,5,6,0.531,1788563527.325641,1788563527.8563423,1,,,,,,"{""option-opened"": {""name"": ""option-opened"", ""microserviceName"": ""binary-options"", ""msg"": {""index"": 10347184172, ""option_id"": 14231592977, ""user_id"": 100593322, ""user_group_id"": 191, ""open_time"": 1788563526, ""open_time_millisecond"": 1788563526995, ""expiration_time"": 1788563580, ""amount"": 25, ""enrolled_amount"": 25, ""currency"": ""USD"", ""profit_amount"": 0, ""profit_percent"": 182, ""option_type"": ""turbo"", ""option_type_id"": 3, ""direction"": ""put"", ""value"": 0.1725, ""active"": ""SNAP-OTC"", ""params"": null, ""platform_id"": 82, ""is_demo"": false, ""aff_id"": 0, ""balance_type_id"": 4, ""robot_id"": null, ""tournament_id"": null, ""bonus_rate"": 1, ""inout_diff"": 0, ""aff_track"": """", ""country_id"": 59, ""balance"": 0, ""client_platform_id"": 82, ""is_can_trade"": true, ""currency_mask"": ""$%s"", ""active_id"": 2125, ""balance_id"": 497753323, ""requested_at"": 1788563526994, ""created_at"": 1788563526994, ""updated_at"": 1788563527087}}, ""position-changed"": {""name"": ""position-changed"", ""microserviceName"": ""portfolio"", ""msg"": {""version"": 45536961704, ""id"": ""5b84edfae7a01ba82417b7fbc9fe01a8"", ""user_id"": 100593322, ""user_balance_id"": 497753323, ""platform_id"": 82, ""external_id"": 14231592977, ""active_id"": 2125, ""instrument_id"": ""2125"", ""source"": ""binary-options"", ""instrument_type"": ""turbo-option"", ""status"": ""open"", ""open_time"": 1788563526995, ""open_quote"": 0.1725, ""invest"": 25, ""invest_enrolled"": 25, ""sell_profit"": 10.92, ""sell_profit_enrolled"": 10.92, ""expected_profit"": 25, ""expected_profit_enrolled"": 25, ""pnl"": -14.08, ""pnl_net"": -14.08, ""current_price"": 0.1725, ""quote_timestamp"": 1788563526589, ""swap"": 0, ""raw_event"": {""index"": 13839159477, ""option_id"": 14231592977, ""user_id"": 100593322, ""balance_id"": 497753323, ""option_type_id"": 3, ""option_type"": ""turbo"", ""active_id"": 2125, ""platform_id"": 82, ""profit_percent"": 182, ""user_balance_type"": 4, ""currency"": ""USD"", ""direction"": ""put"", ""result"": ""opened"", ""amount"": 25, ""enrolled_amount"": 25, ""profit_amount"": null, ""win_enrolled_amount"": null, ""value"": 0.1725, ""expiration_value"": null, ""open_time"": 1788563526, ""open_time_millisecond"": 1788563526995, ""expiration_time"": 1788563580, ""initial_expiration_count"": 1, ""actual_expire"": null, ""user_group_id"": 191, ""requested_at"": 1788563526994, ""created_at"": 1788563526994, ""updated_at"": 1788563527087}}}}"
2026-09-04 19:22:07,CERRADA,14231617953,ETHUSD-OTC,turbo,call,21,CHOCH alcista,61.14,20.5,"ESTRATEGIA: CHOCH alcista, CHOCH alcista confirmado: ruptura con cuerpo, EMA favorece compra, CHOCH con contexto confirmado, rechazo histórico: sin rechazo histórico dominante, presión: presión alcista reciente, patrón contexto: patrón alcista sin contexto suficiente, RSI: 61.14, CHOCH apoyado en soporte, price action profesional favorece CALL: impulso alcista fuerte: avance limpio, cierres altos y fuerza sostenida, micro contexto: impulso alcista, calidad A+, memoria permite operación, ubicación válida, MERCADO: TENDENCIA_ALCISTA - tendencia alcista confirmada por estructura, EMA e impulso, CALIDAD MERCADO: NORMAL score 62, TENDENCIA AVANZADA: ALCISTA_FUERTE fuerza 76.35, VALIDACIÓN MERCADO: CHOCH permitido a favor de tendencia con confirmación, ZONA SR: CALL permitido: señal fuerte cerca de resistencia, ACCION PRECIO: acción precio: CALL con resistencia cerca; decisión delegada a zonas, RUPTURA: sin ruptura confirmada de resistencia",PROBABILIDAD_HISTORICA_V3,OPERAR_CON_PROTOCOLO_SOMBRA,False,,True,True,CHOCH permitido a favor de tendencia con confirmación,5,6,0.428,1788564126.9033432,1788564127.3308463,1,,,,,,"{""option-opened"": {""name"": ""option-opened"", ""microserviceName"": ""binary-options"", ""msg"": {""index"": 10347207103, ""option_id"": 14231617953, ""user_id"": 100593322, ""user_group_id"": 191, ""open_time"": 1788564126, ""open_time_millisecond"": 1788564126532, ""expiration_time"": 1788564180, ""amount"": 25, ""enrolled_amount"": 25, ""currency"": ""USD"", ""profit_amount"": 0, ""profit_percent"": 182, ""option_type"": ""turbo"", ""option_type_id"": 3, ""direction"": ""call"", ""value"": 2393.6115, ""active"": ""ETHUSD-OTC"", ""params"": null, ""platform_id"": 82, ""is_demo"": false, ""aff_id"": 0, ""balance_type_id"": 4, ""robot_id"": null, ""tournament_id"": null, ""bonus_rate"": 1, ""inout_diff"": 0, ""aff_track"": """", ""country_id"": 59, ""balance"": 0, ""client_platform_id"": 82, ""is_can_trade"": true, ""currency_mask"": ""$%s"", ""active_id"": 1941, ""balance_id"": 497753323, ""requested_at"": 1788564126531, ""created_at"": 1788564126532, ""updated_at"": 1788564126608}}}"
2026-09-04 19:35:08,CERRADA,14231650065,USDINR-OTC,turbo,put,20,pullback bajista a EMA,56.82,20.5,"ESTRATEGIA: pullback bajista a EMA, pullback bajista válido, EMA favorece venta, presión: presión vendedora por mechas superiores, RSI: 56.82, rechazo vendedor por recuperación fallida, pin bar bajista, patrón contexto: patrón bajista válido en resistencia con contexto, calidad A+, memoria permite operación, advertencia acción precio: acción precio: lectura avanzada contradice PUT, enviada al cerebro único como evidencia, ubicación válida, MERCADO: TENDENCIA_BAJISTA - tendencia bajista moderada por avance predominante, CALIDAD MERCADO: NORMAL score 66, TENDENCIA AVANZADA: BAJISTA_NORMAL fuerza 57.76, VALIDACIÓN MERCADO: tendencia sucia: pullback bajista permitido con puntaje alto, ZONA SR: PUT permitido: señal fuerte cerca de soporte, ACCION PRECIO: acción precio: lectura avanzada contradice PUT, RUPTURA: sin ruptura confirmada de soporte",D6_6_CORE4_OOS,NO_OPERAR_SOMBRA,True,R4_PULLBACK_BAJISTA_PREMIUM,True,True,tendencia sucia: pullback bajista permitido con puntaje alto,5,6,0.767,1788564907.5385146,1788564908.3053176,1,,,,,,"{""option-opened"": {""name"": ""option-opened"", ""microserviceName"": ""binary-options"", ""msg"": {""index"": 10347237083, ""option_id"": 14231650065, ""user_id"": 100593322, ""user_group_id"": 191, ""open_time"": 1788564907, ""open_time_millisecond"": 1788564907318, ""expiration_time"": 1788564960, ""amount"": 25, ""enrolled_amount"": 25, ""currency"": ""USD"", ""profit_amount"": 0, ""profit_percent"": 182, ""option_type"": ""turbo"", ""option_type_id"": 3, ""direction"": ""put"", ""value"": 95.0225, ""active"": ""USDINR-OTC"", ""params"": null, ""platform_id"": 82, ""is_demo"": false, ""aff_id"": 0, ""balance_type_id"": 4, ""robot_id"": null, ""tournament_id"": null, ""bonus_rate"": 1, ""inout_diff"": 0, ""aff_track"": """", ""country_id"": 59, ""balance"": 0, ""client_platform_id"": 82, ""is_can_trade"": true, ""currency_mask"": ""$%s"", ""active_id"": 1383, ""balance_id"": 497753323, ""requested_at"": 1788564907317, ""created_at"": 1788564907317, ""updated_at"": 1788564907387}}, ""position-changed"": {""name"": ""position-changed"", ""microserviceName"": ""portfolio"", ""msg"": {""version"": 45537160565, ""id"": ""2bc86c99849c2695192a8ac6f4c33c95"", ""user_id"": 100593322, ""user_balance_id"": 497753323, ""platform_id"": 82, ""external_id"": 14231650065, ""active_id"": 1383, ""instrument_id"": ""1383"", ""source"": ""binary-options"", ""instrument_type"": ""turbo-option"", ""status"": ""open"", ""open_time"": 1788564907318, ""open_quote"": 95.0225, ""invest"": 25, ""invest_enrolled"": 25, ""sell_profit"": 5.915, ""sell_profit_enrolled"": 5.915, ""expected_profit"": 0, ""expected_profit_enrolled"": 0, ""pnl"": -19.085, ""pnl_net"": -19.085, ""current_price"": 95.0245, ""quote_timestamp"": 1788564907020, ""swap"": 0, ""raw_event"": {""index"": 13839269906, ""option_id"": 14231650065, ""user_id"": 100593322, ""balance_id"": 497753323, ""option_type_id"": 3, ""option_type"": ""turbo"", ""active_id"": 1383, ""platform_id"": 82, ""profit_percent"": 182, ""user_balance_type"": 4, ""currency"": ""USD"", ""direction"": ""put"", ""result"": ""opened"", ""amount"": 25, ""enrolled_amount"": 25, ""profit_amount"": null, ""win_enrolled_amount"": null, ""value"": 95.0225, ""expiration_value"": null, ""open_time"": 1788564907, ""open_time_millisecond"": 1788564907318, ""expiration_time"": 1788564960, ""initial_expiration_count"": 1, ""actual_expire"": null, ""user_group_id"": 191, ""requested_at"": 1788564907317, ""created_at"": 1788564907317, ""updated_at"": 1788564907387}}}}"
2026-09-04 19:52:09,CERRADA,14231692404,USDVND-OTC,turbo,call,19,CHOCH alcista,61.07,-25.0,"ESTRATEGIA: CHOCH alcista, CHOCH alcista confirmado: ruptura con cuerpo, EMA favorece compra, CHOCH con contexto confirmado, rechazo histórico: sin rechazo histórico dominante, presión: presión alcista reciente, patrón contexto: patrón alcista sin contexto suficiente, RSI: 61.07, price action profesional favorece CALL: impulso alcista fuerte: avance limpio, cierres altos y fuerza sostenida, micro contexto: impulso alcista, calidad A, memoria permite operación, advertencia mercado: tendencia sucia: CHOCH débil bloqueado, enviada al cerebro único como evidencia, ubicación válida, MERCADO: TENDENCIA_ALCISTA - tendencia alcista moderada por avance predominante, CALIDAD MERCADO: NORMAL score 61, TENDENCIA AVANZADA: ALCISTA_NORMAL fuerza 52.78, VALIDACIÓN MERCADO: tendencia sucia: CHOCH débil bloqueado, ZONA SR: CALL permitido: señal fuerte cerca de resistencia, ACCION PRECIO: acción precio: CALL con resistencia cerca; decisión delegada a zonas, RUPTURA: sin ruptura confirmada de resistencia",PROBABILIDAD_HISTORICA_V3,OPERAR_CON_PROTOCOLO_SOMBRA,False,,True,False,tendencia sucia: CHOCH débil bloqueado,7,9,0.474,1788565929.4040604,1788565929.8781626,1,,,,,,"{""option-opened"": {""name"": ""option-opened"", ""microserviceName"": ""binary-options"", ""msg"": {""index"": 10347276142, ""option_id"": 14231692404, ""user_id"": 100593322, ""user_group_id"": 191, ""open_time"": 1788565929, ""open_time_millisecond"": 1788565929037, ""expiration_time"": 1788565980, ""amount"": 25, ""enrolled_amount"": 25, ""currency"": ""USD"", ""profit_amount"": 0, ""profit_percent"": 182, ""option_type"": ""turbo"", ""option_type_id"": 3, ""direction"": ""call"", ""value"": 26084.96025, ""active"": ""USDVND-OTC"", ""params"": null, ""platform_id"": 82, ""is_demo"": false, ""aff_id"": 0, ""balance_type_id"": 4, ""robot_id"": null, ""tournament_id"": null, ""bonus_rate"": 1, ""inout_diff"": 0, ""aff_track"": """", ""country_id"": 59, ""balance"": 0, ""client_platform_id"": 82, ""is_can_trade"": true, ""currency_mask"": ""$%s"", ""active_id"": 2434, ""balance_id"": 497753323, ""requested_at"": 1788565929036, ""created_at"": 1788565929038, ""updated_at"": 1788565929112}}}"
2026-09-04 20:16:09,CERRADA,14231746385,EURUSD-OTC,turbo,call,19,CHOCH alcista,54.55,20.5,"ESTRATEGIA: CHOCH alcista, CHOCH alcista confirmado: ruptura con cuerpo, EMA favorece compra, CHOCH con contexto confirmado, rechazo histórico: sin rechazo histórico dominante, presión: presión alcista reciente, patrón contexto: patrón alcista sin contexto suficiente, RSI: 54.55, price action profesional favorece CALL: impulso alcista fuerte: avance limpio, cierres altos y fuerza sostenida, micro contexto: impulso alcista, calidad A, memoria permite operación, ubicación válida, MERCADO: TENDENCIA_ALCISTA - tendencia alcista moderada por avance predominante, CALIDAD MERCADO: NORMAL score 57, TENDENCIA AVANZADA: ALCISTA_FUERTE fuerza 72.33, VALIDACIÓN MERCADO: CHOCH permitido a favor de tendencia con confirmación, ZONA SR: CALL permitido: señal fuerte cerca de resistencia, ACCION PRECIO: acción precio: CALL con resistencia cerca; decisión delegada a zonas, RUPTURA: sin ruptura confirmada de resistencia",PROBABILIDAD_HISTORICA_V3,OPERAR_CON_PROTOCOLO_SOMBRA,False,,True,True,CHOCH permitido a favor de tendencia con confirmación,7,8,0.598,1788567368.6512237,1788567369.2490866,1,,,,,,"{""option-opened"": {""name"": ""option-opened"", ""microserviceName"": ""binary-options"", ""msg"": {""index"": 10347325134, ""option_id"": 14231746385, ""user_id"": 100593322, ""user_group_id"": 191, ""open_time"": 1788567368, ""open_time_millisecond"": 1788567368310, ""expiration_time"": 1788567420, ""amount"": 25, ""enrolled_amount"": 25, ""currency"": ""USD"", ""profit_amount"": 0, ""profit_percent"": 182, ""option_type"": ""turbo"", ""option_type_id"": 3, ""direction"": ""call"", ""value"": 1.175295, ""active"": ""EURUSD-OTC"", ""params"": null, ""platform_id"": 82, ""is_demo"": false, ""aff_id"": 0, ""balance_type_id"": 4, ""robot_id"": null, ""tournament_id"": null, ""bonus_rate"": 1, ""inout_diff"": 0, ""aff_track"": """", ""country_id"": 59, ""balance"": 0, ""client_platform_id"": 82, ""is_can_trade"": true, ""currency_mask"": ""$%s"", ""active_id"": 76, ""balance_id"": 497753323, ""requested_at"": 1788567368309, ""created_at"": 1788567368310, ""updated_at"": 1788567368386}}}"
2026-09-04 20:31:09,CERRADA,14231782800,USDZAR-OTC,turbo,call,18,reacción compradora en soporte,56.0,20.5,"ESTRATEGIA: reacción compradora en soporte, CALL válido: presión compradora en soporte, precio reaccionando en soporte, presión: presión alcista reciente, RSI: 56.0, calidad A+, memoria permite operación, ubicación válida, MERCADO: TENDENCIA_ALCISTA - tendencia alcista confirmada por estructura, EMA e impulso, CALIDAD MERCADO: NORMAL score 72, TENDENCIA AVANZADA: ALCISTA_NORMAL fuerza 68.37, VALIDACIÓN MERCADO: CALL permitido a favor de tendencia alcista, ZONA SR: zona válida, ACCION PRECIO: acción precio: CALL sin conflicto fuerte de zona, RUPTURA: sin ruptura confirmada de resistencia",D7_5_REACCION_ZONA_ALCISTA,NO_OPERAR_SOMBRA,False,,True,True,CALL permitido a favor de tendencia alcista,7,8,0.542,1788568268.662215,1788568269.2040846,1,,,,,,"{""option-opened"": {""name"": ""option-opened"", ""microserviceName"": ""binary-options"", ""msg"": {""index"": 10347358950, ""option_id"": 14231782800, ""user_id"": 100593322, ""user_group_id"": 191, ""open_time"": 1788568268, ""open_time_millisecond"": 1788568268330, ""expiration_time"": 1788568320, ""amount"": 25, ""enrolled_amount"": 25, ""currency"": ""USD"", ""profit_amount"": 0, ""profit_percent"": 182, ""option_type"": ""turbo"", ""option_type_id"": 3, ""direction"": ""call"", ""value"": 16.111365, ""active"": ""USDZAR-OTC"", ""params"": null, ""platform_id"": 82, ""is_demo"": false, ""aff_id"": 0, ""balance_type_id"": 4, ""robot_id"": null, ""tournament_id"": null, ""bonus_rate"": 1, ""inout_diff"": 0, ""aff_track"": """", ""country_id"": 59, ""balance"": 0, ""client_platform_id"": 82, ""is_can_trade"": true, ""currency_mask"": ""$%s"", ""active_id"": 1380, ""balance_id"": 497753323, ""requested_at"": 1788568268329, ""created_at"": 1788568268330, ""updated_at"": 1788568268398}}}"
2026-09-04 20:41:08,CERRADA,14231808038,USDPHP-OTC,turbo,call,23,reacción compradora en soporte,50.27,20.5,"ESTRATEGIA: reacción compradora en soporte, CALL válido por price action profesional: rechazo comprador confirmado: soporte + cierre alto + confirmación sin resistencia inmediata | impulso alcista medio: avance válido pero no dominante, precio reaccionando en soporte, presión: presión neutral, RSI: 50.27, envolvente alcista, patrón contexto: patrón alcista válido en soporte con contexto, calidad A+, memoria permite operación, advertencia mercado: rango sucio: señal bloqueada, enviada al cerebro único como evidencia, ubicación válida, MERCADO: RANGO - precio lateral o sin avance direccional fuerte, CALIDAD MERCADO: NORMAL score 58, TENDENCIA AVANZADA: BAJISTA_DEBIL fuerza 38.1, VALIDACIÓN MERCADO: rango sucio: señal bloqueada, ZONA SR: CALL permitido: cerca de soporte, ACCION PRECIO: acción precio: CALL con resistencia cerca; decisión delegada a zonas, RUPTURA: sin ruptura confirmada de resistencia",D6_6_CORE4_OOS,NO_OPERAR_SOMBRA,True,R1_INDEFINIDO_PREMIUM|R2_RECHAZO_COMPRADOR_CONFIRMADO,True,False,rango sucio: señal bloqueada,7,7,0.526,1788568868.237785,1788568868.764169,1,,,,,,"{""option-opened"": {""name"": ""option-opened"", ""microserviceName"": ""binary-options"", ""msg"": {""index"": 10347381956, ""option_id"": 14231808038, ""user_id"": 100593322, ""user_group_id"": 191, ""open_time"": 1788568867, ""open_time_millisecond"": 1788568867916, ""expiration_time"": 1788568920, ""amount"": 25, ""enrolled_amount"": 25, ""currency"": ""USD"", ""profit_amount"": 0, ""profit_percent"": 182, ""option_type"": ""turbo"", ""option_type_id"": 3, ""direction"": ""call"", ""value"": 62.21325, ""active"": ""USDPHP-OTC"", ""params"": null, ""platform_id"": 82, ""is_demo"": false, ""aff_id"": 0, ""balance_type_id"": 4, ""robot_id"": null, ""tournament_id"": null, ""bonus_rate"": 1, ""inout_diff"": 0, ""aff_track"": """", ""country_id"": 59, ""balance"": 0, ""client_platform_id"": 82, ""is_can_trade"": true, ""currency_mask"": ""$%s"", ""active_id"": 2436, ""balance_id"": 497753323, ""requested_at"": 1788568867915, ""created_at"": 1788568867916, ""updated_at"": 1788568867991}}, ""position-changed"": {""name"": ""position-changed"", ""microserviceName"": ""portfolio"", ""msg"": {""version"": 45537695593, ""id"": ""16edc24369e651e26e5dfdb183b44be2"", ""user_id"": 100593322, ""user_balance_id"": 497753323, ""platform_id"": 82, ""external_id"": 14231808038, ""active_id"": 2436, ""instrument_id"": ""2436"", ""source"": ""binary-options"", ""instrument_type"": ""turbo-option"", ""status"": ""open"", ""open_time"": 1788568867916, ""open_quote"": 62.21325, ""invest"": 25, ""invest_enrolled"": 25, ""sell_profit"": 12.285, ""sell_profit_enrolled"": 12.285, ""expected_profit"": 25, ""expected_profit_enrolled"": 25, ""pnl"": -12.715, ""pnl_net"": -12.715, ""current_price"": 62.21325, ""quote_timestamp"": 1788568867786, ""swap"": 0, ""raw_event"": {""index"": 13839572184, ""option_id"": 14231808038, ""user_id"": 100593322, ""balance_id"": 497753323, ""option_type_id"": 3, ""option_type"": ""turbo"", ""active_id"": 2436, ""platform_id"": 82, ""profit_percent"": 182, ""user_balance_type"": 4, ""currency"": ""USD"", ""direction"": ""call"", ""result"": ""opened"", ""amount"": 25, ""enrolled_amount"": 25, ""profit_amount"": null, ""win_enrolled_amount"": null, ""value"": 62.21325, ""expiration_value"": null, ""open_time"": 1788568867, ""open_time_millisecond"": 1788568867916, ""expiration_time"": 1788568920, ""initial_expiration_count"": 1, ""actual_expire"": null, ""user_group_id"": 191, ""requested_at"": 1788568867915, ""created_at"": 1788568867916, ""updated_at"": 1788568867991}}}}"
2026-09-04 20:48:09,CERRADA,14231824648,EURTHB-OTC,turbo,call,23,reacción compradora en soporte,55.53,-25.0,"ESTRATEGIA: reacción compradora en soporte, CALL válido: rechazo comprador fuerte en soporte, precio reaccionando en soporte, presión: presión alcista reciente, RSI: 55.53, envolvente alcista, patrón contexto: patrón alcista válido en soporte con contexto, calidad A+, memoria permite operación, ubicación válida, MERCADO: TENDENCIA_ALCISTA - tendencia alcista confirmada por estructura, EMA e impulso, CALIDAD MERCADO: NORMAL score 69, TENDENCIA AVANZADA: ALCISTA_NORMAL fuerza 68.53, VALIDACIÓN MERCADO: CALL permitido a favor de tendencia alcista, ZONA SR: zona válida, ACCION PRECIO: acción precio: CALL sin conflicto fuerte de zona, RUPTURA: sin ruptura confirmada de resistencia",D7_5_REACCION_ZONA_ALCISTA,NO_OPERAR_SOMBRA,False,,True,True,CALL permitido a favor de tendencia alcista,8,8,0.562,1788569289.3426886,1788569289.9045038,1,,,,,,"{""option-opened"": {""name"": ""option-opened"", ""microserviceName"": ""binary-options"", ""msg"": {""index"": 10347397198, ""option_id"": 14231824648, ""user_id"": 100593322, ""user_group_id"": 191, ""open_time"": 1788569289, ""open_time_millisecond"": 1788569289036, ""expiration_time"": 1788569340, ""amount"": 25, ""enrolled_amount"": 25, ""currency"": ""USD"", ""profit_amount"": 0, ""profit_percent"": 182, ""option_type"": ""turbo"", ""option_type_id"": 3, ""direction"": ""call"", ""value"": 38.070955, ""active"": ""EURTHB-OTC"", ""params"": null, ""platform_id"": 82, ""is_demo"": false, ""aff_id"": 0, ""balance_type_id"": 4, ""robot_id"": null, ""tournament_id"": null, ""bonus_rate"": 1, ""inout_diff"": 0, ""aff_track"": """", ""country_id"": 59, ""balance"": 0, ""client_platform_id"": 82, ""is_can_trade"": true, ""currency_mask"": ""$%s"", ""active_id"": 2181, ""balance_id"": 497753323, ""requested_at"": 1788569289035, ""created_at"": 1788569289036, ""updated_at"": 1788569289109}}, ""position-changed"": {""name"": ""position-changed"", ""microserviceName"": ""portfolio"", ""msg"": {""version"": 45537750780, ""id"": ""0d80528c8846f142cefd5d112314eb42"", ""user_id"": 100593322, ""user_balance_id"": 497753323, ""platform_id"": 82, ""external_id"": 14231824648, ""active_id"": 2181, ""instrument_id"": ""2181"", ""source"": ""binary-options"", ""instrument_type"": ""turbo-option"", ""status"": ""open"", ""open_time"": 1788569289036, ""open_quote"": 38.070955, ""invest"": 25, ""invest_enrolled"": 25, ""sell_profit"": 9.1, ""sell_profit_enrolled"": 9.1, ""expected_profit"": 25, ""expected_profit_enrolled"": 25, ""pnl"": -15.9, ""pnl_net"": -15.9, ""current_price"": 38.070955, ""quote_timestamp"": 1788569288814, ""swap"": 0, ""raw_event"": {""index"": 13839604297, ""option_id"": 14231824648, ""user_id"": 100593322, ""balance_id"": 497753323, ""option_type_id"": 3, ""option_type"": ""turbo"", ""active_id"": 2181, ""platform_id"": 82, ""profit_percent"": 182, ""user_balance_type"": 4, ""currency"": ""USD"", ""direction"": ""call"", ""result"": ""opened"", ""amount"": 25, ""enrolled_amount"": 25, ""profit_amount"": null, ""win_enrolled_amount"": null, ""value"": 38.070955, ""expiration_value"": null, ""open_time"": 1788569289, ""open_time_millisecond"": 1788569289036, ""expiration_time"": 1788569340, ""initial_expiration_count"": 1, ""actual_expire"": null, ""user_group_id"": 191, ""requested_at"": 1788569289035, ""created_at"": 1788569289036, ""updated_at"": 1788569289109}}}}"
2026-09-04 20:50:10,CERRADA,14231829919,CHFNOK-OTC,turbo,call,21,CHOCH alcista,60.9,-25.0,"ESTRATEGIA: CHOCH alcista, CHOCH alcista confirmado: ruptura con cuerpo, EMA favorece compra, CHOCH con contexto confirmado, rechazo histórico: sin rechazo histórico dominante, presión: presión alcista reciente, patrón contexto: patrón alcista sin contexto suficiente, RSI: 60.9, CHOCH apoyado en soporte, price action profesional favorece CALL: impulso alcista fuerte: avance limpio, cierres altos y fuerza sostenida, micro contexto: impulso alcista, calidad A+, memoria permite operación, ubicación válida, MERCADO: TENDENCIA_ALCISTA - tendencia alcista confirmada por estructura, EMA e impulso, CALIDAD MERCADO: NORMAL score 70, TENDENCIA AVANZADA: ALCISTA_NORMAL fuerza 62.08, VALIDACIÓN MERCADO: CHOCH permitido a favor de tendencia con confirmación, ZONA SR: CALL permitido: señal fuerte cerca de resistencia, ACCION PRECIO: acción precio: CALL con resistencia cerca; decisión delegada a zonas, RUPTURA: sin ruptura confirmada de resistencia",PROBABILIDAD_HISTORICA_V3,OPERAR_CON_PROTOCOLO_SOMBRA,False,,True,True,CHOCH permitido a favor de tendencia con confirmación,7,8,0.621,1788569409.4003038,1788569410.0212882,1,,,,,,"{""option-opened"": {""name"": ""option-opened"", ""microserviceName"": ""binary-options"", ""msg"": {""index"": 10347402069, ""option_id"": 14231829919, ""user_id"": 100593322, ""user_group_id"": 191, ""open_time"": 1788569409, ""open_time_millisecond"": 1788569409120, ""expiration_time"": 1788569460, ""amount"": 25, ""enrolled_amount"": 25, ""currency"": ""USD"", ""profit_amount"": 0, ""profit_percent"": 187, ""option_type"": ""turbo"", ""option_type_id"": 3, ""direction"": ""call"", ""value"": 11.765085, ""active"": ""CHFNOK-OTC"", ""params"": null, ""platform_id"": 82, ""is_demo"": false, ""aff_id"": 0, ""balance_type_id"": 4, ""robot_id"": null, ""tournament_id"": null, ""bonus_rate"": 1, ""inout_diff"": 0, ""aff_track"": """", ""country_id"": 59, ""balance"": 0, ""client_platform_id"": 82, ""is_can_trade"": true, ""currency_mask"": ""$%s"", ""active_id"": 2200, ""balance_id"": 497753323, ""requested_at"": 1788569409119, ""created_at"": 1788569409120, ""updated_at"": 1788569409195}}}"
2026-09-04 20:51:08,CERRADA,14231832225,USDSGD-OTC,turbo,put,11,continuación bajista con tendencia,39.92,20.5,"ESTRATEGIA: continuación bajista con tendencia, tendencia bajista, estructura bajista, EMA favorece venta, micro tendencia bajista, presión: presión bajista reciente, RSI: 39.92, calidad B, memoria permite operación, advertencia zona SR: PUT bloqueado: soporte cerca sin ruptura confirmada, enviada al cerebro único como evidencia, ubicación válida, MERCADO: TENDENCIA_BAJISTA - tendencia bajista confirmada por estructura, EMA e impulso, CALIDAD MERCADO: NORMAL score 55, TENDENCIA AVANZADA: BAJISTA_FUERTE fuerza 72.22, VALIDACIÓN MERCADO: PUT permitido a favor de tendencia bajista, ZONA SR: PUT bloqueado: soporte cerca sin ruptura confirmada, ACCION PRECIO: acción precio: PUT con soporte cerca; decisión delegada a zonas, RUPTURA: sin ruptura confirmada de soporte",D6_6_CORE4_OOS,NO_OPERAR_SOMBRA,True,R6_CONT_BAJISTA_IMPULSO_FUERTE,True,True,PUT permitido a favor de tendencia bajista,6,7,0.528,1788569467.9123907,1788569468.440693,1,,,,,,"{""option-opened"": {""name"": ""option-opened"", ""microserviceName"": ""binary-options"", ""msg"": {""index"": 10347404270, ""option_id"": 14231832225, ""user_id"": 100593322, ""user_group_id"": 191, ""open_time"": 1788569467, ""open_time_millisecond"": 1788569467600, ""expiration_time"": 1788569520, ""amount"": 25, ""enrolled_amount"": 25, ""currency"": ""USD"", ""profit_amount"": 0, ""profit_percent"": 182, ""option_type"": ""turbo"", ""option_type_id"": 3, ""direction"": ""put"", ""value"": 1.223525, ""active"": ""USDSGD-OTC"", ""params"": null, ""platform_id"": 82, ""is_demo"": false, ""aff_id"": 0, ""balance_type_id"": 4, ""robot_id"": null, ""tournament_id"": null, ""bonus_rate"": 1, ""inout_diff"": 0, ""aff_track"": """", ""country_id"": 59, ""balance"": 0, ""client_platform_id"": 82, ""is_can_trade"": true, ""currency_mask"": ""$%s"", ""active_id"": 1381, ""balance_id"": 497753323, ""requested_at"": 1788569467599, ""created_at"": 1788569467600, ""updated_at"": 1788569467671}}}"
2026-09-04 21:13:08,CERRADA,14231886053,GOOGLE-OTC,turbo,put,18,pullback bajista a EMA,45.53,-25.0,"ESTRATEGIA: pullback bajista a EMA, pullback bajista válido, EMA favorece venta, presión: presión alcista reciente, RSI: 45.53, rechazo vendedor por recuperación fallida, pin bar bajista, calidad A+, memoria permite operación, advertencia mercado: pullback bajista requiere tendencia bajista fuerte o puntaje alto, enviada al cerebro único como evidencia, ubicación válida, MERCADO: TENDENCIA_BAJISTA - tendencia bajista confirmada por estructura, EMA e impulso, CALIDAD MERCADO: NORMAL score 67, TENDENCIA AVANZADA: BAJISTA_NORMAL fuerza 63.82, VALIDACIÓN MERCADO: pullback bajista requiere tendencia bajista fuerte o puntaje alto, ZONA SR: PUT permitido: señal fuerte cerca de soporte, ACCION PRECIO: acción precio: rechazo vendedor en resistencia, RUPTURA: sin ruptura confirmada de soporte",D6_6_CORE4_OOS,NO_OPERAR_SOMBRA,True,R4_PULLBACK_BAJISTA_PREMIUM,True,False,pullback bajista requiere tendencia bajista fuerte o puntaje alto,7,7,0.568,1788570788.2126102,1788570788.780986,1,,,,,,"{""option-opened"": {""name"": ""option-opened"", ""microserviceName"": ""binary-options"", ""msg"": {""index"": 10347453205, ""option_id"": 14231886053, ""user_id"": 100593322, ""user_group_id"": 191, ""open_time"": 1788570787, ""open_time_millisecond"": 1788570787903, ""expiration_time"": 1788570840, ""amount"": 25, ""enrolled_amount"": 25, ""currency"": ""USD"", ""profit_amount"": 0, ""profit_percent"": 185, ""option_type"": ""turbo"", ""option_type_id"": 3, ""direction"": ""put"", ""value"": 334.715545, ""active"": ""GOOGLE-OTC"", ""params"": null, ""platform_id"": 82, ""is_demo"": false, ""aff_id"": 0, ""balance_type_id"": 4, ""robot_id"": null, ""tournament_id"": null, ""bonus_rate"": 1, ""inout_diff"": 0, ""aff_track"": """", ""country_id"": 59, ""balance"": 0, ""client_platform_id"": 82, ""is_can_trade"": true, ""currency_mask"": ""$%s"", ""active_id"": 1933, ""balance_id"": 497753323, ""requested_at"": 1788570787902, ""created_at"": 1788570787903, ""updated_at"": 1788570787976}}}"
2026-09-04 21:30:10,CERRADA,14231929919,UK100-OTC,turbo,call,19,CHOCH alcista,55.52,-25.0,"ESTRATEGIA: CHOCH alcista, CHOCH alcista confirmado: ruptura con cuerpo, EMA favorece compra, CHOCH con contexto confirmado, rechazo histórico: sin rechazo histórico dominante, presión: presión alcista reciente, patrón contexto: patrón alcista sin contexto suficiente, RSI: 55.52, price action profesional favorece CALL: impulso alcista fuerte: avance limpio, cierres altos y fuerza sostenida, micro contexto: impulso alcista, calidad A, memoria permite operación, advertencia mercado: tendencia sucia: CHOCH débil bloqueado, enviada al cerebro único como evidencia, ubicación válida, MERCADO: TENDENCIA_ALCISTA - tendencia alcista confirmada por estructura, EMA e impulso, CALIDAD MERCADO: NORMAL score 60, TENDENCIA AVANZADA: ALCISTA_NORMAL fuerza 64.9, VALIDACIÓN MERCADO: tendencia sucia: CHOCH débil bloqueado, ZONA SR: CALL permitido: señal fuerte cerca de resistencia, ACCION PRECIO: acción precio: CALL con resistencia cerca; decisión delegada a zonas, RUPTURA: sin ruptura confirmada de resistencia",PROBABILIDAD_HISTORICA_V3,OPERAR_CON_PROTOCOLO_SOMBRA,False,,True,False,tendencia sucia: CHOCH débil bloqueado,8,8,0.567,1788571810.071206,1788571810.6387043,1,,,,,,"{""option-opened"": {""name"": ""option-opened"", ""microserviceName"": ""binary-options"", ""msg"": {""index"": 10347493596, ""option_id"": 14231929919, ""user_id"": 100593322, ""user_group_id"": 191, ""open_time"": 1788571809, ""open_time_millisecond"": 1788571809781, ""expiration_time"": 1788571860, ""amount"": 25, ""enrolled_amount"": 25, ""currency"": ""USD"", ""profit_amount"": 0, ""profit_percent"": 182, ""option_type"": ""turbo"", ""option_type_id"": 3, ""direction"": ""call"", ""value"": 10758.762335, ""active"": ""UK100-OTC"", ""params"": null, ""platform_id"": 82, ""is_demo"": false, ""aff_id"": 0, ""balance_type_id"": 4, ""robot_id"": null, ""tournament_id"": null, ""bonus_rate"": 1, ""inout_diff"": 0, ""aff_track"": """", ""country_id"": 59, ""balance"": 0, ""client_platform_id"": 82, ""is_can_trade"": true, ""currency_mask"": ""$%s"", ""active_id"": 2047, ""balance_id"": 497753323, ""requested_at"": 1788571809780, ""created_at"": 1788571809782, ""updated_at"": 1788571809852}}}"
2026-09-04 21:32:10,CERRADA,14231935550,FB-OTC,turbo,put,11,continuación bajista con tendencia,38.92,20.5,"ESTRATEGIA: continuación bajista con tendencia, tendencia bajista, estructura bajista, EMA favorece venta, micro tendencia bajista, presión: presión bajista reciente, RSI: 38.92, calidad B, memoria permite operación, advertencia zona SR: PUT bloqueado: soporte cerca sin ruptura confirmada, enviada al cerebro único como evidencia, ubicación válida, MERCADO: TENDENCIA_BAJISTA - tendencia bajista confirmada por estructura, EMA e impulso, CALIDAD MERCADO: NORMAL score 64, TENDENCIA AVANZADA: BAJISTA_NORMAL fuerza 67.12, VALIDACIÓN MERCADO: PUT permitido a favor de tendencia bajista, ZONA SR: PUT bloqueado: soporte cerca sin ruptura confirmada, ACCION PRECIO: acción precio: PUT con soporte cerca; decisión delegada a zonas, RUPTURA: sin ruptura confirmada de soporte",D6_6_CORE4_OOS,NO_OPERAR_SOMBRA,True,R6_CONT_BAJISTA_IMPULSO_FUERTE,True,True,PUT permitido a favor de tendencia bajista,8,9,0.569,1788571929.8115149,1788571930.3808694,1,,,,,,"{""option-opened"": {""name"": ""option-opened"", ""microserviceName"": ""binary-options"", ""msg"": {""index"": 10347498796, ""option_id"": 14231935550, ""user_id"": 100593322, ""user_group_id"": 191, ""open_time"": 1788571929, ""open_time_millisecond"": 1788571929527, ""expiration_time"": 1788571980, ""amount"": 25, ""enrolled_amount"": 25, ""currency"": ""USD"", ""profit_amount"": 0, ""profit_percent"": 182, ""option_type"": ""turbo"", ""option_type_id"": 3, ""direction"": ""put"", ""value"": 588.108315, ""active"": ""FB-OTC"", ""params"": null, ""platform_id"": 82, ""is_demo"": false, ""aff_id"": 0, ""balance_type_id"": 4, ""robot_id"": null, ""tournament_id"": null, ""bonus_rate"": 1, ""inout_diff"": 0, ""aff_track"": """", ""country_id"": 59, ""balance"": 0, ""client_platform_id"": 82, ""is_can_trade"": true, ""currency_mask"": ""$%s"", ""active_id"": 1937, ""balance_id"": 497753323, ""requested_at"": 1788571929526, ""created_at"": 1788571929527, ""updated_at"": 1788571929621}}, ""position-changed"": {""name"": ""position-changed"", ""microserviceName"": ""portfolio"", ""msg"": {""version"": 45538106524, ""id"": ""061f17e8da67d261edde7e320037c861"", ""user_id"": 100593322, ""user_balance_id"": 497753323, ""platform_id"": 82, ""external_id"": 14231935550, ""active_id"": 1937, ""instrument_id"": ""1937"", ""source"": ""binary-options"", ""instrument_type"": ""turbo-option"", ""status"": ""open"", ""open_time"": 1788571929527, ""open_quote"": 588.108315, ""invest"": 25, ""invest_enrolled"": 25, ""sell_profit"": 8.19, ""sell_profit_enrolled"": 8.19, ""expected_profit"": 0, ""expected_profit_enrolled"": 0, ""pnl"": -16.810000000000002, ""pnl_net"": -16.810000000000002, ""current_price"": 588.175295, ""quote_timestamp"": 1788571929416, ""swap"": 0, ""raw_event"": {""index"": 13839816673, ""option_id"": 14231935550, ""user_id"": 100593322, ""balance_id"": 497753323, ""option_type_id"": 3, ""option_type"": ""turbo"", ""active_id"": 1937, ""platform_id"": 82, ""profit_percent"": 182, ""user_balance_type"": 4, ""currency"": ""USD"", ""direction"": ""put"", ""result"": ""opened"", ""amount"": 25, ""enrolled_amount"": 25, ""profit_amount"": null, ""win_enrolled_amount"": null, ""value"": 588.108315, ""expiration_value"": null, ""open_time"": 1788571929, ""open_time_millisecond"": 1788571929527, ""expiration_time"": 1788571980, ""initial_expiration_count"": 1, ""actual_expire"": null, ""user_group_id"": 191, ""requested_at"": 1788571929526, ""created_at"": 1788571929527, ""updated_at"": 1788571929621}}}}"
2026-09-04 21:34:10,CERRADA,14231940398,FB-OTC,turbo,put,11,continuación bajista con tendencia,43.87,20.5,"ESTRATEGIA: continuación bajista con tendencia, tendencia bajista, estructura bajista, EMA favorece venta, micro tendencia bajista, presión: presión bajista reciente, RSI: 43.87, calidad B, memoria permite operación, ubicación válida, MERCADO: TENDENCIA_BAJISTA - tendencia bajista confirmada por estructura, EMA e impulso, CALIDAD MERCADO: NORMAL score 73, TENDENCIA AVANZADA: BAJISTA_FUERTE fuerza 77.8, VALIDACIÓN MERCADO: PUT permitido a favor de tendencia bajista, ZONA SR: PUT permitido: cerca de resistencia, ACCION PRECIO: acción precio: PUT con soporte cerca; decisión delegada a zonas, RUPTURA: sin ruptura confirmada de soporte",D6_6_CORE4_OOS,NO_OPERAR_SOMBRA,True,R6_CONT_BAJISTA_IMPULSO_FUERTE,True,True,PUT permitido a favor de tendencia bajista,8,8,0.562,1788572049.6358402,1788572050.1979935,1,,,,,,"{""option-opened"": {""name"": ""option-opened"", ""microserviceName"": ""binary-options"", ""msg"": {""index"": 10347503252, ""option_id"": 14231940398, ""user_id"": 100593322, ""user_group_id"": 191, ""open_time"": 1788572049, ""open_time_millisecond"": 1788572049345, ""expiration_time"": 1788572100, ""amount"": 25, ""enrolled_amount"": 25, ""currency"": ""USD"", ""profit_amount"": 0, ""profit_percent"": 182, ""option_type"": ""turbo"", ""option_type_id"": 3, ""direction"": ""put"", ""value"": 590.096835, ""active"": ""FB-OTC"", ""params"": null, ""platform_id"": 82, ""is_demo"": false, ""aff_id"": 0, ""balance_type_id"": 4, ""robot_id"": null, ""tournament_id"": null, ""bonus_rate"": 1, ""inout_diff"": 0, ""aff_track"": """", ""country_id"": 59, ""balance"": 0, ""client_platform_id"": 82, ""is_can_trade"": true, ""currency_mask"": ""$%s"", ""active_id"": 1937, ""balance_id"": 497753323, ""requested_at"": 1788572049344, ""created_at"": 1788572049344, ""updated_at"": 1788572049415}}}"
2026-09-04 21:44:09,CERRADA,14231964412,SEIUSD-OTC,turbo,put,24,reacción vendedora en resistencia,59.25,20.5,"ESTRATEGIA: reacción vendedora en resistencia, PUT válido: agotamiento alcista en resistencia, precio reaccionando en resistencia, presión: presión alcista reciente, RSI: 59.25, rechazo vendedor por recuperación fallida, pin bar bajista, liquidity sweep bajista: barrida de máximos | mecha superior dominante | cierre en zona baja de la vela | barrida con exceso suficiente | rango de vela válido | cuerpo de vela suficiente | score_sweep=65, calidad A+, memoria permite operación, ubicación válida, MERCADO: TENDENCIA_ALCISTA - tendencia alcista confirmada por estructura, EMA e impulso, CALIDAD MERCADO: NORMAL score 66, TENDENCIA AVANZADA: ALCISTA_NORMAL fuerza 69.63, VALIDACIÓN MERCADO: PUT contra tendencia permitido por agotamiento alcista, ZONA SR: PUT permitido: cerca de resistencia, ACCION PRECIO: acción precio: PUT sin conflicto fuerte de zona, RUPTURA: sin ruptura confirmada de soporte",D7_5_REACCION_ZONA_ALCISTA,NO_OPERAR_SOMBRA,False,,True,True,PUT contra tendencia permitido por agotamiento alcista,8,8,0.534,1788572649.1345274,1788572649.668837,1,,,,,,"{""option-opened"": {""name"": ""option-opened"", ""microserviceName"": ""binary-options"", ""msg"": {""index"": 10347525200, ""option_id"": 14231964412, ""user_id"": 100593322, ""user_group_id"": 191, ""open_time"": 1788572648, ""open_time_millisecond"": 1788572648857, ""expiration_time"": 1788572700, ""amount"": 25, ""enrolled_amount"": 25, ""currency"": ""USD"", ""profit_amount"": 0, ""profit_percent"": 182, ""option_type"": ""turbo"", ""option_type_id"": 3, ""direction"": ""put"", ""value"": 0.243125, ""active"": ""SEIUSD-OTC"", ""params"": null, ""platform_id"": 82, ""is_demo"": false, ""aff_id"": 0, ""balance_type_id"": 4, ""robot_id"": null, ""tournament_id"": null, ""bonus_rate"": 1, ""inout_diff"": 0, ""aff_track"": """", ""country_id"": 59, ""balance"": 0, ""client_platform_id"": 82, ""is_can_trade"": true, ""currency_mask"": ""$%s"", ""active_id"": 2152, ""balance_id"": 497753323, ""requested_at"": 1788572648856, ""created_at"": 1788572648857, ""updated_at"": 1788572648932}}}"
2026-09-04 21:55:09,CERRADA,14231991082,SATSUSD-OTC,turbo,call,23,reacción compradora en soporte,51.05,-25.0,"ESTRATEGIA: reacción compradora en soporte, CALL válido por price action profesional: rechazo comprador confirmado: soporte + cierre alto + confirmación sin resistencia inmediata, precio reaccionando en soporte, presión: presión alcista reciente, RSI: 51.05, morning star alcista, patrón contexto: morning star válido en soporte, calidad C, memoria permite operación, advertencia mercado: rango sucio: señal bloqueada, enviada al cerebro único como evidencia, ubicación válida, MERCADO: RANGO - precio lateral o sin avance direccional fuerte, CALIDAD MERCADO: NORMAL score 58, TENDENCIA AVANZADA: BAJISTA_DEBIL fuerza 35.18, VALIDACIÓN MERCADO: rango sucio: señal bloqueada, ZONA SR: CALL permitido: cerca de soporte, ACCION PRECIO: acción precio: CALL con resistencia cerca; decisión delegada a zonas, RUPTURA: sin ruptura confirmada de resistencia",PROBABILIDAD_HISTORICA_V3,OPERAR_CON_PROTOCOLO_SOMBRA,False,,True,False,rango sucio: señal bloqueada,8,8,0.604,1788573309.1500237,1788573309.7535331,1,,,,,,"{""option-opened"": {""name"": ""option-opened"", ""microserviceName"": ""binary-options"", ""msg"": {""index"": 10347550057, ""option_id"": 14231991082, ""user_id"": 100593322, ""user_group_id"": 191, ""open_time"": 1788573308, ""open_time_millisecond"": 1788573308901, ""expiration_time"": 1788573360, ""amount"": 25, ""enrolled_amount"": 25, ""currency"": ""USD"", ""profit_amount"": 0, ""profit_percent"": 182, ""option_type"": ""turbo"", ""option_type_id"": 3, ""direction"": ""call"", ""value"": 0.014375, ""active"": ""SATSUSD-OTC"", ""params"": null, ""platform_id"": 82, ""is_demo"": false, ""aff_id"": 0, ""balance_type_id"": 4, ""robot_id"": null, ""tournament_id"": null, ""bonus_rate"": 1, ""inout_diff"": 0, ""aff_track"": """", ""country_id"": 59, ""balance"": 0, ""client_platform_id"": 82, ""is_can_trade"": true, ""currency_mask"": ""$%s"", ""active_id"": 2159, ""balance_id"": 497753323, ""requested_at"": 1788573308900, ""created_at"": 1788573308901, ""updated_at"": 1788573308975}}}"
2026-09-04 22:16:08,CERRADA,14232044717,USDBRL-OTC,turbo,put,23,reacción vendedora en resistencia,48.84,-25.0,"ESTRATEGIA: reacción vendedora en resistencia, PUT válido por price action profesional: rechazo vendedor confirmado: resistencia + cierre bajo + confirmación sin soporte inmediato | impulso bajista medio: caída válida pero con fuerza moderada | rechazo vendedor observado, sin estructura completa, precio reaccionando en resistencia, presión: presión vendedora por mechas superiores, RSI: 48.84, envolvente bajista, patrón contexto: patrón bajista válido en resistencia con contexto, calidad A+, memoria permite operación, ubicación válida, MERCADO: TENDENCIA_BAJISTA - tendencia bajista confirmada por estructura, EMA e impulso, CALIDAD MERCADO: NORMAL score 58, TENDENCIA AVANZADA: BAJISTA_NORMAL fuerza 69.32, VALIDACIÓN MERCADO: PUT permitido a favor de tendencia bajista, ZONA SR: zona válida, ACCION PRECIO: acción precio: PUT con soporte cerca; decisión delegada a zonas, RUPTURA: sin ruptura confirmada de soporte",D6_6_CORE4_OOS,NO_OPERAR_SOMBRA,True,R1_INDEFINIDO_PREMIUM,True,True,PUT permitido a favor de tendencia bajista,7,7,0.532,1788574568.38198,1788574568.9139884,1,,,,,,"{""option-opened"": {""name"": ""option-opened"", ""microserviceName"": ""binary-options"", ""msg"": {""index"": 10347599462, ""option_id"": 14232044717, ""user_id"": 100593322, ""user_group_id"": 191, ""open_time"": 1788574568, ""open_time_millisecond"": 1788574568112, ""expiration_time"": 1788574620, ""amount"": 25, ""enrolled_amount"": 25, ""currency"": ""USD"", ""profit_amount"": 0, ""profit_percent"": 182, ""option_type"": ""turbo"", ""option_type_id"": 3, ""direction"": ""put"", ""value"": 5.074085, ""active"": ""USDBRL-OTC"", ""params"": null, ""platform_id"": 82, ""is_demo"": false, ""aff_id"": 0, ""balance_type_id"": 4, ""robot_id"": null, ""tournament_id"": null, ""bonus_rate"": 1, ""inout_diff"": 0, ""aff_track"": """", ""country_id"": 59, ""balance"": 0, ""client_platform_id"": 82, ""is_can_trade"": true, ""currency_mask"": ""$%s"", ""active_id"": 2298, ""balance_id"": 497753323, ""requested_at"": 1788574568111, ""created_at"": 1788574568112, ""updated_at"": 1788574568185}}}"
2026-09-04 22:21:10,CERRADA,14232057437,PENUSD-OTC,turbo,call,19,CHOCH alcista,58.53,-25.0,"ESTRATEGIA: CHOCH alcista, CHOCH alcista confirmado: ruptura con cuerpo, EMA favorece compra, CHOCH con contexto confirmado, rechazo histórico: sin rechazo histórico dominante, presión: presión alcista reciente, patrón contexto: patrón alcista sin contexto suficiente, RSI: 58.53, price action profesional favorece CALL: impulso alcista fuerte: avance limpio, cierres altos y fuerza sostenida, micro contexto: impulso alcista, calidad A, memoria permite operación, ubicación válida, MERCADO: TENDENCIA_ALCISTA - tendencia alcista moderada por avance predominante, CALIDAD MERCADO: NORMAL score 70, TENDENCIA AVANZADA: ALCISTA_NORMAL fuerza 63.68, VALIDACIÓN MERCADO: CHOCH permitido a favor de tendencia con confirmación, ZONA SR: CALL permitido: señal fuerte cerca de resistencia, ACCION PRECIO: acción precio: CALL con resistencia cerca; decisión delegada a zonas, RUPTURA: sin ruptura confirmada de resistencia",PROBABILIDAD_HISTORICA_V3,OPERAR_CON_PROTOCOLO_SOMBRA,False,,True,True,CHOCH permitido a favor de tendencia con confirmación,8,9,0.547,1788574869.5406444,1788574870.087778,1,,,,,,"{""option-opened"": {""name"": ""option-opened"", ""microserviceName"": ""binary-options"", ""msg"": {""index"": 10347611218, ""option_id"": 14232057437, ""user_id"": 100593322, ""user_group_id"": 191, ""open_time"": 1788574869, ""open_time_millisecond"": 1788574869312, ""expiration_time"": 1788574920, ""amount"": 25, ""enrolled_amount"": 25, ""currency"": ""USD"", ""profit_amount"": 0, ""profit_percent"": 182, ""option_type"": ""turbo"", ""option_type_id"": 3, ""direction"": ""call"", ""value"": 0.342085, ""active"": ""PENUSD-OTC"", ""params"": null, ""platform_id"": 82, ""is_demo"": false, ""aff_id"": 0, ""balance_type_id"": 4, ""robot_id"": null, ""tournament_id"": null, ""bonus_rate"": 1, ""inout_diff"": 0, ""aff_track"": """", ""country_id"": 59, ""balance"": 0, ""client_platform_id"": 82, ""is_can_trade"": true, ""currency_mask"": ""$%s"", ""active_id"": 2301, ""balance_id"": 497753323, ""requested_at"": 1788574869311, ""created_at"": 1788574869312, ""updated_at"": 1788574869383}}}"
2026-09-04 22:25:10,CERRADA,14232067663,LINKUSD-OTC,turbo,put,11,continuación bajista con tendencia,46.31,-25.0,"ESTRATEGIA: continuación bajista con tendencia, tendencia bajista, estructura bajista, EMA favorece venta, micro tendencia bajista, presión: presión bajista reciente, RSI: 46.31, calidad B, memoria permite operación, ubicación válida, MERCADO: TENDENCIA_BAJISTA - tendencia bajista moderada por avance predominante, CALIDAD MERCADO: NORMAL score 67, TENDENCIA AVANZADA: BAJISTA_NORMAL fuerza 57.97, VALIDACIÓN MERCADO: PUT permitido a favor de tendencia bajista, ZONA SR: PUT permitido: cerca de resistencia, ACCION PRECIO: acción precio: PUT con soporte cerca; decisión delegada a zonas, RUPTURA: sin ruptura confirmada de soporte",D6_6_CORE4_OOS,NO_OPERAR_SOMBRA,True,R6_CONT_BAJISTA_IMPULSO_FUERTE,True,True,PUT permitido a favor de tendencia bajista,8,8,0.596,1788575109.8230178,1788575110.4193678,1,,,,,,"{""option-opened"": {""name"": ""option-opened"", ""microserviceName"": ""binary-options"", ""msg"": {""index"": 10347620573, ""option_id"": 14232067663, ""user_id"": 100593322, ""user_group_id"": 191, ""open_time"": 1788575109, ""open_time_millisecond"": 1788575109569, ""expiration_time"": 1788575160, ""amount"": 25, ""enrolled_amount"": 25, ""currency"": ""USD"", ""profit_amount"": 0, ""profit_percent"": 187, ""option_type"": ""turbo"", ""option_type_id"": 3, ""direction"": ""put"", ""value"": 10.850745, ""active"": ""LINKUSD-OTC"", ""params"": null, ""platform_id"": 82, ""is_demo"": false, ""aff_id"": 0, ""balance_type_id"": 4, ""robot_id"": null, ""tournament_id"": null, ""bonus_rate"": 1, ""inout_diff"": 0, ""aff_track"": """", ""country_id"": 59, ""balance"": 0, ""client_platform_id"": 82, ""is_can_trade"": true, ""currency_mask"": ""$%s"", ""active_id"": 2143, ""balance_id"": 497753323, ""requested_at"": 1788575109568, ""created_at"": 1788575109568, ""updated_at"": 1788575109658}}}"
2026-09-04 22:29:10,CERRADA,14232077755,DASHUSD-OTC,turbo,put,11,continuación bajista con tendencia,42.6,20.5,"ESTRATEGIA: continuación bajista con tendencia, tendencia bajista, estructura bajista, EMA favorece venta, micro tendencia bajista, presión: presión bajista reciente, RSI: 42.6, calidad B, memoria permite operación, ubicación válida, MERCADO: TENDENCIA_BAJISTA - tendencia bajista moderada por avance predominante, CALIDAD MERCADO: NORMAL score 60, TENDENCIA AVANZADA: BAJISTA_NORMAL fuerza 51.85, VALIDACIÓN MERCADO: PUT permitido a favor de tendencia bajista, ZONA SR: PUT permitido: cerca de resistencia, ACCION PRECIO: acción precio: PUT sin conflicto fuerte de zona, RUPTURA: sin ruptura confirmada de soporte",D6_6_CORE4_OOS,NO_OPERAR_SOMBRA,True,R6_CONT_BAJISTA_IMPULSO_FUERTE,True,True,PUT permitido a favor de tendencia bajista,8,8,0.663,1788575349.587325,1788575350.2504563,1,,,,,,"{""option-opened"": {""name"": ""option-opened"", ""microserviceName"": ""binary-options"", ""msg"": {""index"": 10347630162, ""option_id"": 14232077755, ""user_id"": 100593322, ""user_group_id"": 191, ""open_time"": 1788575349, ""open_time_millisecond"": 1788575349354, ""expiration_time"": 1788575400, ""amount"": 25, ""enrolled_amount"": 25, ""currency"": ""USD"", ""profit_amount"": 0, ""profit_percent"": 182, ""option_type"": ""turbo"", ""option_type_id"": 3, ""direction"": ""put"", ""value"": 53.944715, ""active"": ""DASHUSD-OTC"", ""params"": null, ""platform_id"": 82, ""is_demo"": false, ""aff_id"": 0, ""balance_type_id"": 4, ""robot_id"": null, ""tournament_id"": null, ""bonus_rate"": 1, ""inout_diff"": 0, ""aff_track"": """", ""country_id"": 59, ""balance"": 0, ""client_platform_id"": 82, ""is_can_trade"": true, ""currency_mask"": ""$%s"", ""active_id"": 2155, ""balance_id"": 497753323, ""requested_at"": 1788575349353, ""created_at"": 1788575349353, ""updated_at"": 1788575349432}}}"
2026-09-04 22:46:08,CERRADA,14232124003,ALIBABA-OTC,turbo,put,20,pullback bajista a EMA,43.23,20.5,"ESTRATEGIA: pullback bajista a EMA, pullback bajista válido, EMA favorece venta, presión: presión neutral, RSI: 43.23, rechazo vendedor fuerte, shooting star bajista, patrón contexto: patrón bajista válido en resistencia con contexto, calidad A+, memoria permite operación, ubicación válida, MERCADO: TENDENCIA_BAJISTA - tendencia bajista moderada por avance predominante, CALIDAD MERCADO: NORMAL score 61, TENDENCIA AVANZADA: BAJISTA_FUERTE fuerza 72.35, VALIDACIÓN MERCADO: tendencia sucia: pullback bajista permitido con puntaje alto, ZONA SR: PUT permitido: señal fuerte cerca de soporte, ACCION PRECIO: acción precio: rechazo vendedor en resistencia, RUPTURA: sin ruptura confirmada de soporte",D6_6_CORE4_OOS,NO_OPERAR_SOMBRA,True,R4_PULLBACK_BAJISTA_PREMIUM,True,True,tendencia sucia: pullback bajista permitido con puntaje alto,6,6,0.611,1788576367.7073903,1788576368.3181722,1,,,,,,"{""option-opened"": {""name"": ""option-opened"", ""microserviceName"": ""binary-options"", ""msg"": {""index"": 10347672916, ""option_id"": 14232124003, ""user_id"": 100593322, ""user_group_id"": 191, ""open_time"": 1788576367, ""open_time_millisecond"": 1788576367529, ""expiration_time"": 1788576420, ""amount"": 25, ""enrolled_amount"": 25, ""currency"": ""USD"", ""profit_amount"": 0, ""profit_percent"": 182, ""option_type"": ""turbo"", ""option_type_id"": 3, ""direction"": ""put"", ""value"": 116.4575, ""active"": ""ALIBABA-OTC"", ""params"": null, ""platform_id"": 82, ""is_demo"": false, ""aff_id"": 0, ""balance_type_id"": 4, ""robot_id"": null, ""tournament_id"": null, ""bonus_rate"": 1, ""inout_diff"": 0, ""aff_track"": """", ""country_id"": 59, ""balance"": 0, ""client_platform_id"": 82, ""is_can_trade"": true, ""currency_mask"": ""$%s"", ""active_id"": 2106, ""balance_id"": 497753323, ""requested_at"": 1788576367528, ""created_at"": 1788576367529, ""updated_at"": 1788576367633}}}"
2026-09-04 22:56:10,CERRADA,14232150857,HYPE-OTC,turbo,put,21,reacción vendedora en resistencia,64.96,20.5,"ESTRATEGIA: reacción vendedora en resistencia, PUT válido por price action profesional: rechazo vendedor confirmado: resistencia + cierre bajo + confirmación sin soporte inmediato, precio reaccionando en resistencia, presión: presión neutral, RSI: 64.96, evening star bajista, calidad C, memoria permite operación, advertencia mercado: PUT bloqueado contra tendencia alcista, enviada al cerebro único como evidencia, ubicación válida, MERCADO: TENDENCIA_ALCISTA - tendencia alcista confirmada por estructura, EMA e impulso, CALIDAD MERCADO: NORMAL score 68, TENDENCIA AVANZADA: ALCISTA_NORMAL fuerza 54.71, VALIDACIÓN MERCADO: PUT bloqueado contra tendencia alcista, ZONA SR: PUT permitido: cerca de resistencia, ACCION PRECIO: acción precio: PUT con soporte cerca; decisión delegada a zonas, RUPTURA: sin ruptura confirmada de soporte",D6_6_CORE4_OOS,NO_OPERAR_SOMBRA,True,R1_INDEFINIDO_PREMIUM,True,False,PUT bloqueado contra tendencia alcista,8,9,0.633,1788576969.551612,1788576970.18432,1,,,,,,"{""option-opened"": {""name"": ""option-opened"", ""microserviceName"": ""binary-options"", ""msg"": {""index"": 10347697799, ""option_id"": 14232150857, ""user_id"": 100593322, ""user_group_id"": 191, ""open_time"": 1788576969, ""open_time_millisecond"": 1788576969345, ""expiration_time"": 1788577020, ""amount"": 25, ""enrolled_amount"": 25, ""currency"": ""USD"", ""profit_amount"": 0, ""profit_percent"": 182, ""option_type"": ""turbo"", ""option_type_id"": 3, ""direction"": ""put"", ""value"": 83.6885, ""active"": ""HYPE-OTC"", ""params"": null, ""platform_id"": 82, ""is_demo"": false, ""aff_id"": 0, ""balance_type_id"": 4, ""robot_id"": null, ""tournament_id"": null, ""bonus_rate"": 1, ""inout_diff"": 0, ""aff_track"": """", ""country_id"": 59, ""balance"": 0, ""client_platform_id"": 82, ""is_can_trade"": true, ""currency_mask"": ""$%s"", ""active_id"": 2448, ""balance_id"": 497753323, ""requested_at"": 1788576969344, ""created_at"": 1788576969344, ""updated_at"": 1788576969417}}}"
2026-09-04 22:58:09,CERRADA,14232155791,RONINUSD-OTC,turbo,put,20,pullback bajista a EMA,63.75,-25.0,"ESTRATEGIA: pullback bajista a EMA, pullback bajista válido, EMA favorece venta, presión: presión bajista reciente, RSI: 63.75, rechazo vendedor fuerte, shooting star bajista, patrón contexto: patrón bajista válido en resistencia con contexto, calidad A+, memoria permite operación, advertencia acción precio: acción precio: lectura avanzada contradice PUT, enviada al cerebro único como evidencia, ubicación válida, MERCADO: TENDENCIA_BAJISTA - tendencia bajista moderada por avance predominante, CALIDAD MERCADO: NORMAL score 70, TENDENCIA AVANZADA: BAJISTA_DEBIL fuerza 48.23, VALIDACIÓN MERCADO: tendencia sucia: pullback bajista permitido con puntaje alto, ZONA SR: PUT permitido: cerca de resistencia, ACCION PRECIO: acción precio: lectura avanzada contradice PUT, RUPTURA: sin ruptura confirmada de soporte",D6_6_CORE4_OOS,NO_OPERAR_SOMBRA,True,R4_PULLBACK_BAJISTA_PREMIUM,True,True,tendencia sucia: pullback bajista permitido con puntaje alto,8,8,0.576,1788577089.2620933,1788577089.8382254,1,,,,,,"{""option-opened"": {""name"": ""option-opened"", ""microserviceName"": ""binary-options"", ""msg"": {""index"": 10347702414, ""option_id"": 14232155791, ""user_id"": 100593322, ""user_group_id"": 191, ""open_time"": 1788577089, ""open_time_millisecond"": 1788577089045, ""expiration_time"": 1788577140, ""amount"": 25, ""enrolled_amount"": 25, ""currency"": ""USD"", ""profit_amount"": 0, ""profit_percent"": 187, ""option_type"": ""turbo"", ""option_type_id"": 3, ""direction"": ""put"", ""value"": 0.055865, ""active"": ""RONINUSD-OTC"", ""params"": null, ""platform_id"": 82, ""is_demo"": false, ""aff_id"": 0, ""balance_type_id"": 4, ""robot_id"": null, ""tournament_id"": null, ""bonus_rate"": 1, ""inout_diff"": 0, ""aff_track"": """", ""country_id"": 59, ""balance"": 0, ""client_platform_id"": 82, ""is_can_trade"": true, ""currency_mask"": ""$%s"", ""active_id"": 2161, ""balance_id"": 497753323, ""requested_at"": 1788577089044, ""created_at"": 1788577089045, ""updated_at"": 1788577089115}}}"
2026-09-04 23:04:10,CERRADA,14232171367,AUS200-OTC,turbo,call,17,pullback alcista a EMA,53.6,-25.0,"ESTRATEGIA: pullback alcista a EMA, pullback alcista válido, EMA favorece compra, presión: presión bajista reciente, RSI: 53.6, morning star alcista, calidad A, memoria permite operación, ubicación válida, MERCADO: TENDENCIA_ALCISTA - tendencia alcista confirmada por estructura, EMA e impulso, CALIDAD MERCADO: NORMAL score 70, TENDENCIA AVANZADA: ALCISTA_NORMAL fuerza 58.8, VALIDACIÓN MERCADO: pullback alcista permitido con filtro reforzado, ZONA SR: zona válida, ACCION PRECIO: acción precio: CALL con resistencia cerca; decisión delegada a zonas, RUPTURA: sin ruptura confirmada de resistencia",D6_6_CORE4_OOS,NO_OPERAR_SOMBRA,True,R2_RECHAZO_COMPRADOR_CONFIRMADO,True,True,pullback alcista permitido con filtro reforzado,8,8,0.591,1788577449.3479924,1788577449.9387505,1,,,,,,"{""option-opened"": {""name"": ""option-opened"", ""microserviceName"": ""binary-options"", ""msg"": {""index"": 10347716810, ""option_id"": 14232171367, ""user_id"": 100593322, ""user_group_id"": 191, ""open_time"": 1788577449, ""open_time_millisecond"": 1788577449107, ""expiration_time"": 1788577500, ""amount"": 25, ""enrolled_amount"": 25, ""currency"": ""USD"", ""profit_amount"": 0, ""profit_percent"": 182, ""option_type"": ""turbo"", ""option_type_id"": 3, ""direction"": ""call"", ""value"": 9027.512395, ""active"": ""AUS200-OTC"", ""params"": null, ""platform_id"": 82, ""is_demo"": false, ""aff_id"": 0, ""balance_type_id"": 4, ""robot_id"": null, ""tournament_id"": null, ""bonus_rate"": 1, ""inout_diff"": 0, ""aff_track"": """", ""country_id"": 59, ""balance"": 0, ""client_platform_id"": 82, ""is_can_trade"": true, ""currency_mask"": ""$%s"", ""active_id"": 2048, ""balance_id"": 497753323, ""requested_at"": 1788577449106, ""created_at"": 1788577449106, ""updated_at"": 1788577449178}}}"
2026-09-05 11:41:07,CERRADA,14233593119,JPM-OTC,turbo,call,21,CHOCH alcista,61.26,-25.0,"ESTRATEGIA: CHOCH alcista, CHOCH alcista confirmado: ruptura con cuerpo, EMA favorece compra, CHOCH con contexto confirmado, rechazo histórico: sin rechazo histórico dominante, presión: presión alcista reciente, patrón contexto: patrón alcista sin contexto suficiente, RSI: 61.26, CHOCH apoyado en soporte, price action profesional favorece CALL: impulso alcista fuerte: avance limpio, cierres altos y fuerza sostenida, micro contexto: impulso alcista, calidad A+, memoria permite operación, ubicación válida, MERCADO: TENDENCIA_ALCISTA - tendencia alcista confirmada por estructura, EMA e impulso, CALIDAD MERCADO: LIMPIO score 76, TENDENCIA AVANZADA: ALCISTA_FUERTE fuerza 78.07, VALIDACIÓN MERCADO: CHOCH permitido a favor de tendencia con confirmación, ZONA SR: CALL permitido: señal fuerte cerca de resistencia, ACCION PRECIO: acción precio: CALL con resistencia cerca; decisión delegada a zonas, RUPTURA: sin ruptura confirmada de resistencia",PROBABILIDAD_HISTORICA_V3,OPERAR_CON_PROTOCOLO_SOMBRA,False,,True,True,CHOCH permitido a favor de tendencia con confirmación,5,5,0.465,1788622867.287956,1788622867.7532568,1,,,,,,"{""option-opened"": {""name"": ""option-opened"", ""microserviceName"": ""binary-options"", ""msg"": {""index"": 10349007442, ""option_id"": 14233593119, ""user_id"": 100593322, ""user_group_id"": 191, ""open_time"": 1788622866, ""open_time_millisecond"": 1788622866660, ""expiration_time"": 1788622920, ""amount"": 25, ""enrolled_amount"": 25, ""currency"": ""USD"", ""profit_amount"": 0, ""profit_percent"": 187, ""option_type"": ""turbo"", ""option_type_id"": 3, ""direction"": ""call"", ""value"": 353.6605, ""active"": ""JPM-OTC"", ""params"": null, ""platform_id"": 82, ""is_demo"": false, ""aff_id"": 0, ""balance_type_id"": 4, ""robot_id"": null, ""tournament_id"": null, ""bonus_rate"": 1, ""inout_diff"": 0, ""aff_track"": """", ""country_id"": 59, ""balance"": 0, ""client_platform_id"": 82, ""is_can_trade"": true, ""currency_mask"": ""$%s"", ""active_id"": 2102, ""balance_id"": 497753323, ""requested_at"": 1788622866659, ""created_at"": 1788622866659, ""updated_at"": 1788622866731}}, ""position-changed"": {""name"": ""position-changed"", ""microserviceName"": ""portfolio"", ""msg"": {""version"": 45544468658, ""id"": ""2d960b7a69ab3784083b9bd7e5d22d84"", ""user_id"": 100593322, ""user_balance_id"": 497753323, ""platform_id"": 82, ""external_id"": 14233593119, ""active_id"": 2102, ""instrument_id"": ""2102"", ""source"": ""binary-options"", ""instrument_type"": ""turbo-option"", ""status"": ""open"", ""open_time"": 1788622866660, ""open_quote"": 353.6605, ""invest"": 25, ""invest_enrolled"": 25, ""sell_profit"": 7.48, ""sell_profit_enrolled"": 7.48, ""expected_profit"": 25, ""expected_profit_enrolled"": 25, ""pnl"": -17.52, ""pnl_net"": -17.52, ""current_price"": 353.6605, ""quote_timestamp"": 1788622866400, ""swap"": 0, ""raw_event"": {""index"": 13842983950, ""option_id"": 14233593119, ""user_id"": 100593322, ""balance_id"": 497753323, ""option_type_id"": 3, ""option_type"": ""turbo"", ""active_id"": 2102, ""platform_id"": 82, ""profit_percent"": 187, ""user_balance_type"": 4, ""currency"": ""USD"", ""direction"": ""call"", ""result"": ""opened"", ""amount"": 25, ""enrolled_amount"": 25, ""profit_amount"": null, ""win_enrolled_amount"": null, ""value"": 353.6605, ""expiration_value"": null, ""open_time"": 1788622866, ""open_time_millisecond"": 1788622866660, ""expiration_time"": 1788622920, ""initial_expiration_count"": 1, ""actual_expire"": null, ""user_group_id"": 191, ""requested_at"": 1788622866659, ""created_at"": 1788622866659, ""updated_at"": 1788622866731}}}}"
2026-09-05 11:45:07,CERRADA,14233602955,AUS200-OTC,turbo,call,20,reacción compradora en soporte,53.73,-25.0,"ESTRATEGIA: reacción compradora en soporte, CALL válido por price action profesional: rechazo comprador confirmado: soporte + cierre alto + confirmación sin resistencia inmediata | impulso alcista medio: avance válido pero no dominante | rechazo comprador histórico real: zona + cierres altos + estructura alcista, precio reaccionando en soporte, presión: presión alcista reciente, RSI: 53.73, rechazo comprador fuerte, calidad A+, memoria permite operación, ubicación válida, MERCADO: TENDENCIA_ALCISTA - tendencia alcista moderada por avance predominante, CALIDAD MERCADO: NORMAL score 59, TENDENCIA AVANZADA: ALCISTA_NORMAL fuerza 60.33, VALIDACIÓN MERCADO: CALL permitido a favor de tendencia alcista, ZONA SR: zona válida, ACCION PRECIO: acción precio: CALL con resistencia cerca; decisión delegada a zonas, RUPTURA: sin ruptura confirmada de resistencia",D6_6_CORE4_OOS,NO_OPERAR_SOMBRA,True,R2_RECHAZO_COMPRADOR_CONFIRMADO,True,True,CALL permitido a favor de tendencia alcista,5,5,0.534,1788623107.1874542,1788623107.7213,1,,,,,,"{""option-opened"": {""name"": ""option-opened"", ""microserviceName"": ""binary-options"", ""msg"": {""index"": 10349016542, ""option_id"": 14233602955, ""user_id"": 100593322, ""user_group_id"": 191, ""open_time"": 1788623106, ""open_time_millisecond"": 1788623106581, ""expiration_time"": 1788623160, ""amount"": 25, ""enrolled_amount"": 25, ""currency"": ""USD"", ""profit_amount"": 0, ""profit_percent"": 187, ""option_type"": ""turbo"", ""option_type_id"": 3, ""direction"": ""call"", ""value"": 9005.189925, ""active"": ""AUS200-OTC"", ""params"": null, ""platform_id"": 82, ""is_demo"": false, ""aff_id"": 0, ""balance_type_id"": 4, ""robot_id"": null, ""tournament_id"": null, ""bonus_rate"": 1, ""inout_diff"": 0, ""aff_track"": """", ""country_id"": 59, ""balance"": 0, ""client_platform_id"": 82, ""is_can_trade"": true, ""currency_mask"": ""$%s"", ""active_id"": 2048, ""balance_id"": 497753323, ""requested_at"": 1788623106580, ""created_at"": 1788623106581, ""updated_at"": 1788623106707}}, ""position-changed"": {""name"": ""position-changed"", ""microserviceName"": ""portfolio"", ""msg"": {""version"": 45544509511, ""id"": ""bf5aef0e89a5398a063595d9ebdc238a"", ""user_id"": 100593322, ""user_balance_id"": 497753323, ""platform_id"": 82, ""external_id"": 14233602955, ""active_id"": 2048, ""instrument_id"": ""2048"", ""source"": ""binary-options"", ""instrument_type"": ""turbo-option"", ""status"": ""open"", ""open_time"": 1788623106581, ""open_quote"": 9005.189925, ""invest"": 25, ""invest_enrolled"": 25, ""sell_profit"": 6.0775, ""sell_profit_enrolled"": 6.0775, ""expected_profit"": 25, ""expected_profit_enrolled"": 25, ""pnl"": -18.9225, ""pnl_net"": -18.9225, ""current_price"": 9005.189925, ""quote_timestamp"": 1788623106246, ""swap"": 0, ""raw_event"": {""index"": 13843003656, ""option_id"": 14233602955, ""user_id"": 100593322, ""balance_id"": 497753323, ""option_type_id"": 3, ""option_type"": ""turbo"", ""active_id"": 2048, ""platform_id"": 82, ""profit_percent"": 187, ""user_balance_type"": 4, ""currency"": ""USD"", ""direction"": ""call"", ""result"": ""opened"", ""amount"": 25, ""enrolled_amount"": 25, ""profit_amount"": null, ""win_enrolled_amount"": null, ""value"": 9005.189925, ""expiration_value"": null, ""open_time"": 1788623106, ""open_time_millisecond"": 1788623106581, ""expiration_time"": 1788623160, ""initial_expiration_count"": 1, ""actual_expire"": null, ""user_group_id"": 191, ""requested_at"": 1788623106580, ""created_at"": 1788623106581, ""updated_at"": 1788623106707}}}}"
2026-09-05 11:51:07,CERRADA,14233617733,MCDON-OTC,turbo,call,21,CHOCH alcista,56.5,-25.0,"ESTRATEGIA: CHOCH alcista, CHOCH alcista confirmado: ruptura con cuerpo, EMA favorece compra, CHOCH con contexto confirmado, rechazo histórico: sin rechazo histórico dominante, presión: presión alcista reciente, patrón contexto: patrón alcista sin contexto suficiente, RSI: 56.5, CHOCH apoyado en soporte, price action profesional favorece CALL: impulso alcista fuerte: avance limpio, cierres altos y fuerza sostenida, micro contexto: impulso alcista, calidad A+, memoria permite operación, advertencia mercado: tendencia sucia: CHOCH débil bloqueado, enviada al cerebro único como evidencia, ubicación válida, MERCADO: TENDENCIA_ALCISTA - tendencia alcista confirmada por estructura, EMA e impulso, CALIDAD MERCADO: NORMAL score 60, TENDENCIA AVANZADA: ALCISTA_FUERTE fuerza 80.15, VALIDACIÓN MERCADO: tendencia sucia: CHOCH débil bloqueado, ZONA SR: CALL permitido: señal fuerte cerca de resistencia, ACCION PRECIO: acción precio: CALL con resistencia cerca; decisión delegada a zonas, RUPTURA: sin ruptura confirmada de resistencia",PROBABILIDAD_HISTORICA_V3,OPERAR_CON_PROTOCOLO_SOMBRA,False,,True,False,tendencia sucia: CHOCH débil bloqueado,5,5,0.5,1788623466.8693163,1788623467.3696885,1,,,,,,"{""option-opened"": {""name"": ""option-opened"", ""microserviceName"": ""binary-options"", ""msg"": {""index"": 10349030266, ""option_id"": 14233617733, ""user_id"": 100593322, ""user_group_id"": 191, ""open_time"": 1788623466, ""open_time_millisecond"": 1788623466254, ""expiration_time"": 1788623520, ""amount"": 25, ""enrolled_amount"": 25, ""currency"": ""USD"", ""profit_amount"": 0, ""profit_percent"": 187, ""option_type"": ""turbo"", ""option_type_id"": 3, ""direction"": ""call"", ""value"": 190.895, ""active"": ""MCDON-OTC"", ""params"": null, ""platform_id"": 82, ""is_demo"": false, ""aff_id"": 0, ""balance_type_id"": 4, ""robot_id"": null, ""tournament_id"": null, ""bonus_rate"": 1, ""inout_diff"": 0, ""aff_track"": """", ""country_id"": 59, ""balance"": 0, ""client_platform_id"": 82, ""is_can_trade"": true, ""currency_mask"": ""$%s"", ""active_id"": 2103, ""balance_id"": 497753323, ""requested_at"": 1788623466253, ""created_at"": 1788623466253, ""updated_at"": 1788623466327}}}"
2026-09-05 12:03:07,CERRADA,14233647657,US2000-OTC,turbo,call,19,CHOCH alcista,59.04,21.75,"ESTRATEGIA: CHOCH alcista, CHOCH alcista confirmado: ruptura con cuerpo, EMA favorece compra, CHOCH con contexto confirmado, rechazo histórico: sin rechazo histórico dominante, presión: presión alcista reciente, patrón contexto: patrón alcista sin contexto suficiente, RSI: 59.04, price action profesional favorece CALL: impulso alcista fuerte: avance limpio, cierres altos y fuerza sostenida, micro contexto: impulso alcista, calidad A, memoria permite operación, advertencia mercado: tendencia sucia: CHOCH débil bloqueado, enviada al cerebro único como evidencia, ubicación válida, MERCADO: TENDENCIA_ALCISTA - tendencia alcista confirmada por estructura, EMA e impulso, CALIDAD MERCADO: NORMAL score 62, TENDENCIA AVANZADA: ALCISTA_FUERTE fuerza 80.83, VALIDACIÓN MERCADO: tendencia sucia: CHOCH débil bloqueado, ZONA SR: zona válida, ACCION PRECIO: acción precio: CALL con resistencia cerca; decisión delegada a zonas, RUPTURA: sin ruptura confirmada de resistencia",PROBABILIDAD_HISTORICA_V3,OPERAR_CON_PROTOCOLO_SOMBRA,False,,True,False,tendencia sucia: CHOCH débil bloqueado,5,5,0.471,1788624187.0192916,1788624187.4899137,1,,,,,,"{""option-opened"": {""name"": ""option-opened"", ""microserviceName"": ""binary-options"", ""msg"": {""index"": 10349058008, ""option_id"": 14233647657, ""user_id"": 100593322, ""user_group_id"": 191, ""open_time"": 1788624186, ""open_time_millisecond"": 1788624186395, ""expiration_time"": 1788624240, ""amount"": 25, ""enrolled_amount"": 25, ""currency"": ""USD"", ""profit_amount"": 0, ""profit_percent"": 187, ""option_type"": ""turbo"", ""option_type_id"": 3, ""direction"": ""call"", ""value"": 2988.875, ""active"": ""US2000-OTC"", ""params"": null, ""platform_id"": 82, ""is_demo"": false, ""aff_id"": 0, ""balance_type_id"": 4, ""robot_id"": null, ""tournament_id"": null, ""bonus_rate"": 1, ""inout_diff"": 0, ""aff_track"": """", ""country_id"": 59, ""balance"": 0, ""client_platform_id"": 82, ""is_can_trade"": true, ""currency_mask"": ""$%s"", ""active_id"": 2108, ""balance_id"": 497753323, ""requested_at"": 1788624186394, ""created_at"": 1788624186394, ""updated_at"": 1788624186469}}}"
2026-09-05 12:06:07,CERRADA,14233654986,USDCLP-OTC,turbo,call,19,CHOCH alcista,61.25,21.75,"ESTRATEGIA: CHOCH alcista, CHOCH alcista confirmado: ruptura con cuerpo, EMA favorece compra, CHOCH con contexto confirmado, rechazo histórico: sin rechazo histórico dominante, presión: presión alcista reciente, patrón contexto: patrón alcista sin contexto suficiente, RSI: 61.25, price action profesional favorece CALL: impulso alcista fuerte: avance limpio, cierres altos y fuerza sostenida, micro contexto: impulso alcista, calidad A, memoria permite operación, advertencia mercado: tendencia sucia: CHOCH débil bloqueado, enviada al cerebro único como evidencia, ubicación válida, MERCADO: TENDENCIA_ALCISTA - tendencia alcista confirmada por estructura, EMA e impulso, CALIDAD MERCADO: NORMAL score 64, TENDENCIA AVANZADA: ALCISTA_FUERTE fuerza 82.34, VALIDACIÓN MERCADO: tendencia sucia: CHOCH débil bloqueado, ZONA SR: CALL permitido: señal fuerte cerca de resistencia, ACCION PRECIO: acción precio: CALL con resistencia cerca; decisión delegada a zonas, RUPTURA: sin ruptura confirmada de resistencia",PROBABILIDAD_HISTORICA_V3,OPERAR_CON_PROTOCOLO_SOMBRA,False,,True,False,tendencia sucia: CHOCH débil bloqueado,5,5,0.422,1788624367.103777,1788624367.525463,1,,,,,,"{""option-opened"": {""name"": ""option-opened"", ""microserviceName"": ""binary-options"", ""msg"": {""index"": 10349064784, ""option_id"": 14233654986, ""user_id"": 100593322, ""user_group_id"": 191, ""open_time"": 1788624366, ""open_time_millisecond"": 1788624366489, ""expiration_time"": 1788624420, ""amount"": 25, ""enrolled_amount"": 25, ""currency"": ""USD"", ""profit_amount"": 0, ""profit_percent"": 187, ""option_type"": ""turbo"", ""option_type_id"": 3, ""direction"": ""call"", ""value"": 946.87895, ""active"": ""USDCLP-OTC"", ""params"": null, ""platform_id"": 82, ""is_demo"": false, ""aff_id"": 0, ""balance_type_id"": 4, ""robot_id"": null, ""tournament_id"": null, ""bonus_rate"": 1, ""inout_diff"": 0, ""aff_track"": """", ""country_id"": 59, ""balance"": 0, ""client_platform_id"": 82, ""is_can_trade"": true, ""currency_mask"": ""$%s"", ""active_id"": 2438, ""balance_id"": 497753323, ""requested_at"": 1788624366488, ""created_at"": 1788624366488, ""updated_at"": 1788624366563}}}"
2026-09-05 12:07:07,CERRADA,14233657421,XPDUSD-OTC,turbo,put,20,pullback bajista a EMA,46.51,-25.0,"ESTRATEGIA: pullback bajista a EMA, pullback bajista válido, EMA favorece venta, presión: presión bajista reciente, RSI: 46.51, rechazo vendedor fuerte, shooting star bajista, patrón contexto: patrón bajista válido en resistencia con contexto, calidad A+, memoria permite operación, ubicación válida, MERCADO: TENDENCIA_BAJISTA - tendencia bajista moderada por avance predominante, CALIDAD MERCADO: NORMAL score 69, TENDENCIA AVANZADA: BAJISTA_NORMAL fuerza 51.41, VALIDACIÓN MERCADO: tendencia sucia: pullback bajista permitido con puntaje alto, ZONA SR: PUT permitido: cerca de resistencia, ACCION PRECIO: acción precio: rechazo vendedor en resistencia, RUPTURA: sin ruptura confirmada de soporte",D6_6_CORE4_OOS,NO_OPERAR_SOMBRA,True,R4_PULLBACK_BAJISTA_PREMIUM,True,True,tendencia sucia: pullback bajista permitido con puntaje alto,5,5,0.514,1788624426.7053986,1788624427.219285,1,,,,,,"{""option-opened"": {""name"": ""option-opened"", ""microserviceName"": ""binary-options"", ""msg"": {""index"": 10349067075, ""option_id"": 14233657421, ""user_id"": 100593322, ""user_group_id"": 191, ""open_time"": 1788624426, ""open_time_millisecond"": 1788624426093, ""expiration_time"": 1788624480, ""amount"": 25, ""enrolled_amount"": 25, ""currency"": ""USD"", ""profit_amount"": 0, ""profit_percent"": 187, ""option_type"": ""turbo"", ""option_type_id"": 3, ""direction"": ""put"", ""value"": 1357.9365, ""active"": ""XPDUSD-OTC"", ""params"": null, ""platform_id"": 82, ""is_demo"": false, ""aff_id"": 0, ""balance_type_id"": 4, ""robot_id"": null, ""tournament_id"": null, ""bonus_rate"": 1, ""inout_diff"": 0, ""aff_track"": """", ""country_id"": 59, ""balance"": 0, ""client_platform_id"": 82, ""is_can_trade"": true, ""currency_mask"": ""$%s"", ""active_id"": 2328, ""balance_id"": 497753323, ""requested_at"": 1788624426092, ""created_at"": 1788624426093, ""updated_at"": 1788624426176}}}"
2026-09-05 12:07:07,CERRADA,14233657460,NZDJPY-OTC,turbo,call,23,reacción compradora en soporte,50.2,21.75,"ESTRATEGIA: reacción compradora en soporte, CALL válido por price action profesional: rechazo comprador confirmado: soporte + cierre alto + confirmación sin resistencia inmediata | impulso bajista medio: caída válida pero con fuerza moderada | impulso previo contrario compatible con reversión confirmada | evidencias CALL: RECHAZO_COMPRADOR_CONFIRMADO | evidencias PUT: IMPULSO_BAJISTA_MEDIO | contradicciones: existen evidencias direccionales CALL y PUT, precio reaccionando en soporte, presión: presión alcista reciente, RSI: 50.2, morning star alcista, patrón contexto: morning star válido en soporte, calidad C, memoria permite operación, ubicación válida, MERCADO: RANGO - precio lateral o sin avance direccional fuerte, CALIDAD MERCADO: NORMAL score 65, TENDENCIA AVANZADA: BAJISTA_DEBIL fuerza 40.32, VALIDACIÓN MERCADO: rango limpio: reacción en extremo permitida, ZONA SR: CALL permitido: señal fuerte cerca de resistencia, ACCION PRECIO: acción precio: CALL con resistencia cerca; decisión delegada a zonas, RUPTURA: sin ruptura confirmada de resistencia",D6_6_CORE4_OOS,NO_OPERAR_SOMBRA,True,R1_INDEFINIDO_PREMIUM|R2_RECHAZO_COMPRADOR_CONFIRMADO,True,True,rango limpio: reacción en extremo permitida,5,6,0.417,1788624427.303735,1788624427.7210312,1,,,,,,"{""option-opened"": {""name"": ""option-opened"", ""microserviceName"": ""binary-options"", ""msg"": {""index"": 10349067108, ""option_id"": 14233657460, ""user_id"": 100593322, ""user_group_id"": 191, ""open_time"": 1788624426, ""open_time_millisecond"": 1788624426689, ""expiration_time"": 1788624480, ""amount"": 25, ""enrolled_amount"": 25, ""currency"": ""USD"", ""profit_amount"": 0, ""profit_percent"": 187, ""option_type"": ""turbo"", ""option_type_id"": 3, ""direction"": ""call"", ""value"": 93.310195, ""active"": ""NZDJPY-OTC"", ""params"": null, ""platform_id"": 82, ""is_demo"": false, ""aff_id"": 0, ""balance_type_id"": 4, ""robot_id"": null, ""tournament_id"": null, ""bonus_rate"": 1, ""inout_diff"": 0, ""aff_track"": """", ""country_id"": 59, ""balance"": 0, ""client_platform_id"": 82, ""is_can_trade"": true, ""currency_mask"": ""$%s"", ""active_id"": 2138, ""balance_id"": 497753323, ""requested_at"": 1788624426688, ""created_at"": 1788624426689, ""updated_at"": 1788624426761}}, ""position-changed"": {""name"": ""position-changed"", ""microserviceName"": ""portfolio"", ""msg"": {""version"": 45544722316, ""id"": ""4cde79ff8740db68e4d7773b093ec168"", ""user_id"": 100593322, ""user_balance_id"": 497753323, ""platform_id"": 82, ""external_id"": 14233657460, ""active_id"": 2138, ""instrument_id"": ""2138"", ""source"": ""binary-options"", ""instrument_type"": ""turbo-option"", ""status"": ""open"", ""open_time"": 1788624426689, ""open_quote"": 93.310195, ""invest"": 25, ""invest_enrolled"": 25, ""sell_profit"": 9.35, ""sell_profit_enrolled"": 9.35, ""expected_profit"": 25, ""expected_profit_enrolled"": 25, ""pnl"": -15.65, ""pnl_net"": -15.65, ""current_price"": 93.310195, ""quote_timestamp"": 1788624426014, ""swap"": 0, ""raw_event"": {""index"": 13843108556, ""option_id"": 14233657460, ""user_id"": 100593322, ""balance_id"": 497753323, ""option_type_id"": 3, ""option_type"": ""turbo"", ""active_id"": 2138, ""platform_id"": 82, ""profit_percent"": 187, ""user_balance_type"": 4, ""currency"": ""USD"", ""direction"": ""call"", ""result"": ""opened"", ""amount"": 25, ""enrolled_amount"": 25, ""profit_amount"": null, ""win_enrolled_amount"": null, ""value"": 93.310195, ""expiration_value"": null, ""open_time"": 1788624426, ""open_time_millisecond"": 1788624426689, ""expiration_time"": 1788624480, ""initial_expiration_count"": 1, ""actual_expire"": null, ""user_group_id"": 191, ""requested_at"": 1788624426688, ""created_at"": 1788624426689, ""updated_at"": 1788624426761}}}}"
2026-09-05 12:40:07,CERRADA,14233735791,CHFJPY-OTC,turbo,put,11,continuación bajista con tendencia,40.78,21.75,"ESTRATEGIA: continuación bajista con tendencia, tendencia bajista, estructura bajista, EMA favorece venta, micro tendencia bajista, presión: presión bajista reciente, RSI: 40.78, calidad B, memoria permite operación, advertencia zona SR: PUT bloqueado: soporte cerca sin ruptura confirmada, enviada al cerebro único como evidencia, ubicación válida, MERCADO: TENDENCIA_BAJISTA - tendencia bajista confirmada por estructura, EMA e impulso, CALIDAD MERCADO: NORMAL score 66, TENDENCIA AVANZADA: BAJISTA_NORMAL fuerza 57.45, VALIDACIÓN MERCADO: PUT permitido a favor de tendencia bajista, ZONA SR: PUT bloqueado: soporte cerca sin ruptura confirmada, ACCION PRECIO: acción precio: PUT con soporte cerca; decisión delegada a zonas, RUPTURA: sin ruptura confirmada de soporte",D6_6_CORE4_OOS,NO_OPERAR_SOMBRA,True,R6_CONT_BAJISTA_IMPULSO_FUERTE,True,True,PUT permitido a favor de tendencia bajista,5,5,0.407,1788626406.6695724,1788626407.0762718,1,,,,,,"{""option-opened"": {""name"": ""option-opened"", ""microserviceName"": ""binary-options"", ""msg"": {""index"": 10349139558, ""option_id"": 14233735791, ""user_id"": 100593322, ""user_group_id"": 191, ""open_time"": 1788626406, ""open_time_millisecond"": 1788626406071, ""expiration_time"": 1788626460, ""amount"": 25, ""enrolled_amount"": 25, ""currency"": ""USD"", ""profit_amount"": 0, ""profit_percent"": 187, ""option_type"": ""turbo"", ""option_type_id"": 3, ""direction"": ""put"", ""value"": 190.0415, ""active"": ""CHFJPY-OTC"", ""params"": null, ""platform_id"": 82, ""is_demo"": false, ""aff_id"": 0, ""balance_type_id"": 4, ""robot_id"": null, ""tournament_id"": null, ""bonus_rate"": 1, ""inout_diff"": 0, ""aff_track"": """", ""country_id"": 59, ""balance"": 0, ""client_platform_id"": 82, ""is_can_trade"": true, ""currency_mask"": ""$%s"", ""active_id"": 2118, ""balance_id"": 497753323, ""requested_at"": 1788626406070, ""created_at"": 1788626406070, ""updated_at"": 1788626406143}}, ""position-changed"": {""name"": ""position-changed"", ""microserviceName"": ""portfolio"", ""msg"": {""version"": 45545030461, ""id"": ""9044003b586df744c8fb5b172512ed44"", ""user_id"": 100593322, ""user_balance_id"": 497753323, ""platform_id"": 82, ""external_id"": 14233735791, ""active_id"": 2118, ""instrument_id"": ""2118"", ""source"": ""binary-options"", ""instrument_type"": ""turbo-option"", ""status"": ""open"", ""open_time"": 1788626406071, ""open_quote"": 190.0415, ""invest"": 25, ""invest_enrolled"": 25, ""sell_profit"": 9.8175, ""sell_profit_enrolled"": 9.8175, ""expected_profit"": 25, ""expected_profit_enrolled"": 25, ""pnl"": -15.1825, ""pnl_net"": -15.1825, ""current_price"": 190.0415, ""quote_timestamp"": 1788626406000, ""swap"": 0, ""raw_event"": {""index"": 13843258465, ""option_id"": 14233735791, ""user_id"": 100593322, ""balance_id"": 497753323, ""option_type_id"": 3, ""option_type"": ""turbo"", ""active_id"": 2118, ""platform_id"": 82, ""profit_percent"": 187, ""user_balance_type"": 4, ""currency"": ""USD"", ""direction"": ""put"", ""result"": ""opened"", ""amount"": 25, ""enrolled_amount"": 25, ""profit_amount"": null, ""win_enrolled_amount"": null, ""value"": 190.0415, ""expiration_value"": null, ""open_time"": 1788626406, ""open_time_millisecond"": 1788626406071, ""expiration_time"": 1788626460, ""initial_expiration_count"": 1, ""actual_expire"": null, ""user_group_id"": 191, ""requested_at"": 1788626406070, ""created_at"": 1788626406070, ""updated_at"": 1788626406143}}}}"
2026-09-05 12:48:08,CERRADA,14233757232,AUDJPY-OTC,turbo,put,20,pullback bajista a EMA,45.03,21.75,"ESTRATEGIA: pullback bajista a EMA, pullback bajista válido, EMA favorece venta, presión: presión bajista reciente, RSI: 45.03, rechazo vendedor fuerte, pin bar bajista, patrón contexto: patrón bajista válido en resistencia con contexto, calidad A+, memoria permite operación, ubicación válida, MERCADO: TENDENCIA_BAJISTA - tendencia bajista moderada por avance predominante, CALIDAD MERCADO: NORMAL score 57, TENDENCIA AVANZADA: BAJISTA_NORMAL fuerza 60.45, VALIDACIÓN MERCADO: tendencia sucia: pullback bajista permitido con puntaje alto, ZONA SR: zona válida, ACCION PRECIO: acción precio: rechazo vendedor en resistencia, RUPTURA: sin ruptura confirmada de soporte",D6_6_CORE4_OOS,NO_OPERAR_SOMBRA,True,R4_PULLBACK_BAJISTA_PREMIUM,True,True,tendencia sucia: pullback bajista permitido con puntaje alto,5,6,1.151,1788626886.8871844,1788626888.0382948,1,,,,,,"{""option-opened"": {""name"": ""option-opened"", ""microserviceName"": ""binary-options"", ""msg"": {""index"": 10349159427, ""option_id"": 14233757232, ""user_id"": 100593322, ""user_group_id"": 191, ""open_time"": 1788626886, ""open_time_millisecond"": 1788626886311, ""expiration_time"": 1788626940, ""amount"": 25, ""enrolled_amount"": 25, ""currency"": ""USD"", ""profit_amount"": 0, ""profit_percent"": 187, ""option_type"": ""turbo"", ""option_type_id"": 3, ""direction"": ""put"", ""value"": 112.604225, ""active"": ""AUDJPY-OTC"", ""params"": null, ""platform_id"": 82, ""is_demo"": false, ""aff_id"": 0, ""balance_type_id"": 4, ""robot_id"": null, ""tournament_id"": null, ""bonus_rate"": 1, ""inout_diff"": 0, ""aff_track"": """", ""country_id"": 59, ""balance"": 0, ""client_platform_id"": 82, ""is_can_trade"": true, ""currency_mask"": ""$%s"", ""active_id"": 2113, ""balance_id"": 497753323, ""requested_at"": 1788626886310, ""created_at"": 1788626886311, ""updated_at"": 1788626886383}}, ""position-changed"": {""name"": ""position-changed"", ""microserviceName"": ""portfolio"", ""msg"": {""version"": 45545108671, ""id"": ""f92fab310d4cd665e9da7a360433cc65"", ""user_id"": 100593322, ""user_balance_id"": 497753323, ""platform_id"": 82, ""external_id"": 14233757232, ""active_id"": 2113, ""instrument_id"": ""2113"", ""source"": ""binary-options"", ""instrument_type"": ""turbo-option"", ""status"": ""open"", ""open_time"": 1788626886311, ""open_quote"": 112.604225, ""invest"": 25, ""invest_enrolled"": 25, ""sell_profit"": 9.8175, ""sell_profit_enrolled"": 9.8175, ""expected_profit"": 0, ""expected_profit_enrolled"": 0, ""pnl"": -15.1825, ""pnl_net"": -15.1825, ""current_price"": 112.608265, ""quote_timestamp"": 1788626886000, ""swap"": 0, ""raw_event"": {""index"": 13843300148, ""option_id"": 14233757232, ""user_id"": 100593322, ""balance_id"": 497753323, ""option_type_id"": 3, ""option_type"": ""turbo"", ""active_id"": 2113, ""platform_id"": 82, ""profit_percent"": 187, ""user_balance_type"": 4, ""currency"": ""USD"", ""direction"": ""put"", ""result"": ""opened"", ""amount"": 25, ""enrolled_amount"": 25, ""profit_amount"": null, ""win_enrolled_amount"": null, ""value"": 112.604225, ""expiration_value"": null, ""open_time"": 1788626886, ""open_time_millisecond"": 1788626886311, ""expiration_time"": 1788626940, ""initial_expiration_count"": 1, ""actual_expire"": null, ""user_group_id"": 191, ""requested_at"": 1788626886310, ""created_at"": 1788626886311, ""updated_at"": 1788626886383}}}}"
2026-09-05 12:49:10,CERRADA,14233759712,US2000-OTC,turbo,put,18,pullback bajista a EMA,57.53,21.75,"ESTRATEGIA: pullback bajista a EMA, pullback bajista válido, EMA favorece venta, presión: presión alcista reciente, RSI: 57.53, rechazo vendedor por recuperación fallida, pin bar bajista, calidad A+, memoria permite operación, advertencia mercado: pullback bajista requiere tendencia bajista fuerte o puntaje alto, enviada al cerebro único como evidencia, ubicación válida, MERCADO: TENDENCIA_BAJISTA - tendencia bajista moderada por avance predominante, CALIDAD MERCADO: NORMAL score 62, TENDENCIA AVANZADA: BAJISTA_NORMAL fuerza 55.05, VALIDACIÓN MERCADO: pullback bajista requiere tendencia bajista fuerte o puntaje alto, ZONA SR: PUT permitido: señal fuerte cerca de soporte, ACCION PRECIO: acción precio: PUT con soporte cerca; decisión delegada a zonas, RUPTURA: sin ruptura confirmada de soporte",D6_6_CORE4_OOS,NO_OPERAR_SOMBRA,True,R4_PULLBACK_BAJISTA_PREMIUM,True,False,pullback bajista requiere tendencia bajista fuerte o puntaje alto,8,9,0.43,1788626950.1578074,1788626950.587459,1,,,,,,"{""option-opened"": {""name"": ""option-opened"", ""microserviceName"": ""binary-options"", ""msg"": {""index"": 10349161796, ""option_id"": 14233759712, ""user_id"": 100593322, ""user_group_id"": 191, ""open_time"": 1788626949, ""open_time_millisecond"": 1788626949591, ""expiration_time"": 1788627000, ""amount"": 25, ""enrolled_amount"": 25, ""currency"": ""USD"", ""profit_amount"": 0, ""profit_percent"": 187, ""option_type"": ""turbo"", ""option_type_id"": 3, ""direction"": ""put"", ""value"": 2970.435, ""active"": ""US2000-OTC"", ""params"": null, ""platform_id"": 82, ""is_demo"": false, ""aff_id"": 0, ""balance_type_id"": 4, ""robot_id"": null, ""tournament_id"": null, ""bonus_rate"": 1, ""inout_diff"": 0, ""aff_track"": """", ""country_id"": 59, ""balance"": 0, ""client_platform_id"": 82, ""is_can_trade"": true, ""currency_mask"": ""$%s"", ""active_id"": 2108, ""balance_id"": 497753323, ""requested_at"": 1788626949590, ""created_at"": 1788626949591, ""updated_at"": 1788626949663}}, ""position-changed"": {""name"": ""position-changed"", ""microserviceName"": ""portfolio"", ""msg"": {""version"": 45545117894, ""id"": ""08d9ab947830aa1995a6064a784fb019"", ""user_id"": 100593322, ""user_balance_id"": 497753323, ""platform_id"": 82, ""external_id"": 14233759712, ""active_id"": 2108, ""instrument_id"": ""2108"", ""source"": ""binary-options"", ""instrument_type"": ""turbo-option"", ""status"": ""open"", ""open_time"": 1788626949591, ""open_quote"": 2970.435, ""invest"": 25, ""invest_enrolled"": 25, ""sell_profit"": 11.22, ""sell_profit_enrolled"": 11.22, ""expected_profit"": 25, ""expected_profit_enrolled"": 25, ""pnl"": -13.78, ""pnl_net"": -13.78, ""current_price"": 2970.435, ""quote_timestamp"": 1788626949570, ""swap"": 0, ""raw_event"": {""index"": 13843305046, ""option_id"": 14233759712, ""user_id"": 100593322, ""balance_id"": 497753323, ""option_type_id"": 3, ""option_type"": ""turbo"", ""active_id"": 2108, ""platform_id"": 82, ""profit_percent"": 187, ""user_balance_type"": 4, ""currency"": ""USD"", ""direction"": ""put"", ""result"": ""opened"", ""amount"": 25, ""enrolled_amount"": 25, ""profit_amount"": null, ""win_enrolled_amount"": null, ""value"": 2970.435, ""expiration_value"": null, ""open_time"": 1788626949, ""open_time_millisecond"": 1788626949591, ""expiration_time"": 1788627000, ""initial_expiration_count"": 1, ""actual_expire"": null, ""user_group_id"": 191, ""requested_at"": 1788626949590, ""created_at"": 1788626949591, ""updated_at"": 1788626949663}}}}"
2026-09-05 12:50:06,CERRADA,14233762006,FR40-OTC,turbo,put,24,reacción vendedora en resistencia,62.31,-25.0,"ESTRATEGIA: reacción vendedora en resistencia, PUT válido por price action profesional: agotamiento alcista confirmado: resistencia + pérdida de fuerza + confirmación bajista | impulso alcista medio: avance válido pero no dominante | impulso previo contrario compatible con reversión confirmada | evidencias CALL: IMPULSO_ALCISTA_MEDIO | evidencias PUT: AGOTAMIENTO_ALCISTA_CONFIRMADO | contradicciones: existen evidencias direccionales CALL y PUT, precio reaccionando en resistencia, presión: presión alcista reciente, RSI: 62.31, rechazo vendedor por recuperación fallida, pin bar bajista, liquidity sweep bajista: barrida de máximos | vela roja confirma rechazo | mecha superior dominante | cierre en zona baja de la vela | barrida con exceso suficiente | rango de vela válido | cuerpo de vela suficiente | cierre actual confirma presión bajista | estructura inmediata rechaza máximos | score_sweep=100, calidad A+, memoria permite operación, ubicación válida, MERCADO: TENDENCIA_ALCISTA - tendencia alcista confirmada por estructura, EMA e impulso, CALIDAD MERCADO: NORMAL score 57, TENDENCIA AVANZADA: ALCISTA_NORMAL fuerza 67.66, VALIDACIÓN MERCADO: PUT contra tendencia permitido por agotamiento alcista, ZONA SR: PUT permitido: señal fuerte cerca de soporte, ACCION PRECIO: acción precio: rechazo vendedor en resistencia, RUPTURA: sin ruptura confirmada de soporte",D7_5_REACCION_ZONA_ALCISTA,NO_OPERAR_SOMBRA,False,,True,True,PUT contra tendencia permitido por agotamiento alcista,4,5,0.482,1788627006.0872462,1788627006.5693064,1,,,,,,"{""option-opened"": {""name"": ""option-opened"", ""microserviceName"": ""binary-options"", ""msg"": {""index"": 10349163963, ""option_id"": 14233762006, ""user_id"": 100593322, ""user_group_id"": 191, ""open_time"": 1788627005, ""open_time_millisecond"": 1788627005504, ""expiration_time"": 1788627060, ""amount"": 25, ""enrolled_amount"": 25, ""currency"": ""USD"", ""profit_amount"": 0, ""profit_percent"": 187, ""option_type"": ""turbo"", ""option_type_id"": 3, ""direction"": ""put"", ""value"": 8465.237735, ""active"": ""FR40-OTC"", ""params"": null, ""platform_id"": 82, ""is_demo"": false, ""aff_id"": 0, ""balance_type_id"": 4, ""robot_id"": null, ""tournament_id"": null, ""bonus_rate"": 1, ""inout_diff"": 0, ""aff_track"": """", ""country_id"": 59, ""balance"": 0, ""client_platform_id"": 82, ""is_can_trade"": true, ""currency_mask"": ""$%s"", ""active_id"": 2045, ""balance_id"": 497753323, ""requested_at"": 1788627005503, ""created_at"": 1788627005504, ""updated_at"": 1788627005575}}}"
2026-09-05 13:00:08,CERRADA,14233786415,MU-OTC,turbo,call,21,CHOCH alcista,58.29,21.75,"ESTRATEGIA: CHOCH alcista, CHOCH alcista confirmado: ruptura con cuerpo, EMA favorece compra, CHOCH con contexto confirmado, rechazo histórico: sin rechazo histórico dominante, presión: presión alcista reciente, patrón contexto: patrón alcista sin contexto suficiente, RSI: 58.29, CHOCH apoyado en soporte, price action profesional favorece CALL: impulso alcista fuerte: avance limpio, cierres altos y fuerza sostenida, micro contexto: impulso alcista, calidad A+, memoria permite operación, advertencia mercado: tendencia sucia: CHOCH débil bloqueado, enviada al cerebro único como evidencia, ubicación válida, MERCADO: TENDENCIA_ALCISTA - tendencia alcista confirmada por estructura, EMA e impulso, CALIDAD MERCADO: NORMAL score 67, TENDENCIA AVANZADA: ALCISTA_FUERTE fuerza 86.66, VALIDACIÓN MERCADO: tendencia sucia: CHOCH débil bloqueado, ZONA SR: CALL permitido: señal fuerte cerca de resistencia, ACCION PRECIO: acción precio: CALL con resistencia cerca; decisión delegada a zonas, RUPTURA: sin ruptura confirmada de resistencia",PROBABILIDAD_HISTORICA_V3,OPERAR_CON_PROTOCOLO_SOMBRA,False,,True,False,tendencia sucia: CHOCH débil bloqueado,5,6,0.516,1788627607.5871806,1788627608.1035264,1,,,,,,"{""option-opened"": {""name"": ""option-opened"", ""microserviceName"": ""binary-options"", ""msg"": {""index"": 10349186359, ""option_id"": 14233786415, ""user_id"": 100593322, ""user_group_id"": 191, ""open_time"": 1788627607, ""open_time_millisecond"": 1788627607028, ""expiration_time"": 1788627660, ""amount"": 25, ""enrolled_amount"": 25, ""currency"": ""USD"", ""profit_amount"": 0, ""profit_percent"": 187, ""option_type"": ""turbo"", ""option_type_id"": 3, ""direction"": ""call"", ""value"": 959.898655, ""active"": ""MU-OTC"", ""params"": null, ""platform_id"": 82, ""is_demo"": false, ""aff_id"": 0, ""balance_type_id"": 4, ""robot_id"": null, ""tournament_id"": null, ""bonus_rate"": 1, ""inout_diff"": 0, ""aff_track"": """", ""country_id"": 59, ""balance"": 0, ""client_platform_id"": 82, ""is_can_trade"": true, ""currency_mask"": ""$%s"", ""active_id"": 2402, ""balance_id"": 497753323, ""requested_at"": 1788627607027, ""created_at"": 1788627607028, ""updated_at"": 1788627607105}}, ""position-changed"": {""name"": ""position-changed"", ""microserviceName"": ""portfolio"", ""msg"": {""version"": 45545225334, ""id"": ""afdc2b50738c15a62a19b9f5c7f00fa6"", ""user_id"": 100593322, ""user_balance_id"": 497753323, ""platform_id"": 82, ""external_id"": 14233786415, ""active_id"": 2402, ""instrument_id"": ""2402"", ""source"": ""binary-options"", ""instrument_type"": ""turbo-option"", ""status"": ""open"", ""open_time"": 1788627607028, ""open_quote"": 959.898655, ""invest"": 25, ""invest_enrolled"": 25, ""sell_profit"": 7.0125, ""sell_profit_enrolled"": 7.0125, ""expected_profit"": 25, ""expected_profit_enrolled"": 25, ""pnl"": -17.9875, ""pnl_net"": -17.9875, ""current_price"": 959.898655, ""quote_timestamp"": 1788627607000, ""swap"": 0, ""raw_event"": {""index"": 13843356845, ""option_id"": 14233786415, ""user_id"": 100593322, ""balance_id"": 497753323, ""option_type_id"": 3, ""option_type"": ""turbo"", ""active_id"": 2402, ""platform_id"": 82, ""profit_percent"": 187, ""user_balance_type"": 4, ""currency"": ""USD"", ""direction"": ""call"", ""result"": ""opened"", ""amount"": 25, ""enrolled_amount"": 25, ""profit_amount"": null, ""win_enrolled_amount"": null, ""value"": 959.898655, ""expiration_value"": null, ""open_time"": 1788627607, ""open_time_millisecond"": 1788627607028, ""expiration_time"": 1788627660, ""initial_expiration_count"": 1, ""actual_expire"": null, ""user_group_id"": 191, ""requested_at"": 1788627607027, ""created_at"": 1788627607028, ""updated_at"": 1788627607105}}}}"
2026-09-05 13:00:08,CERRADA,14233786445,GBPJPY-OTC,turbo,put,23,reacción vendedora en resistencia,47.32,-25.0,"ESTRATEGIA: reacción vendedora en resistencia, PUT válido por price action profesional: rechazo vendedor confirmado: resistencia + cierre bajo + confirmación sin soporte inmediato, precio reaccionando en resistencia, presión: presión bajista reciente, RSI: 47.32, evening star bajista, patrón contexto: evening star válido en resistencia, calidad C, memoria permite operación, ubicación válida, MERCADO: RANGO - precio lateral o sin avance direccional fuerte, CALIDAD MERCADO: NORMAL score 70, TENDENCIA AVANZADA: BAJISTA_DEBIL fuerza 36.58, VALIDACIÓN MERCADO: mercado permitido, ZONA SR: PUT permitido: cerca de resistencia, ACCION PRECIO: acción precio: PUT con soporte cerca; decisión delegada a zonas, RUPTURA: sin ruptura confirmada de soporte",D6_6_CORE4_OOS,NO_OPERAR_SOMBRA,True,R1_INDEFINIDO_PREMIUM,True,True,mercado permitido,6,6,0.461,1788627608.1933005,1788627608.6539376,1,,,,,,"{""option-opened"": {""name"": ""option-opened"", ""microserviceName"": ""binary-options"", ""msg"": {""index"": 10349186388, ""option_id"": 14233786445, ""user_id"": 100593322, ""user_group_id"": 191, ""open_time"": 1788627607, ""open_time_millisecond"": 1788627607607, ""expiration_time"": 1788627660, ""amount"": 25, ""enrolled_amount"": 25, ""currency"": ""USD"", ""profit_amount"": 0, ""profit_percent"": 182, ""option_type"": ""turbo"", ""option_type_id"": 3, ""direction"": ""put"", ""value"": 208.507435, ""active"": ""GBPJPY-OTC"", ""params"": null, ""platform_id"": 82, ""is_demo"": false, ""aff_id"": 0, ""balance_type_id"": 4, ""robot_id"": null, ""tournament_id"": null, ""bonus_rate"": 1, ""inout_diff"": 0, ""aff_track"": """", ""country_id"": 59, ""balance"": 0, ""client_platform_id"": 82, ""is_can_trade"": true, ""currency_mask"": ""$%s"", ""active_id"": 84, ""balance_id"": 497753323, ""requested_at"": 1788627607606, ""created_at"": 1788627607607, ""updated_at"": 1788627607678}}, ""position-changed"": {""name"": ""position-changed"", ""microserviceName"": ""portfolio"", ""msg"": {""version"": 45545225448, ""id"": ""058d5ac78679e053dfec4c003205fa53"", ""user_id"": 100593322, ""user_balance_id"": 497753323, ""platform_id"": 82, ""external_id"": 14233786445, ""active_id"": 84, ""instrument_id"": ""84"", ""source"": ""binary-options"", ""instrument_type"": ""turbo-option"", ""status"": ""open"", ""open_time"": 1788627607607, ""open_quote"": 208.507435, ""invest"": 25, ""invest_enrolled"": 25, ""sell_profit"": 6.370000000000001, ""sell_profit_enrolled"": 6.370000000000001, ""expected_profit"": 0, ""expected_profit_enrolled"": 0, ""pnl"": -18.63, ""pnl_net"": -18.63, ""current_price"": 208.517655, ""quote_timestamp"": 1788627607201, ""swap"": 0, ""raw_event"": {""index"": 13843356893, ""option_id"": 14233786445, ""user_id"": 100593322, ""balance_id"": 497753323, ""option_type_id"": 3, ""option_type"": ""turbo"", ""active_id"": 84, ""platform_id"": 82, ""profit_percent"": 182, ""user_balance_type"": 4, ""currency"": ""USD"", ""direction"": ""put"", ""result"": ""opened"", ""amount"": 25, ""enrolled_amount"": 25, ""profit_amount"": null, ""win_enrolled_amount"": null, ""value"": 208.507435, ""expiration_value"": null, ""open_time"": 1788627607, ""open_time_millisecond"": 1788627607607, ""expiration_time"": 1788627660, ""initial_expiration_count"": 1, ""actual_expire"": null, ""user_group_id"": 191, ""requested_at"": 1788627607606, ""created_at"": 1788627607607, ""updated_at"": 1788627607678}}}}"
2026-09-05 13:00:09,CERRADA,14233786470,EURGBP-OTC,turbo,put,20,pullback bajista a EMA,45.25,-25.0,"ESTRATEGIA: pullback bajista a EMA, pullback bajista válido, EMA favorece venta, presión: presión neutral, RSI: 45.25, rechazo vendedor por recuperación fallida, pin bar bajista, patrón contexto: patrón bajista válido en resistencia con contexto, calidad A+, memoria permite operación, ubicación válida, MERCADO: TENDENCIA_BAJISTA - tendencia bajista moderada por avance predominante, CALIDAD MERCADO: NORMAL score 56, TENDENCIA AVANZADA: BAJISTA_NORMAL fuerza 53.2, VALIDACIÓN MERCADO: tendencia sucia: pullback bajista permitido con puntaje alto, ZONA SR: zona válida, ACCION PRECIO: acción precio: rechazo vendedor en resistencia, RUPTURA: sin ruptura confirmada de soporte",D6_6_CORE4_OOS,NO_OPERAR_SOMBRA,True,R4_PULLBACK_BAJISTA_PREMIUM,True,True,tendencia sucia: pullback bajista permitido con puntaje alto,6,7,0.536,1788627608.758069,1788627609.294552,1,,,,,,"{""option-opened"": {""name"": ""option-opened"", ""microserviceName"": ""binary-options"", ""msg"": {""index"": 10349186410, ""option_id"": 14233786470, ""user_id"": 100593322, ""user_group_id"": 191, ""open_time"": 1788627608, ""open_time_millisecond"": 1788627608197, ""expiration_time"": 1788627660, ""amount"": 25, ""enrolled_amount"": 25, ""currency"": ""USD"", ""profit_amount"": 0, ""profit_percent"": 182, ""option_type"": ""turbo"", ""option_type_id"": 3, ""direction"": ""put"", ""value"": 0.861095, ""active"": ""EURGBP-OTC"", ""params"": null, ""platform_id"": 82, ""is_demo"": false, ""aff_id"": 0, ""balance_type_id"": 4, ""robot_id"": null, ""tournament_id"": null, ""bonus_rate"": 1, ""inout_diff"": 0, ""aff_track"": """", ""country_id"": 59, ""balance"": 0, ""client_platform_id"": 82, ""is_can_trade"": true, ""currency_mask"": ""$%s"", ""active_id"": 77, ""balance_id"": 497753323, ""requested_at"": 1788627608196, ""created_at"": 1788627608197, ""updated_at"": 1788627608265}}}"
2026-09-05 13:28:07,CERRADA,14233855756,GS-OTC,turbo,call,19,CHOCH alcista,61.14,21.75,"ESTRATEGIA: CHOCH alcista, CHOCH alcista confirmado: ruptura con cuerpo, EMA favorece compra, CHOCH con contexto confirmado, rechazo histórico: sin rechazo histórico dominante, presión: presión alcista reciente, patrón contexto: patrón alcista sin contexto suficiente, RSI: 61.14, price action profesional favorece CALL: impulso alcista fuerte: avance limpio, cierres altos y fuerza sostenida, micro contexto: impulso alcista, calidad A, memoria permite operación, advertencia mercado: CHOCH contra tendencia bloqueado, enviada al cerebro único como evidencia, ubicación válida, MERCADO: RANGO - precio lateral o sin avance direccional fuerte, CALIDAD MERCADO: LIMPIO score 83, TENDENCIA AVANZADA: BAJISTA_DEBIL fuerza 46.23, VALIDACIÓN MERCADO: CHOCH contra tendencia bloqueado, ZONA SR: CALL permitido: señal fuerte cerca de resistencia, ACCION PRECIO: acción precio: CALL con resistencia cerca; decisión delegada a zonas, RUPTURA: sin ruptura confirmada de resistencia",PROBABILIDAD_HISTORICA_V3,OPERAR_CON_PROTOCOLO_SOMBRA,False,,True,False,CHOCH contra tendencia bloqueado,6,6,0.429,1788629287.2751818,1788629287.704202,1,,,,,,"{""option-opened"": {""name"": ""option-opened"", ""microserviceName"": ""binary-options"", ""msg"": {""index"": 10349250860, ""option_id"": 14233855756, ""user_id"": 100593322, ""user_group_id"": 191, ""open_time"": 1788629286, ""open_time_millisecond"": 1788629286722, ""expiration_time"": 1788629340, ""amount"": 25, ""enrolled_amount"": 25, ""currency"": ""USD"", ""profit_amount"": 0, ""profit_percent"": 187, ""option_type"": ""turbo"", ""option_type_id"": 3, ""direction"": ""call"", ""value"": 1041.3715, ""active"": ""GS-OTC"", ""params"": null, ""platform_id"": 82, ""is_demo"": false, ""aff_id"": 0, ""balance_type_id"": 4, ""robot_id"": null, ""tournament_id"": null, ""bonus_rate"": 1, ""inout_diff"": 0, ""aff_track"": """", ""country_id"": 59, ""balance"": 0, ""client_platform_id"": 82, ""is_can_trade"": true, ""currency_mask"": ""$%s"", ""active_id"": 2110, ""balance_id"": 497753323, ""requested_at"": 1788629286721, ""created_at"": 1788629286722, ""updated_at"": 1788629286794}}, ""position-changed"": {""name"": ""position-changed"", ""microserviceName"": ""portfolio"", ""msg"": {""version"": 45545482940, ""id"": ""6635d56060a0388b073494d8eadd228b"", ""user_id"": 100593322, ""user_balance_id"": 497753323, ""platform_id"": 82, ""external_id"": 14233855756, ""active_id"": 2110, ""instrument_id"": ""2110"", ""source"": ""binary-options"", ""instrument_type"": ""turbo-option"", ""status"": ""open"", ""open_time"": 1788629286722, ""open_quote"": 1041.3715, ""invest"": 25, ""invest_enrolled"": 25, ""sell_profit"": 11.6875, ""sell_profit_enrolled"": 11.6875, ""expected_profit"": 25, ""expected_profit_enrolled"": 25, ""pnl"": -13.3125, ""pnl_net"": -13.3125, ""current_price"": 1041.3715, ""quote_timestamp"": 1788629286419, ""swap"": 0, ""raw_event"": {""index"": 13843489869, ""option_id"": 14233855756, ""user_id"": 100593322, ""balance_id"": 497753323, ""option_type_id"": 3, ""option_type"": ""turbo"", ""active_id"": 2110, ""platform_id"": 82, ""profit_percent"": 187, ""user_balance_type"": 4, ""currency"": ""USD"", ""direction"": ""call"", ""result"": ""opened"", ""amount"": 25, ""enrolled_amount"": 25, ""profit_amount"": null, ""win_enrolled_amount"": null, ""value"": 1041.3715, ""expiration_value"": null, ""open_time"": 1788629286, ""open_time_millisecond"": 1788629286722, ""expiration_time"": 1788629340, ""initial_expiration_count"": 1, ""actual_expire"": null, ""user_group_id"": 191, ""requested_at"": 1788629286721, ""created_at"": 1788629286722, ""updated_at"": 1788629286794}}}}"
2026-09-05 13:36:07,CERRADA,14233875762,LTCUSD-OTC,turbo,call,18,reacción compradora en soporte,41.92,-25.0,"ESTRATEGIA: reacción compradora en soporte, CALL válido por price action profesional: rechazo comprador confirmado: soporte + cierre alto + confirmación sin resistencia inmediata | impulso alcista medio: avance válido pero no dominante, precio reaccionando en soporte, presión: presión bajista reciente, RSI: 41.92, calidad C, memoria permite operación, ubicación válida, MERCADO: RANGO - precio lateral o sin avance direccional fuerte, CALIDAD MERCADO: NORMAL score 67, TENDENCIA AVANZADA: BAJISTA_DEBIL fuerza 44.18, VALIDACIÓN MERCADO: mercado permitido, ZONA SR: CALL permitido: señal fuerte cerca de resistencia, ACCION PRECIO: acción precio: CALL con resistencia cerca; decisión delegada a zonas, RUPTURA: sin ruptura confirmada de resistencia",D6_6_CORE4_OOS,NO_OPERAR_SOMBRA,True,R2_RECHAZO_COMPRADOR_CONFIRMADO,True,True,mercado permitido,6,6,0.517,1788629767.2370052,1788629767.753554,1,,,,,,"{""option-opened"": {""name"": ""option-opened"", ""microserviceName"": ""binary-options"", ""msg"": {""index"": 10349269175, ""option_id"": 14233875762, ""user_id"": 100593322, ""user_group_id"": 191, ""open_time"": 1788629766, ""open_time_millisecond"": 1788629766688, ""expiration_time"": 1788629820, ""amount"": 25, ""enrolled_amount"": 25, ""currency"": ""USD"", ""profit_amount"": 0, ""profit_percent"": 187, ""option_type"": ""turbo"", ""option_type_id"": 3, ""direction"": ""call"", ""value"": 49.064025, ""active"": ""LTCUSD-OTC"", ""params"": null, ""platform_id"": 82, ""is_demo"": false, ""aff_id"": 0, ""balance_type_id"": 4, ""robot_id"": null, ""tournament_id"": null, ""bonus_rate"": 1, ""inout_diff"": 0, ""aff_track"": """", ""country_id"": 59, ""balance"": 0, ""client_platform_id"": 82, ""is_can_trade"": true, ""currency_mask"": ""$%s"", ""active_id"": 2126, ""balance_id"": 497753323, ""requested_at"": 1788629766687, ""created_at"": 1788629766688, ""updated_at"": 1788629766762}}}"
2026-09-05 13:37:07,CERRADA,14233878330,ARBUSD-OTC,turbo,call,18,reacción compradora en soporte,49.52,-25.0,"ESTRATEGIA: reacción compradora en soporte, CALL válido por price action profesional: rechazo comprador confirmado: soporte + cierre alto + confirmación sin resistencia inmediata | impulso alcista fuerte: avance limpio, cierres altos y fuerza sostenida, precio reaccionando en soporte, presión: presión alcista reciente, RSI: 49.52, calidad C, memoria permite operación, advertencia zona SR: zona bloqueada: mercado delicado requiere mejor confirmación, enviada al cerebro único como evidencia, ubicación válida, MERCADO: RANGO - precio lateral o sin avance direccional fuerte, CALIDAD MERCADO: NORMAL score 61, TENDENCIA AVANZADA: BAJISTA_DEBIL fuerza 45.65, VALIDACIÓN MERCADO: mercado permitido, ZONA SR: zona bloqueada: mercado delicado requiere mejor confirmación, ACCION PRECIO: acción precio: CALL con resistencia cerca; decisión delegada a zonas, RUPTURA: sin ruptura confirmada de resistencia",PROBABILIDAD_HISTORICA_V3,OPERAR_CON_PROTOCOLO_SOMBRA,False,,True,True,mercado permitido,5,5,0.418,1788629827.1695962,1788629827.587937,1,,,,,,"{""option-opened"": {""name"": ""option-opened"", ""microserviceName"": ""binary-options"", ""msg"": {""index"": 10349271550, ""option_id"": 14233878330, ""user_id"": 100593322, ""user_group_id"": 191, ""open_time"": 1788629826, ""open_time_millisecond"": 1788629826619, ""expiration_time"": 1788629880, ""amount"": 25, ""enrolled_amount"": 25, ""currency"": ""USD"", ""profit_amount"": 0, ""profit_percent"": 187, ""option_type"": ""turbo"", ""option_type_id"": 3, ""direction"": ""call"", ""value"": 0.134645, ""active"": ""ARBUSD-OTC"", ""params"": null, ""platform_id"": 82, ""is_demo"": false, ""aff_id"": 0, ""balance_type_id"": 4, ""robot_id"": null, ""tournament_id"": null, ""bonus_rate"": 1, ""inout_diff"": 0, ""aff_track"": """", ""country_id"": 59, ""balance"": 0, ""client_platform_id"": 82, ""is_can_trade"": true, ""currency_mask"": ""$%s"", ""active_id"": 2156, ""balance_id"": 497753323, ""requested_at"": 1788629826618, ""created_at"": 1788629826619, ""updated_at"": 1788629826691}}, ""position-changed"": {""name"": ""position-changed"", ""microserviceName"": ""portfolio"", ""msg"": {""version"": 45545568749, ""id"": ""1455607c4a52ca79f5c6662a182fd079"", ""user_id"": 100593322, ""user_balance_id"": 497753323, ""platform_id"": 82, ""external_id"": 14233878330, ""active_id"": 2156, ""instrument_id"": ""2156"", ""source"": ""binary-options"", ""instrument_type"": ""turbo-option"", ""status"": ""open"", ""open_time"": 1788629826619, ""open_quote"": 0.134645, ""invest"": 25, ""invest_enrolled"": 25, ""sell_profit"": 11.22, ""sell_profit_enrolled"": 11.22, ""expected_profit"": 25, ""expected_profit_enrolled"": 25, ""pnl"": -13.78, ""pnl_net"": -13.78, ""current_price"": 0.134645, ""quote_timestamp"": 1788629826334, ""swap"": 0, ""raw_event"": {""index"": 13843533214, ""option_id"": 14233878330, ""user_id"": 100593322, ""balance_id"": 497753323, ""option_type_id"": 3, ""option_type"": ""turbo"", ""active_id"": 2156, ""platform_id"": 82, ""profit_percent"": 187, ""user_balance_type"": 4, ""currency"": ""USD"", ""direction"": ""call"", ""result"": ""opened"", ""amount"": 25, ""enrolled_amount"": 25, ""profit_amount"": null, ""win_enrolled_amount"": null, ""value"": 0.134645, ""expiration_value"": null, ""open_time"": 1788629826, ""open_time_millisecond"": 1788629826619, ""expiration_time"": 1788629880, ""initial_expiration_count"": 1, ""actual_expire"": null, ""user_group_id"": 191, ""requested_at"": 1788629826618, ""created_at"": 1788629826619, ""updated_at"": 1788629826691}}}}"
2026-09-05 13:39:07,CERRADA,14233883001,TESLA-OTC,turbo,put,11,continuación bajista con tendencia,38.33,-25.0,"ESTRATEGIA: continuación bajista con tendencia, tendencia bajista, estructura bajista, EMA favorece venta, micro tendencia bajista, presión: presión bajista reciente, RSI: 38.33, calidad B, memoria permite operación, advertencia zona SR: PUT bloqueado: soporte cerca sin ruptura confirmada, enviada al cerebro único como evidencia, ubicación válida, MERCADO: TENDENCIA_BAJISTA - tendencia bajista confirmada por estructura, EMA e impulso, CALIDAD MERCADO: NORMAL score 63, TENDENCIA AVANZADA: BAJISTA_FUERTE fuerza 71.93, VALIDACIÓN MERCADO: PUT permitido a favor de tendencia bajista, ZONA SR: PUT bloqueado: soporte cerca sin ruptura confirmada, ACCION PRECIO: acción precio: PUT con soporte cerca; decisión delegada a zonas, RUPTURA: sin ruptura confirmada de soporte",D6_6_CORE4_OOS,NO_OPERAR_SOMBRA,True,R6_CONT_BAJISTA_IMPULSO_FUERTE,True,True,PUT permitido a favor de tendencia bajista,5,6,0.5,1788629946.7189522,1788629947.2194474,1,,,,,,"{""option-opened"": {""name"": ""option-opened"", ""microserviceName"": ""binary-options"", ""msg"": {""index"": 10349275848, ""option_id"": 14233883001, ""user_id"": 100593322, ""user_group_id"": 191, ""open_time"": 1788629946, ""open_time_millisecond"": 1788629946177, ""expiration_time"": 1788630000, ""amount"": 25, ""enrolled_amount"": 25, ""currency"": ""USD"", ""profit_amount"": 0, ""profit_percent"": 187, ""option_type"": ""turbo"", ""option_type_id"": 3, ""direction"": ""put"", ""value"": 328.367605, ""active"": ""TESLA-OTC"", ""params"": null, ""platform_id"": 82, ""is_demo"": false, ""aff_id"": 0, ""balance_type_id"": 4, ""robot_id"": null, ""tournament_id"": null, ""bonus_rate"": 1, ""inout_diff"": 0, ""aff_track"": """", ""country_id"": 59, ""balance"": 0, ""client_platform_id"": 82, ""is_can_trade"": true, ""currency_mask"": ""$%s"", ""active_id"": 1936, ""balance_id"": 497753323, ""requested_at"": 1788629946176, ""created_at"": 1788629946176, ""updated_at"": 1788629946244}}, ""position-changed"": {""name"": ""position-changed"", ""microserviceName"": ""portfolio"", ""msg"": {""version"": 45545587589, ""id"": ""9b50d8fa8ff961d25e6dcd81b3847bd2"", ""user_id"": 100593322, ""user_balance_id"": 497753323, ""platform_id"": 82, ""external_id"": 14233883001, ""active_id"": 1936, ""instrument_id"": ""1936"", ""source"": ""binary-options"", ""instrument_type"": ""turbo-option"", ""status"": ""open"", ""open_time"": 1788629946177, ""open_quote"": 328.367605, ""invest"": 25, ""invest_enrolled"": 25, ""sell_profit"": 11.22, ""sell_profit_enrolled"": 11.22, ""expected_profit"": 46.75, ""expected_profit_enrolled"": 46.75, ""pnl"": -13.78, ""pnl_net"": -13.78, ""current_price"": 328.341075, ""quote_timestamp"": 1788629946000, ""swap"": 0, ""raw_event"": {""index"": 13843542059, ""option_id"": 14233883001, ""user_id"": 100593322, ""balance_id"": 497753323, ""option_type_id"": 3, ""option_type"": ""turbo"", ""active_id"": 1936, ""platform_id"": 82, ""profit_percent"": 187, ""user_balance_type"": 4, ""currency"": ""USD"", ""direction"": ""put"", ""result"": ""opened"", ""amount"": 25, ""enrolled_amount"": 25, ""profit_amount"": null, ""win_enrolled_amount"": null, ""value"": 328.367605, ""expiration_value"": null, ""open_time"": 1788629946, ""open_time_millisecond"": 1788629946177, ""expiration_time"": 1788630000, ""initial_expiration_count"": 1, ""actual_expire"": null, ""user_group_id"": 191, ""requested_at"": 1788629946176, ""created_at"": 1788629946176, ""updated_at"": 1788629946244}}}}"
2026-09-05 14:13:08,CERRADA,14233962877,FB-OTC,turbo,call,19,CHOCH alcista,58.25,21.75,"ESTRATEGIA: CHOCH alcista, CHOCH alcista confirmado: ruptura con cuerpo, EMA favorece compra, CHOCH con contexto confirmado, rechazo histórico: sin rechazo histórico dominante, presión: presión alcista reciente, patrón contexto: patrón alcista sin contexto suficiente, RSI: 58.25, price action profesional favorece CALL: impulso alcista fuerte: avance limpio, cierres altos y fuerza sostenida, micro contexto: impulso alcista, calidad A, memoria permite operación, advertencia mercado: tendencia sucia: CHOCH débil bloqueado, enviada al cerebro único como evidencia, ubicación válida, MERCADO: TENDENCIA_ALCISTA - tendencia alcista moderada por avance predominante, CALIDAD MERCADO: NORMAL score 73, TENDENCIA AVANZADA: ALCISTA_NORMAL fuerza 52.66, VALIDACIÓN MERCADO: tendencia sucia: CHOCH débil bloqueado, ZONA SR: CALL permitido: señal fuerte cerca de resistencia, ACCION PRECIO: acción precio: CALL con resistencia cerca; decisión delegada a zonas, RUPTURA: sin ruptura confirmada de resistencia",PROBABILIDAD_HISTORICA_V3,OPERAR_CON_PROTOCOLO_SOMBRA,False,,True,False,tendencia sucia: CHOCH débil bloqueado,6,7,0.453,1788631987.5690298,1788631988.022241,1,,,,,,"{""option-opened"": {""name"": ""option-opened"", ""microserviceName"": ""binary-options"", ""msg"": {""index"": 10349347992, ""option_id"": 14233962877, ""user_id"": 100593322, ""user_group_id"": 191, ""open_time"": 1788631987, ""open_time_millisecond"": 1788631987087, ""expiration_time"": 1788632040, ""amount"": 25, ""enrolled_amount"": 25, ""currency"": ""USD"", ""profit_amount"": 0, ""profit_percent"": 187, ""option_type"": ""turbo"", ""option_type_id"": 3, ""direction"": ""call"", ""value"": 661.464115, ""active"": ""FB-OTC"", ""params"": null, ""platform_id"": 82, ""is_demo"": false, ""aff_id"": 0, ""balance_type_id"": 4, ""robot_id"": null, ""tournament_id"": null, ""bonus_rate"": 1, ""inout_diff"": 0, ""aff_track"": """", ""country_id"": 59, ""balance"": 0, ""client_platform_id"": 82, ""is_can_trade"": true, ""currency_mask"": ""$%s"", ""active_id"": 1937, ""balance_id"": 497753323, ""requested_at"": 1788631987086, ""created_at"": 1788631987086, ""updated_at"": 1788631987159}}, ""position-changed"": {""name"": ""position-changed"", ""microserviceName"": ""portfolio"", ""msg"": {""version"": 45545896456, ""id"": ""bdf85d6a1bb523901c2f8fc3f1c63990"", ""user_id"": 100593322, ""user_balance_id"": 497753323, ""platform_id"": 82, ""external_id"": 14233962877, ""active_id"": 1937, ""instrument_id"": ""1937"", ""source"": ""binary-options"", ""instrument_type"": ""turbo-option"", ""status"": ""open"", ""open_time"": 1788631987087, ""open_quote"": 661.464115, ""invest"": 25, ""invest_enrolled"": 25, ""sell_profit"": 7.0125, ""sell_profit_enrolled"": 7.0125, ""expected_profit"": 25, ""expected_profit_enrolled"": 25, ""pnl"": -17.9875, ""pnl_net"": -17.9875, ""current_price"": 661.464115, ""quote_timestamp"": 1788631987016, ""swap"": 0, ""raw_event"": {""index"": 13843694258, ""option_id"": 14233962877, ""user_id"": 100593322, ""balance_id"": 497753323, ""option_type_id"": 3, ""option_type"": ""turbo"", ""active_id"": 1937, ""platform_id"": 82, ""profit_percent"": 187, ""user_balance_type"": 4, ""currency"": ""USD"", ""direction"": ""call"", ""result"": ""opened"", ""amount"": 25, ""enrolled_amount"": 25, ""profit_amount"": null, ""win_enrolled_amount"": null, ""value"": 661.464115, ""expiration_value"": null, ""open_time"": 1788631987, ""open_time_millisecond"": 1788631987087, ""expiration_time"": 1788632040, ""initial_expiration_count"": 1, ""actual_expire"": null, ""user_group_id"": 191, ""requested_at"": 1788631987086, ""created_at"": 1788631987086, ""updated_at"": 1788631987159}}}}"
2026-09-05 14:16:07,CERRADA,14233970092,NVDA-OTC,turbo,put,11,continuación bajista con tendencia,39.08,21.75,"ESTRATEGIA: continuación bajista con tendencia, tendencia bajista, estructura bajista, EMA favorece venta, micro tendencia bajista, presión: presión bajista reciente, RSI: 39.08, calidad B, memoria permite operación, advertencia zona SR: PUT bloqueado: soporte cerca sin ruptura confirmada, enviada al cerebro único como evidencia, ubicación válida, MERCADO: TENDENCIA_BAJISTA - tendencia bajista moderada por avance predominante, CALIDAD MERCADO: LIMPIO score 77, TENDENCIA AVANZADA: BAJISTA_FUERTE fuerza 74.49, VALIDACIÓN MERCADO: PUT permitido a favor de tendencia bajista, ZONA SR: PUT bloqueado: soporte cerca sin ruptura confirmada, ACCION PRECIO: acción precio: PUT con soporte cerca; decisión delegada a zonas, RUPTURA: sin ruptura confirmada de soporte",D6_6_CORE4_OOS,NO_OPERAR_SOMBRA,True,R6_CONT_BAJISTA_IMPULSO_FUERTE,True,True,PUT permitido a favor de tendencia bajista,5,5,0.499,1788632166.5542674,1788632167.0533094,1,,,,,,"{""option-opened"": {""name"": ""option-opened"", ""microserviceName"": ""binary-options"", ""msg"": {""index"": 10349354600, ""option_id"": 14233970092, ""user_id"": 100593322, ""user_group_id"": 191, ""open_time"": 1788632166, ""open_time_millisecond"": 1788632166055, ""expiration_time"": 1788632220, ""amount"": 25, ""enrolled_amount"": 25, ""currency"": ""USD"", ""profit_amount"": 0, ""profit_percent"": 187, ""option_type"": ""turbo"", ""option_type_id"": 3, ""direction"": ""put"", ""value"": 221.052325, ""active"": ""NVDA-OTC"", ""params"": null, ""platform_id"": 82, ""is_demo"": false, ""aff_id"": 0, ""balance_type_id"": 4, ""robot_id"": null, ""tournament_id"": null, ""bonus_rate"": 1, ""inout_diff"": 0, ""aff_track"": """", ""country_id"": 59, ""balance"": 0, ""client_platform_id"": 82, ""is_can_trade"": true, ""currency_mask"": ""$%s"", ""active_id"": 2403, ""balance_id"": 497753323, ""requested_at"": 1788632166054, ""created_at"": 1788632166054, ""updated_at"": 1788632166136}}}"
2026-09-05 15:39:11,CERRADA,14234172086,HBARUSD-OTC,turbo,call,17,pullback alcista a EMA,46.49,-25.0,"ESTRATEGIA: pullback alcista a EMA, pullback alcista válido, EMA favorece compra, presión: presión bajista reciente, RSI: 46.49, morning star alcista, calidad A, memoria permite operación, ubicación válida, MERCADO: TENDENCIA_ALCISTA - tendencia alcista moderada por avance predominante, CALIDAD MERCADO: NORMAL score 57, TENDENCIA AVANZADA: ALCISTA_NORMAL fuerza 61.88, VALIDACIÓN MERCADO: pullback alcista permitido con filtro reforzado, ZONA SR: CALL permitido: cerca de soporte, ACCION PRECIO: acción precio: CALL con resistencia cerca; decisión delegada a zonas, RUPTURA: sin ruptura confirmada de resistencia",D6_6_CORE4_OOS,NO_OPERAR_SOMBRA,True,R2_RECHAZO_COMPRADOR_CONFIRMADO,True,True,pullback alcista permitido con filtro reforzado,8,9,0.613,1788637150.3847694,1788637150.9980288,1,,,,,,"{""option-opened"": {""name"": ""option-opened"", ""microserviceName"": ""binary-options"", ""msg"": {""index"": 10349539461, ""option_id"": 14234172086, ""user_id"": 100593322, ""user_group_id"": 191, ""open_time"": 1788637149, ""open_time_millisecond"": 1788637149972, ""expiration_time"": 1788637200, ""amount"": 25, ""enrolled_amount"": 25, ""currency"": ""USD"", ""profit_amount"": 0, ""profit_percent"": 187, ""option_type"": ""turbo"", ""option_type_id"": 3, ""direction"": ""call"", ""value"": 0.082265, ""active"": ""HBARUSD-OTC"", ""params"": null, ""platform_id"": 82, ""is_demo"": false, ""aff_id"": 0, ""balance_type_id"": 4, ""robot_id"": null, ""tournament_id"": null, ""bonus_rate"": 1, ""inout_diff"": 0, ""aff_track"": """", ""country_id"": 59, ""balance"": 0, ""client_platform_id"": 82, ""is_can_trade"": true, ""currency_mask"": ""$%s"", ""active_id"": 2288, ""balance_id"": 497753323, ""requested_at"": 1788637149971, ""created_at"": 1788637149971, ""updated_at"": 1788637150068}}}"
2026-09-05 15:56:10,CERRADA,14234215243,XNGUSD-OTC,turbo,put,23,reacción vendedora en resistencia,58.94,-25.0,"ESTRATEGIA: reacción vendedora en resistencia, PUT válido por price action profesional: rechazo vendedor confirmado: resistencia + cierre bajo + confirmación sin soporte inmediato, precio reaccionando en resistencia, presión: presión bajista reciente, RSI: 58.94, evening star bajista, patrón contexto: evening star válido en resistencia, calidad C, memoria permite operación, advertencia mercado: PUT bloqueado contra tendencia alcista, enviada al cerebro único como evidencia, ubicación válida, MERCADO: TENDENCIA_ALCISTA - tendencia alcista moderada por avance predominante, CALIDAD MERCADO: NORMAL score 73, TENDENCIA AVANZADA: ALCISTA_NORMAL fuerza 54.79, VALIDACIÓN MERCADO: PUT bloqueado contra tendencia alcista, ZONA SR: zona válida, ACCION PRECIO: acción precio: PUT con soporte cerca; decisión delegada a zonas, RUPTURA: sin ruptura confirmada de soporte",D6_6_CORE4_OOS,NO_OPERAR_SOMBRA,True,R1_INDEFINIDO_PREMIUM,True,False,PUT bloqueado contra tendencia alcista,8,8,0.546,1788638169.4029312,1788638169.9492447,1,,,,,,"{""option-opened"": {""name"": ""option-opened"", ""microserviceName"": ""binary-options"", ""msg"": {""index"": 10349579600, ""option_id"": 14234215243, ""user_id"": 100593322, ""user_group_id"": 191, ""open_time"": 1788638168, ""open_time_millisecond"": 1788638168986, ""expiration_time"": 1788638220, ""amount"": 25, ""enrolled_amount"": 25, ""currency"": ""USD"", ""profit_amount"": 0, ""profit_percent"": 187, ""option_type"": ""turbo"", ""option_type_id"": 3, ""direction"": ""put"", ""value"": 2.74385, ""active"": ""XNGUSD-OTC"", ""params"": null, ""platform_id"": 82, ""is_demo"": false, ""aff_id"": 0, ""balance_type_id"": 4, ""robot_id"": null, ""tournament_id"": null, ""bonus_rate"": 1, ""inout_diff"": 0, ""aff_track"": """", ""country_id"": 59, ""balance"": 0, ""client_platform_id"": 82, ""is_can_trade"": true, ""currency_mask"": ""$%s"", ""active_id"": 1863, ""balance_id"": 497753323, ""requested_at"": 1788638168985, ""created_at"": 1788638168985, ""updated_at"": 1788638169069}}}"
2026-09-05 16:16:10,CERRADA,14234268368,UK100-OTC,turbo,put,23,reacción vendedora en resistencia,68.59,21.75,"ESTRATEGIA: reacción vendedora en resistencia, PUT válido por price action profesional: rechazo vendedor confirmado: resistencia + cierre bajo + confirmación sin soporte inmediato | impulso alcista medio: avance válido pero no dominante | impulso previo contrario compatible con reversión confirmada | evidencias CALL: IMPULSO_ALCISTA_MEDIO | evidencias PUT: RECHAZO_VENDEDOR_CONFIRMADO | contradicciones: existen evidencias direccionales CALL y PUT, precio reaccionando en resistencia, presión: presión vendedora por mechas superiores, RSI: 68.59, evening star bajista, patrón contexto: evening star válido en resistencia, calidad A+, memoria permite operación, advertencia mercado: PUT bloqueado contra tendencia alcista, enviada al cerebro único como evidencia, ubicación válida, MERCADO: TENDENCIA_ALCISTA - tendencia alcista confirmada por estructura, EMA e impulso, CALIDAD MERCADO: NORMAL score 64, TENDENCIA AVANZADA: ALCISTA_NORMAL fuerza 64.9, VALIDACIÓN MERCADO: PUT bloqueado contra tendencia alcista, ZONA SR: PUT permitido: cerca de resistencia, ACCION PRECIO: acción precio: PUT con soporte cerca; decisión delegada a zonas, RUPTURA: sin ruptura confirmada de soporte",D6_6_CORE4_OOS,NO_OPERAR_SOMBRA,True,R1_INDEFINIDO_PREMIUM,True,False,PUT bloqueado contra tendencia alcista,8,9,0.68,1788639369.7386527,1788639370.418475,1,,,,,,"{""option-opened"": {""name"": ""option-opened"", ""microserviceName"": ""binary-options"", ""msg"": {""index"": 10349628707, ""option_id"": 14234268368, ""user_id"": 100593322, ""user_group_id"": 191, ""open_time"": 1788639369, ""open_time_millisecond"": 1788639369345, ""expiration_time"": 1788639420, ""amount"": 25, ""enrolled_amount"": 25, ""currency"": ""USD"", ""profit_amount"": 0, ""profit_percent"": 187, ""option_type"": ""turbo"", ""option_type_id"": 3, ""direction"": ""put"", ""value"": 10726.368475, ""active"": ""UK100-OTC"", ""params"": null, ""platform_id"": 82, ""is_demo"": false, ""aff_id"": 0, ""balance_type_id"": 4, ""robot_id"": null, ""tournament_id"": null, ""bonus_rate"": 1, ""inout_diff"": 0, ""aff_track"": """", ""country_id"": 59, ""balance"": 0, ""client_platform_id"": 82, ""is_can_trade"": true, ""currency_mask"": ""$%s"", ""active_id"": 2047, ""balance_id"": 497753323, ""requested_at"": 1788639369344, ""created_at"": 1788639369344, ""updated_at"": 1788639369418}}}"
2026-09-05 16:33:10,CERRADA,14234309904,GBPCAD-OTC,turbo,put,20,pullback bajista a EMA,48.09,-25.0,"ESTRATEGIA: pullback bajista a EMA, pullback bajista válido, EMA favorece venta, presión: presión bajista reciente, RSI: 48.09, rechazo vendedor fuerte, shooting star bajista, patrón contexto: patrón bajista válido en resistencia con contexto, calidad A+, memoria permite operación, ubicación válida, MERCADO: TENDENCIA_BAJISTA - tendencia bajista confirmada por estructura, EMA e impulso, CALIDAD MERCADO: NORMAL score 67, TENDENCIA AVANZADA: BAJISTA_FUERTE fuerza 72.45, VALIDACIÓN MERCADO: tendencia sucia: pullback bajista permitido con puntaje alto, ZONA SR: PUT permitido: señal fuerte cerca de soporte, ACCION PRECIO: acción precio: rechazo vendedor en resistencia, RUPTURA: sin ruptura confirmada de soporte",D6_6_CORE4_OOS,NO_OPERAR_SOMBRA,True,R4_PULLBACK_BAJISTA_PREMIUM,True,True,tendencia sucia: pullback bajista permitido con puntaje alto,8,10,0.542,1788640390.3352349,1788640390.8771207,1,,,,,,"{""option-opened"": {""name"": ""option-opened"", ""microserviceName"": ""binary-options"", ""msg"": {""index"": 10349667314, ""option_id"": 14234309904, ""user_id"": 100593322, ""user_group_id"": 191, ""open_time"": 1788640389, ""open_time_millisecond"": 1788640389945, ""expiration_time"": 1788640440, ""amount"": 25, ""enrolled_amount"": 25, ""currency"": ""USD"", ""profit_amount"": 0, ""profit_percent"": 187, ""option_type"": ""turbo"", ""option_type_id"": 3, ""direction"": ""put"", ""value"": 1.835905, ""active"": ""GBPCAD-OTC"", ""params"": null, ""platform_id"": 82, ""is_demo"": false, ""aff_id"": 0, ""balance_type_id"": 4, ""robot_id"": null, ""tournament_id"": null, ""bonus_rate"": 1, ""inout_diff"": 0, ""aff_track"": """", ""country_id"": 59, ""balance"": 0, ""client_platform_id"": 82, ""is_can_trade"": true, ""currency_mask"": ""$%s"", ""active_id"": 2114, ""balance_id"": 497753323, ""requested_at"": 1788640389944, ""created_at"": 1788640389946, ""updated_at"": 1788640390019}}}"
2026-09-05 16:38:09,CERRADA,14234321750,PENGUUSD-OTC,turbo,call,18,reacción compradora en soporte,55.54,21.75,"ESTRATEGIA: reacción compradora en soporte, CALL válido por price action profesional: rechazo comprador confirmado: soporte + cierre alto + confirmación sin resistencia inmediata | impulso alcista medio: avance válido pero no dominante, precio reaccionando en soporte, presión: presión alcista reciente, RSI: 55.54, calidad C, memoria permite operación, ubicación válida, MERCADO: TENDENCIA_ALCISTA - tendencia alcista moderada por avance predominante, CALIDAD MERCADO: NORMAL score 70, TENDENCIA AVANZADA: ALCISTA_NORMAL fuerza 59.84, VALIDACIÓN MERCADO: CALL permitido a favor de tendencia alcista, ZONA SR: CALL permitido: cerca de soporte, ACCION PRECIO: acción precio: CALL con resistencia cerca; decisión delegada a zonas, RUPTURA: sin ruptura confirmada de resistencia",D6_6_CORE4_OOS,NO_OPERAR_SOMBRA,True,R2_RECHAZO_COMPRADOR_CONFIRMADO,True,True,CALL permitido a favor de tendencia alcista,7,8,0.464,1788640689.3140311,1788640689.7781525,1,,,,,,"{""option-opened"": {""name"": ""option-opened"", ""microserviceName"": ""binary-options"", ""msg"": {""index"": 10349678368, ""option_id"": 14234321750, ""user_id"": 100593322, ""user_group_id"": 191, ""open_time"": 1788640688, ""open_time_millisecond"": 1788640688906, ""expiration_time"": 1788640740, ""amount"": 25, ""enrolled_amount"": 25, ""currency"": ""USD"", ""profit_amount"": 0, ""profit_percent"": 187, ""option_type"": ""turbo"", ""option_type_id"": 3, ""direction"": ""call"", ""value"": 10.133625, ""active"": ""PENGUUSD-OTC"", ""params"": null, ""platform_id"": 82, ""is_demo"": false, ""aff_id"": 0, ""balance_type_id"": 4, ""robot_id"": null, ""tournament_id"": null, ""bonus_rate"": 1, ""inout_diff"": 0, ""aff_track"": """", ""country_id"": 59, ""balance"": 0, ""client_platform_id"": 82, ""is_can_trade"": true, ""currency_mask"": ""$%s"", ""active_id"": 2280, ""balance_id"": 497753323, ""requested_at"": 1788640688905, ""created_at"": 1788640688906, ""updated_at"": 1788640688977}}}"
2026-09-05 16:57:10,CERRADA,14234369867,XRPUSD-OTC,turbo,call,19,CHOCH alcista,55.6,21.75,"ESTRATEGIA: CHOCH alcista, CHOCH alcista confirmado: ruptura con cuerpo, EMA favorece compra, CHOCH con contexto confirmado, rechazo histórico: sin rechazo histórico dominante, presión: presión alcista reciente, patrón contexto: patrón alcista sin contexto suficiente, RSI: 55.6, price action profesional favorece CALL: impulso alcista fuerte: avance limpio, cierres altos y fuerza sostenida, micro contexto: impulso alcista, calidad A, memoria permite operación, advertencia zona SR: zona bloqueada: mercado delicado requiere mejor confirmación, enviada al cerebro único como evidencia, ubicación válida, MERCADO: RANGO - precio lateral o sin avance direccional fuerte, CALIDAD MERCADO: NORMAL score 66, TENDENCIA AVANZADA: ALCISTA_DEBIL fuerza 45.75, VALIDACIÓN MERCADO: CHOCH permitido a favor de tendencia con confirmación, ZONA SR: zona bloqueada: mercado delicado requiere mejor confirmación, ACCION PRECIO: acción precio: CALL con resistencia cerca; decisión delegada a zonas, RUPTURA: sin ruptura confirmada de resistencia",PROBABILIDAD_HISTORICA_V3,OPERAR_CON_PROTOCOLO_SOMBRA,False,,True,True,CHOCH permitido a favor de tendencia con confirmación,8,8,0.543,1788641830.16066,1788641830.7035468,1,,,,,,"{""option-opened"": {""name"": ""option-opened"", ""microserviceName"": ""binary-options"", ""msg"": {""index"": 10349723503, ""option_id"": 14234369867, ""user_id"": 100593322, ""user_group_id"": 191, ""open_time"": 1788641829, ""open_time_millisecond"": 1788641829788, ""expiration_time"": 1788641880, ""amount"": 25, ""enrolled_amount"": 25, ""currency"": ""USD"", ""profit_amount"": 0, ""profit_percent"": 187, ""option_type"": ""turbo"", ""option_type_id"": 3, ""direction"": ""call"", ""value"": 1.421325, ""active"": ""XRPUSD-OTC"", ""params"": null, ""platform_id"": 82, ""is_demo"": false, ""aff_id"": 0, ""balance_type_id"": 4, ""robot_id"": null, ""tournament_id"": null, ""bonus_rate"": 1, ""inout_diff"": 0, ""aff_track"": """", ""country_id"": 59, ""balance"": 0, ""client_platform_id"": 82, ""is_can_trade"": true, ""currency_mask"": ""$%s"", ""active_id"": 2107, ""balance_id"": 497753323, ""requested_at"": 1788641829787, ""created_at"": 1788641829788, ""updated_at"": 1788641829858}}}"
2026-09-05 17:16:09,CERRADA,14234420670,WDC-OTC,turbo,call,18,reacción compradora en soporte,49.99,21.75,"ESTRATEGIA: reacción compradora en soporte, CALL válido por price action profesional: rechazo comprador confirmado: soporte + cierre alto + confirmación sin resistencia inmediata | impulso alcista medio: avance válido pero no dominante, precio reaccionando en soporte, presión: presión alcista reciente, RSI: 49.99, calidad C, memoria permite operación, advertencia mercado: rango sucio: señal bloqueada, enviada al cerebro único como evidencia, advertencia zona SR: zona bloqueada: mercado delicado requiere mejor confirmación, enviada al cerebro único como evidencia, ubicación válida, MERCADO: RANGO - precio lateral o sin avance direccional fuerte, CALIDAD MERCADO: NORMAL score 58, TENDENCIA AVANZADA: BAJISTA_DEBIL fuerza 41.49, VALIDACIÓN MERCADO: rango sucio: señal bloqueada, ZONA SR: zona bloqueada: mercado delicado requiere mejor confirmación, ACCION PRECIO: acción precio: CALL con resistencia cerca; decisión delegada a zonas, RUPTURA: sin ruptura confirmada de resistencia",D6_6_CORE4_OOS,NO_OPERAR_SOMBRA,True,R2_RECHAZO_COMPRADOR_CONFIRMADO,True,False,rango sucio: señal bloqueada,8,8,0.656,1788642969.139166,1788642969.795176,1,,,,,,"{""option-opened"": {""name"": ""option-opened"", ""microserviceName"": ""binary-options"", ""msg"": {""index"": 10349771194, ""option_id"": 14234420670, ""user_id"": 100593322, ""user_group_id"": 191, ""open_time"": 1788642968, ""open_time_millisecond"": 1788642968756, ""expiration_time"": 1788643020, ""amount"": 25, ""enrolled_amount"": 25, ""currency"": ""USD"", ""profit_amount"": 0, ""profit_percent"": 187, ""option_type"": ""turbo"", ""option_type_id"": 3, ""direction"": ""call"", ""value"": 462.001405, ""active"": ""WDC-OTC"", ""params"": null, ""platform_id"": 82, ""is_demo"": false, ""aff_id"": 0, ""balance_type_id"": 4, ""robot_id"": null, ""tournament_id"": null, ""bonus_rate"": 1, ""inout_diff"": 0, ""aff_track"": """", ""country_id"": 59, ""balance"": 0, ""client_platform_id"": 82, ""is_can_trade"": true, ""currency_mask"": ""$%s"", ""active_id"": 2408, ""balance_id"": 497753323, ""requested_at"": 1788642968755, ""created_at"": 1788642968756, ""updated_at"": 1788642969032}}}"
2026-09-05 18:03:10,CERRADA,14234545986,CANNABIS-OTC,turbo,put,20,pullback bajista a EMA,43.36,21.75,"ESTRATEGIA: pullback bajista a EMA, pullback bajista válido, EMA favorece venta, presión: presión bajista reciente, RSI: 43.36, rechazo vendedor por recuperación fallida, pin bar bajista, patrón contexto: patrón bajista válido en resistencia con contexto, calidad A+, memoria permite operación, ubicación válida, MERCADO: TENDENCIA_BAJISTA - tendencia bajista confirmada por estructura, EMA e impulso, CALIDAD MERCADO: NORMAL score 57, TENDENCIA AVANZADA: BAJISTA_NORMAL fuerza 66.02, VALIDACIÓN MERCADO: tendencia sucia: pullback bajista permitido con puntaje alto, ZONA SR: PUT permitido: señal fuerte cerca de soporte, ACCION PRECIO: acción precio: rechazo vendedor en resistencia, RUPTURA: sin ruptura confirmada de soporte",D6_6_CORE4_OOS,NO_OPERAR_SOMBRA,True,R4_PULLBACK_BAJISTA_PREMIUM,True,True,tendencia sucia: pullback bajista permitido con puntaje alto,8,8,0.515,1788645789.957266,1788645790.4718857,1,,,,,,"{""option-opened"": {""name"": ""option-opened"", ""microserviceName"": ""binary-options"", ""msg"": {""index"": 10349887851, ""option_id"": 14234545986, ""user_id"": 100593322, ""user_group_id"": 191, ""open_time"": 1788645789, ""open_time_millisecond"": 1788645789614, ""expiration_time"": 1788645840, ""amount"": 25, ""enrolled_amount"": 25, ""currency"": ""USD"", ""profit_amount"": 0, ""profit_percent"": 187, ""option_type"": ""turbo"", ""option_type_id"": 3, ""direction"": ""put"", ""value"": 2228.4415, ""active"": ""CANNABIS-OTC"", ""params"": null, ""platform_id"": 82, ""is_demo"": false, ""aff_id"": 0, ""balance_type_id"": 4, ""robot_id"": null, ""tournament_id"": null, ""bonus_rate"": 1, ""inout_diff"": 0, ""aff_track"": """", ""country_id"": 59, ""balance"": 0, ""client_platform_id"": 82, ""is_can_trade"": true, ""currency_mask"": ""$%s"", ""active_id"": 2322, ""balance_id"": 497753323, ""requested_at"": 1788645789613, ""created_at"": 1788645789614, ""updated_at"": 1788645789686}}}"
2026-09-05 18:27:10,CERRADA,14234606479,NIKE-OTC,turbo,put,20,pullback bajista a EMA,43.21,21.75,"ESTRATEGIA: pullback bajista a EMA, pullback bajista válido, EMA favorece venta, presión: presión bajista reciente, RSI: 43.21, rechazo vendedor por recuperación fallida, pin bar bajista, patrón contexto: patrón bajista válido en resistencia con contexto, calidad A+, memoria permite operación, ubicación válida, MERCADO: TENDENCIA_BAJISTA - tendencia bajista confirmada por estructura, EMA e impulso, CALIDAD MERCADO: NORMAL score 68, TENDENCIA AVANZADA: BAJISTA_NORMAL fuerza 64.57, VALIDACIÓN MERCADO: tendencia sucia: pullback bajista permitido con puntaje alto, ZONA SR: PUT permitido: señal fuerte cerca de soporte, ACCION PRECIO: acción precio: PUT con soporte cerca; decisión delegada a zonas, RUPTURA: sin ruptura confirmada de soporte",D6_6_CORE4_OOS,NO_OPERAR_SOMBRA,True,R4_PULLBACK_BAJISTA_PREMIUM,True,True,tendencia sucia: pullback bajista permitido con puntaje alto,8,9,0.556,1788647229.6585474,1788647230.2144558,1,,,,,,"{""option-opened"": {""name"": ""option-opened"", ""microserviceName"": ""binary-options"", ""msg"": {""index"": 10349944790, ""option_id"": 14234606479, ""user_id"": 100593322, ""user_group_id"": 191, ""open_time"": 1788647229, ""open_time_millisecond"": 1788647229323, ""expiration_time"": 1788647280, ""amount"": 25, ""enrolled_amount"": 25, ""currency"": ""USD"", ""profit_amount"": 0, ""profit_percent"": 187, ""option_type"": ""turbo"", ""option_type_id"": 3, ""direction"": ""put"", ""value"": 36.8185, ""active"": ""NIKE-OTC"", ""params"": null, ""platform_id"": 82, ""is_demo"": false, ""aff_id"": 0, ""balance_type_id"": 4, ""robot_id"": null, ""tournament_id"": null, ""bonus_rate"": 1, ""inout_diff"": 0, ""aff_track"": """", ""country_id"": 59, ""balance"": 0, ""client_platform_id"": 82, ""is_can_trade"": true, ""currency_mask"": ""$%s"", ""active_id"": 2105, ""balance_id"": 497753323, ""requested_at"": 1788647229322, ""created_at"": 1788647229323, ""updated_at"": 1788647229393}}}"
2026-09-05 18:31:07,CERRADA,14234616603,USDMXN-OTC,turbo,call,20,reacción compradora en soporte,51.87,21.75,"ESTRATEGIA: reacción compradora en soporte, CALL válido: rechazo comprador fuerte en soporte, precio reaccionando en soporte, presión: presión neutral, RSI: 51.87, rechazo comprador fuerte, calidad A+, memoria permite operación, ubicación válida, MERCADO: TENDENCIA_ALCISTA - tendencia alcista confirmada por estructura, EMA e impulso, CALIDAD MERCADO: NORMAL score 62, TENDENCIA AVANZADA: ALCISTA_DEBIL fuerza 45.66, VALIDACIÓN MERCADO: CALL permitido a favor de tendencia alcista, ZONA SR: CALL permitido: cerca de soporte, ACCION PRECIO: acción precio: rechazo comprador en soporte, RUPTURA: sin ruptura confirmada de resistencia",D7_5_REACCION_ZONA_ALCISTA,NO_OPERAR_SOMBRA,False,,True,True,CALL permitido a favor de tendencia alcista,6,7,0.574,1788647467.3222473,1788647467.8966465,1,,,,,,"{""option-opened"": {""name"": ""option-opened"", ""microserviceName"": ""binary-options"", ""msg"": {""index"": 10349954224, ""option_id"": 14234616603, ""user_id"": 100593322, ""user_group_id"": 191, ""open_time"": 1788647466, ""open_time_millisecond"": 1788647466990, ""expiration_time"": 1788647520, ""amount"": 25, ""enrolled_amount"": 25, ""currency"": ""USD"", ""profit_amount"": 0, ""profit_percent"": 187, ""option_type"": ""turbo"", ""option_type_id"": 3, ""direction"": ""call"", ""value"": 17.065175, ""active"": ""USDMXN-OTC"", ""params"": null, ""platform_id"": 82, ""is_demo"": false, ""aff_id"": 0, ""balance_type_id"": 4, ""robot_id"": null, ""tournament_id"": null, ""bonus_rate"": 1, ""inout_diff"": 0, ""aff_track"": """", ""country_id"": 59, ""balance"": 0, ""client_platform_id"": 82, ""is_can_trade"": true, ""currency_mask"": ""$%s"", ""active_id"": 2300, ""balance_id"": 497753323, ""requested_at"": 1788647466989, ""created_at"": 1788647466990, ""updated_at"": 1788647467072}}}"
2026-09-05 18:48:06,CERRADA,14234658483,KLARNA-OTC,turbo,put,23,reacción vendedora en resistencia,53.51,21.75,"ESTRATEGIA: reacción vendedora en resistencia, PUT válido por price action profesional: rechazo vendedor confirmado: resistencia + cierre bajo + confirmación sin soporte inmediato | impulso bajista medio: caída válida pero con fuerza moderada, precio reaccionando en resistencia, presión: presión bajista reciente, RSI: 53.51, evening star bajista, patrón contexto: evening star válido en resistencia, calidad C, memoria permite operación, advertencia mercado: PUT bloqueado contra tendencia alcista, enviada al cerebro único como evidencia, ubicación válida, MERCADO: TENDENCIA_ALCISTA - tendencia alcista confirmada por estructura, EMA e impulso, CALIDAD MERCADO: NORMAL score 62, TENDENCIA AVANZADA: ALCISTA_NORMAL fuerza 59.82, VALIDACIÓN MERCADO: PUT bloqueado contra tendencia alcista, ZONA SR: zona válida, ACCION PRECIO: acción precio: PUT con soporte cerca; decisión delegada a zonas, RUPTURA: sin ruptura confirmada de soporte",D6_6_CORE4_OOS,NO_OPERAR_SOMBRA,True,R1_INDEFINIDO_PREMIUM,True,False,PUT bloqueado contra tendencia alcista,5,5,0.516,1788648486.4049485,1788648486.9205415,1,,,,,,"{""option-opened"": {""name"": ""option-opened"", ""microserviceName"": ""binary-options"", ""msg"": {""index"": 10349993544, ""option_id"": 14234658483, ""user_id"": 100593322, ""user_group_id"": 191, ""open_time"": 1788648486, ""open_time_millisecond"": 1788648486091, ""expiration_time"": 1788648540, ""amount"": 25, ""enrolled_amount"": 25, ""currency"": ""USD"", ""profit_amount"": 0, ""profit_percent"": 187, ""option_type"": ""turbo"", ""option_type_id"": 3, ""direction"": ""put"", ""value"": 14.9195, ""active"": ""KLARNA-OTC"", ""params"": null, ""platform_id"": 82, ""is_demo"": false, ""aff_id"": 0, ""balance_type_id"": 4, ""robot_id"": null, ""tournament_id"": null, ""bonus_rate"": 1, ""inout_diff"": 0, ""aff_track"": """", ""country_id"": 59, ""balance"": 0, ""client_platform_id"": 82, ""is_can_trade"": true, ""currency_mask"": ""$%s"", ""active_id"": 2311, ""balance_id"": 497753323, ""requested_at"": 1788648486090, ""created_at"": 1788648486091, ""updated_at"": 1788648486187}}}"
2026-09-05 19:06:07,CERRADA,14234705803,ICPUSD-OTC,turbo,call,18,reacción compradora en soporte,55.96,21.75,"ESTRATEGIA: reacción compradora en soporte, CALL válido: presión compradora en soporte, precio reaccionando en soporte, presión: presión alcista reciente, RSI: 55.96, calidad A+, memoria permite operación, ubicación válida, MERCADO: TENDENCIA_ALCISTA - tendencia alcista confirmada por estructura, EMA e impulso, CALIDAD MERCADO: NORMAL score 62, TENDENCIA AVANZADA: ALCISTA_NORMAL fuerza 60.14, VALIDACIÓN MERCADO: CALL permitido a favor de tendencia alcista, ZONA SR: CALL permitido: cerca de soporte, ACCION PRECIO: acción precio: CALL sin conflicto fuerte de zona, RUPTURA: sin ruptura confirmada de resistencia",D7_5_REACCION_ZONA_ALCISTA,OPERAR_CON_PROTOCOLO_SOMBRA,False,,True,True,CALL permitido a favor de tendencia alcista,5,6,0.459,1788649566.555459,1788649567.0143473,1,,,,,,"{""option-opened"": {""name"": ""option-opened"", ""microserviceName"": ""binary-options"", ""msg"": {""index"": 10350038215, ""option_id"": 14234705803, ""user_id"": 100593322, ""user_group_id"": 191, ""open_time"": 1788649566, ""open_time_millisecond"": 1788649566252, ""expiration_time"": 1788649620, ""amount"": 25, ""enrolled_amount"": 25, ""currency"": ""USD"", ""profit_amount"": 0, ""profit_percent"": 187, ""option_type"": ""turbo"", ""option_type_id"": 3, ""direction"": ""call"", ""value"": 2.725895, ""active"": ""ICPUSD-OTC"", ""params"": null, ""platform_id"": 82, ""is_demo"": false, ""aff_id"": 0, ""balance_type_id"": 4, ""robot_id"": null, ""tournament_id"": null, ""bonus_rate"": 1, ""inout_diff"": 0, ""aff_track"": """", ""country_id"": 59, ""balance"": 0, ""client_platform_id"": 82, ""is_can_trade"": true, ""currency_mask"": ""$%s"", ""active_id"": 2139, ""balance_id"": 497753323, ""requested_at"": 1788649566251, ""created_at"": 1788649566252, ""updated_at"": 1788649566322}}, ""position-changed"": {""name"": ""position-changed"", ""microserviceName"": ""portfolio"", ""msg"": {""version"": 45548510748, ""id"": ""f6063de3649c17a4281bbbf7c5f20da4"", ""user_id"": 100593322, ""user_balance_id"": 497753323, ""platform_id"": 82, ""external_id"": 14234705803, ""active_id"": 2139, ""instrument_id"": ""2139"", ""source"": ""binary-options"", ""instrument_type"": ""turbo-option"", ""status"": ""open"", ""open_time"": 1788649566252, ""open_quote"": 2.725895, ""invest"": 25, ""invest_enrolled"": 25, ""sell_profit"": 9.8175, ""sell_profit_enrolled"": 9.8175, ""expected_profit"": 25, ""expected_profit_enrolled"": 25, ""pnl"": -15.1825, ""pnl_net"": -15.1825, ""current_price"": 2.725895, ""quote_timestamp"": 1788649566000, ""swap"": 0, ""raw_event"": {""index"": 13845127530, ""option_id"": 14234705803, ""user_id"": 100593322, ""balance_id"": 497753323, ""option_type_id"": 3, ""option_type"": ""turbo"", ""active_id"": 2139, ""platform_id"": 82, ""profit_percent"": 187, ""user_balance_type"": 4, ""currency"": ""USD"", ""direction"": ""call"", ""result"": ""opened"", ""amount"": 25, ""enrolled_amount"": 25, ""profit_amount"": null, ""win_enrolled_amount"": null, ""value"": 2.725895, ""expiration_value"": null, ""open_time"": 1788649566, ""open_time_millisecond"": 1788649566252, ""expiration_time"": 1788649620, ""initial_expiration_count"": 1, ""actual_expire"": null, ""user_group_id"": 191, ""requested_at"": 1788649566251, ""created_at"": 1788649566252, ""updated_at"": 1788649566322}}}}"
2026-09-05 19:06:07,CERRADA,14234705834,MSFT-OTC,turbo,call,18,reacción compradora en soporte,40.62,-25.0,"ESTRATEGIA: reacción compradora en soporte, CALL válido por price action profesional: rechazo comprador confirmado: soporte + cierre alto + confirmación sin resistencia inmediata | impulso alcista con pérdida de fuerza, precio reaccionando en soporte, presión: presión alcista reciente, RSI: 40.62, calidad C, memoria permite operación, advertencia acción precio: acción precio: lectura avanzada contradice CALL, enviada al cerebro único como evidencia, ubicación válida, MERCADO: RANGO - precio lateral o sin avance direccional fuerte, CALIDAD MERCADO: NORMAL score 68, TENDENCIA AVANZADA: BAJISTA_DEBIL fuerza 36.15, VALIDACIÓN MERCADO: mercado permitido, ZONA SR: CALL permitido: señal fuerte cerca de resistencia, ACCION PRECIO: acción precio: lectura avanzada contradice CALL, RUPTURA: sin ruptura confirmada de resistencia",D6_6_CORE4_OOS,NO_OPERAR_SOMBRA,True,R2_RECHAZO_COMPRADOR_CONFIRMADO,True,True,mercado permitido,6,6,0.416,1788649567.100131,1788649567.5163305,1,,,,,,"{""option-opened"": {""name"": ""option-opened"", ""microserviceName"": ""binary-options"", ""msg"": {""index"": 10350038246, ""option_id"": 14234705834, ""user_id"": 100593322, ""user_group_id"": 191, ""open_time"": 1788649566, ""open_time_millisecond"": 1788649566797, ""expiration_time"": 1788649620, ""amount"": 25, ""enrolled_amount"": 25, ""currency"": ""USD"", ""profit_amount"": 0, ""profit_percent"": 187, ""option_type"": ""turbo"", ""option_type_id"": 3, ""direction"": ""call"", ""value"": 450.1835, ""active"": ""MSFT-OTC"", ""params"": null, ""platform_id"": 82, ""is_demo"": false, ""aff_id"": 0, ""balance_type_id"": 4, ""robot_id"": null, ""tournament_id"": null, ""bonus_rate"": 1, ""inout_diff"": 0, ""aff_track"": """", ""country_id"": 59, ""balance"": 0, ""client_platform_id"": 82, ""is_can_trade"": true, ""currency_mask"": ""$%s"", ""active_id"": 2099, ""balance_id"": 497753323, ""requested_at"": 1788649566796, ""created_at"": 1788649566797, ""updated_at"": 1788649566866}}, ""position-changed"": {""name"": ""position-changed"", ""microserviceName"": ""portfolio"", ""msg"": {""version"": 45548510820, ""id"": ""f168eeea4cb43f8c003393dfedda258c"", ""user_id"": 100593322, ""user_balance_id"": 497753323, ""platform_id"": 82, ""external_id"": 14234705834, ""active_id"": 2099, ""instrument_id"": ""2099"", ""source"": ""binary-options"", ""instrument_type"": ""turbo-option"", ""status"": ""open"", ""open_time"": 1788649566797, ""open_quote"": 450.1835, ""invest"": 25, ""invest_enrolled"": 25, ""sell_profit"": 5.61, ""sell_profit_enrolled"": 5.61, ""expected_profit"": 25, ""expected_profit_enrolled"": 25, ""pnl"": -19.39, ""pnl_net"": -19.39, ""current_price"": 450.1835, ""quote_timestamp"": 1788649566743, ""swap"": 0, ""raw_event"": {""index"": 13845127561, ""option_id"": 14234705834, ""user_id"": 100593322, ""balance_id"": 497753323, ""option_type_id"": 3, ""option_type"": ""turbo"", ""active_id"": 2099, ""platform_id"": 82, ""profit_percent"": 187, ""user_balance_type"": 4, ""currency"": ""USD"", ""direction"": ""call"", ""result"": ""opened"", ""amount"": 25, ""enrolled_amount"": 25, ""profit_amount"": null, ""win_enrolled_amount"": null, ""value"": 450.1835, ""expiration_value"": null, ""open_time"": 1788649566, ""open_time_millisecond"": 1788649566797, ""expiration_time"": 1788649620, ""initial_expiration_count"": 1, ""actual_expire"": null, ""user_group_id"": 191, ""requested_at"": 1788649566796, ""created_at"": 1788649566797, ""updated_at"": 1788649566866}}}}"
2026-09-05 19:07:07,CERRADA,14234708339,URANIUM-OTC,turbo,put,20,pullback bajista a EMA,41.59,-25.0,"ESTRATEGIA: pullback bajista a EMA, pullback bajista válido, EMA favorece venta, presión: presión bajista reciente, RSI: 41.59, rechazo vendedor por recuperación fallida, pin bar bajista, patrón contexto: patrón bajista válido en resistencia con contexto, calidad A+, memoria permite operación, ubicación válida, MERCADO: TENDENCIA_BAJISTA - tendencia bajista confirmada por estructura, EMA e impulso, CALIDAD MERCADO: NORMAL score 60, TENDENCIA AVANZADA: BAJISTA_NORMAL fuerza 52.06, VALIDACIÓN MERCADO: tendencia sucia: pullback bajista permitido con puntaje alto, ZONA SR: PUT permitido: señal fuerte cerca de soporte, ACCION PRECIO: acción precio: PUT con soporte cerca; decisión delegada a zonas, RUPTURA: sin ruptura confirmada de soporte",D6_6_CORE4_OOS,NO_OPERAR_SOMBRA,True,R4_PULLBACK_BAJISTA_PREMIUM,True,True,tendencia sucia: pullback bajista permitido con puntaje alto,5,5,0.481,1788649626.861993,1788649627.343047,1,,,,,,"{""option-opened"": {""name"": ""option-opened"", ""microserviceName"": ""binary-options"", ""msg"": {""index"": 10350040709, ""option_id"": 14234708339, ""user_id"": 100593322, ""user_group_id"": 191, ""open_time"": 1788649626, ""open_time_millisecond"": 1788649626560, ""expiration_time"": 1788649680, ""amount"": 25, ""enrolled_amount"": 25, ""currency"": ""USD"", ""profit_amount"": 0, ""profit_percent"": 187, ""option_type"": ""turbo"", ""option_type_id"": 3, ""direction"": ""put"", ""value"": 6065.0425, ""active"": ""URANIUM-OTC"", ""params"": null, ""platform_id"": 82, ""is_demo"": false, ""aff_id"": 0, ""balance_type_id"": 4, ""robot_id"": null, ""tournament_id"": null, ""bonus_rate"": 1, ""inout_diff"": 0, ""aff_track"": """", ""country_id"": 59, ""balance"": 0, ""client_platform_id"": 82, ""is_can_trade"": true, ""currency_mask"": ""$%s"", ""active_id"": 2323, ""balance_id"": 497753323, ""requested_at"": 1788649626559, ""created_at"": 1788649626560, ""updated_at"": 1788649626630}}}"
2026-09-05 19:09:07,CERRADA,14234713383,AUDNZD-OTC,turbo,call,19,CHOCH alcista,48.08,-25.0,"ESTRATEGIA: CHOCH alcista, CHOCH alcista confirmado: ruptura con cuerpo, EMA favorece compra, CHOCH con contexto confirmado, rechazo histórico: sin rechazo histórico dominante, presión: presión alcista reciente, patrón contexto: patrón alcista sin contexto suficiente, RSI: 48.08, price action profesional favorece CALL: impulso alcista fuerte: avance limpio, cierres altos y fuerza sostenida, micro contexto: impulso alcista, calidad A, memoria permite operación, advertencia mercado: tendencia sucia: CHOCH débil bloqueado, enviada al cerebro único como evidencia, ubicación válida, MERCADO: TENDENCIA_ALCISTA - tendencia alcista moderada por avance predominante, CALIDAD MERCADO: NORMAL score 73, TENDENCIA AVANZADA: ALCISTA_NORMAL fuerza 61.16, VALIDACIÓN MERCADO: tendencia sucia: CHOCH débil bloqueado, ZONA SR: CALL permitido: señal fuerte cerca de resistencia, ACCION PRECIO: acción precio: CALL con resistencia cerca; decisión delegada a zonas, RUPTURA: sin ruptura confirmada de resistencia",PROBABILIDAD_HISTORICA_V3,OPERAR_CON_PROTOCOLO_SOMBRA,False,,True,False,tendencia sucia: CHOCH débil bloqueado,5,6,0.461,1788649746.655794,1788649747.1168425,1,,,,,,"{""option-opened"": {""name"": ""option-opened"", ""microserviceName"": ""binary-options"", ""msg"": {""index"": 10350045592, ""option_id"": 14234713383, ""user_id"": 100593322, ""user_group_id"": 191, ""open_time"": 1788649746, ""open_time_millisecond"": 1788649746352, ""expiration_time"": 1788649800, ""amount"": 25, ""enrolled_amount"": 25, ""currency"": ""USD"", ""profit_amount"": 0, ""profit_percent"": 187, ""option_type"": ""turbo"", ""option_type_id"": 3, ""direction"": ""call"", ""value"": 1.110025, ""active"": ""AUDNZD-OTC"", ""params"": null, ""platform_id"": 82, ""is_demo"": false, ""aff_id"": 0, ""balance_type_id"": 4, ""robot_id"": null, ""tournament_id"": null, ""bonus_rate"": 1, ""inout_diff"": 0, ""aff_track"": """", ""country_id"": 59, ""balance"": 0, ""client_platform_id"": 82, ""is_can_trade"": true, ""currency_mask"": ""$%s"", ""active_id"": 2130, ""balance_id"": 497753323, ""requested_at"": 1788649746351, ""created_at"": 1788649746351, ""updated_at"": 1788649746423}}, ""position-changed"": {""name"": ""position-changed"", ""microserviceName"": ""portfolio"", ""msg"": {""version"": 45548536194, ""id"": ""388e863912c843f07c4fefa391a659f0"", ""user_id"": 100593322, ""user_balance_id"": 497753323, ""platform_id"": 82, ""external_id"": 14234713383, ""active_id"": 2130, ""instrument_id"": ""2130"", ""source"": ""binary-options"", ""instrument_type"": ""turbo-option"", ""status"": ""open"", ""open_time"": 1788649746352, ""open_quote"": 1.110025, ""invest"": 25, ""invest_enrolled"": 25, ""sell_profit"": 8.415, ""sell_profit_enrolled"": 8.415, ""expected_profit"": 25, ""expected_profit_enrolled"": 25, ""pnl"": -16.585, ""pnl_net"": -16.585, ""current_price"": 1.110025, ""quote_timestamp"": 1788649746114, ""swap"": 0, ""raw_event"": {""index"": 13845142116, ""option_id"": 14234713383, ""user_id"": 100593322, ""balance_id"": 497753323, ""option_type_id"": 3, ""option_type"": ""turbo"", ""active_id"": 2130, ""platform_id"": 82, ""profit_percent"": 187, ""user_balance_type"": 4, ""currency"": ""USD"", ""direction"": ""call"", ""result"": ""opened"", ""amount"": 25, ""enrolled_amount"": 25, ""profit_amount"": null, ""win_enrolled_amount"": null, ""value"": 1.110025, ""expiration_value"": null, ""open_time"": 1788649746, ""open_time_millisecond"": 1788649746352, ""expiration_time"": 1788649800, ""initial_expiration_count"": 1, ""actual_expire"": null, ""user_group_id"": 191, ""requested_at"": 1788649746351, ""created_at"": 1788649746351, ""updated_at"": 1788649746423}}}}"
2026-09-05 19:17:07,CERRADA,14234736324,EU50-OTC,turbo,call,21,CHOCH alcista,53.34,-25.0,"ESTRATEGIA: CHOCH alcista, CHOCH alcista confirmado: ruptura con cuerpo, EMA favorece compra, CHOCH con contexto confirmado, rechazo histórico: sin rechazo histórico dominante, presión: presión alcista reciente, patrón contexto: patrón alcista sin contexto suficiente, RSI: 53.34, CHOCH apoyado en soporte, price action profesional favorece CALL: impulso alcista fuerte: avance limpio, cierres altos y fuerza sostenida, micro contexto: impulso alcista, calidad A+, memoria permite operación, advertencia mercado: tendencia sucia: CHOCH débil bloqueado, enviada al cerebro único como evidencia, ubicación válida, MERCADO: TENDENCIA_ALCISTA - tendencia alcista moderada por avance predominante, CALIDAD MERCADO: NORMAL score 62, TENDENCIA AVANZADA: ALCISTA_NORMAL fuerza 55.63, VALIDACIÓN MERCADO: tendencia sucia: CHOCH débil bloqueado, ZONA SR: CALL permitido: señal fuerte cerca de resistencia, ACCION PRECIO: acción precio: CALL con resistencia cerca; decisión delegada a zonas, RUPTURA: sin ruptura confirmada de resistencia",PROBABILIDAD_HISTORICA_V3,OPERAR_CON_PROTOCOLO_SOMBRA,False,,True,False,tendencia sucia: CHOCH débil bloqueado,5,6,0.515,1788650227.2811117,1788650227.796018,1,,,,,,"{""option-opened"": {""name"": ""option-opened"", ""microserviceName"": ""binary-options"", ""msg"": {""index"": 10350067054, ""option_id"": 14234736324, ""user_id"": 100593322, ""user_group_id"": 191, ""open_time"": 1788650227, ""open_time_millisecond"": 1788650227019, ""expiration_time"": 1788650280, ""amount"": 25, ""enrolled_amount"": 25, ""currency"": ""USD"", ""profit_amount"": 0, ""profit_percent"": 187, ""option_type"": ""turbo"", ""option_type_id"": 3, ""direction"": ""call"", ""value"": 7418.277635, ""active"": ""EU50-OTC"", ""params"": null, ""platform_id"": 82, ""is_demo"": false, ""aff_id"": 0, ""balance_type_id"": 4, ""robot_id"": null, ""tournament_id"": null, ""bonus_rate"": 1, ""inout_diff"": 0, ""aff_track"": """", ""country_id"": 59, ""balance"": 0, ""client_platform_id"": 82, ""is_can_trade"": true, ""currency_mask"": ""$%s"", ""active_id"": 2050, ""balance_id"": 497753323, ""requested_at"": 1788650227018, ""created_at"": 1788650227019, ""updated_at"": 1788650227098}}}"
2026-09-05 19:22:06,CERRADA,14234749163,FARTCOINUSD-OTC,turbo,call,14,continuación alcista con tendencia,59.48,21.75,"ESTRATEGIA: continuación alcista con tendencia, tendencia alcista, estructura alcista, EMA favorece compra, micro tendencia alcista, presión: presión alcista reciente, RSI: 59.48, envolvente alcista, calidad A, memoria permite operación, advertencia acción precio: acción precio: lectura avanzada contradice CALL, enviada al cerebro único como evidencia, ubicación válida, MERCADO: TENDENCIA_ALCISTA - tendencia alcista confirmada por estructura, EMA e impulso, CALIDAD MERCADO: NORMAL score 58, TENDENCIA AVANZADA: ALCISTA_NORMAL fuerza 53.84, VALIDACIÓN MERCADO: CALL permitido a favor de tendencia alcista, ZONA SR: CALL permitido: cerca de soporte, ACCION PRECIO: acción precio: lectura avanzada contradice CALL, RUPTURA: sin ruptura confirmada de resistencia",D6_6_CORE4_OOS,NO_OPERAR_SOMBRA,True,R2_RECHAZO_COMPRADOR_CONFIRMADO,True,True,CALL permitido a favor de tendencia alcista,5,5,0.538,1788650526.2504945,1788650526.788842,1,,,,,,"{""option-opened"": {""name"": ""option-opened"", ""microserviceName"": ""binary-options"", ""msg"": {""index"": 10350079070, ""option_id"": 14234749163, ""user_id"": 100593322, ""user_group_id"": 191, ""open_time"": 1788650525, ""open_time_millisecond"": 1788650525950, ""expiration_time"": 1788650580, ""amount"": 25, ""enrolled_amount"": 25, ""currency"": ""USD"", ""profit_amount"": 0, ""profit_percent"": 187, ""option_type"": ""turbo"", ""option_type_id"": 3, ""direction"": ""call"", ""value"": 0.214525, ""active"": ""FARTCOINUSD-OTC"", ""params"": null, ""platform_id"": 82, ""is_demo"": false, ""aff_id"": 0, ""balance_type_id"": 4, ""robot_id"": null, ""tournament_id"": null, ""bonus_rate"": 1, ""inout_diff"": 0, ""aff_track"": """", ""country_id"": 59, ""balance"": 0, ""client_platform_id"": 82, ""is_can_trade"": true, ""currency_mask"": ""$%s"", ""active_id"": 2279, ""balance_id"": 497753323, ""requested_at"": 1788650525949, ""created_at"": 1788650525950, ""updated_at"": 1788650526034}}, ""position-changed"": {""name"": ""position-changed"", ""microserviceName"": ""portfolio"", ""msg"": {""version"": 45548647255, ""id"": ""3e8db3fb1cb3398a063595d9ebdc238a"", ""user_id"": 100593322, ""user_balance_id"": 497753323, ""platform_id"": 82, ""external_id"": 14234749163, ""active_id"": 2279, ""instrument_id"": ""2279"", ""source"": ""binary-options"", ""instrument_type"": ""turbo-option"", ""status"": ""open"", ""open_time"": 1788650525950, ""open_quote"": 0.214525, ""invest"": 25, ""invest_enrolled"": 25, ""sell_profit"": 9.8175, ""sell_profit_enrolled"": 9.8175, ""expected_profit"": 25, ""expected_profit_enrolled"": 25, ""pnl"": -15.1825, ""pnl_net"": -15.1825, ""current_price"": 0.214525, ""quote_timestamp"": 1788650525712, ""swap"": 0, ""raw_event"": {""index"": 13845211850, ""option_id"": 14234749163, ""user_id"": 100593322, ""balance_id"": 497753323, ""option_type_id"": 3, ""option_type"": ""turbo"", ""active_id"": 2279, ""platform_id"": 82, ""profit_percent"": 187, ""user_balance_type"": 4, ""currency"": ""USD"", ""direction"": ""call"", ""result"": ""opened"", ""amount"": 25, ""enrolled_amount"": 25, ""profit_amount"": null, ""win_enrolled_amount"": null, ""value"": 0.214525, ""expiration_value"": null, ""open_time"": 1788650525, ""open_time_millisecond"": 1788650525950, ""expiration_time"": 1788650580, ""initial_expiration_count"": 1, ""actual_expire"": null, ""user_group_id"": 191, ""requested_at"": 1788650525949, ""created_at"": 1788650525950, ""updated_at"": 1788650526034}}}}"
2026-09-05 19:27:08,CERRADA,14234762091,EURGBP-OTC,turbo,call,19,CHOCH alcista,59.52,21.75,"ESTRATEGIA: CHOCH alcista, CHOCH alcista confirmado: ruptura con cuerpo, EMA favorece compra, CHOCH con contexto confirmado, rechazo histórico: sin rechazo histórico dominante, presión: presión alcista reciente, patrón contexto: patrón alcista sin contexto suficiente, RSI: 59.52, price action profesional favorece CALL: impulso alcista fuerte: avance limpio, cierres altos y fuerza sostenida, micro contexto: impulso alcista, calidad A, memoria permite operación, advertencia mercado: tendencia sucia: CHOCH débil bloqueado, enviada al cerebro único como evidencia, ubicación válida, MERCADO: TENDENCIA_ALCISTA - tendencia alcista confirmada por estructura, EMA e impulso, CALIDAD MERCADO: LIMPIO score 80, TENDENCIA AVANZADA: ALCISTA_NORMAL fuerza 62.57, VALIDACIÓN MERCADO: tendencia sucia: CHOCH débil bloqueado, ZONA SR: CALL permitido: señal fuerte cerca de resistencia, ACCION PRECIO: acción precio: CALL con resistencia cerca; decisión delegada a zonas, RUPTURA: sin ruptura confirmada de resistencia",PROBABILIDAD_HISTORICA_V3,OPERAR_CON_PROTOCOLO_SOMBRA,False,,True,False,tendencia sucia: CHOCH débil bloqueado,6,6,0.491,1788650827.5256958,1788650828.0167546,1,,,,,,"{""option-opened"": {""name"": ""option-opened"", ""microserviceName"": ""binary-options"", ""msg"": {""index"": 10350091278, ""option_id"": 14234762091, ""user_id"": 100593322, ""user_group_id"": 191, ""open_time"": 1788650827, ""open_time_millisecond"": 1788650827232, ""expiration_time"": 1788650880, ""amount"": 25, ""enrolled_amount"": 25, ""currency"": ""USD"", ""profit_amount"": 0, ""profit_percent"": 187, ""option_type"": ""turbo"", ""option_type_id"": 3, ""direction"": ""call"", ""value"": 0.861945, ""active"": ""EURGBP-OTC"", ""params"": null, ""platform_id"": 82, ""is_demo"": false, ""aff_id"": 0, ""balance_type_id"": 4, ""robot_id"": null, ""tournament_id"": null, ""bonus_rate"": 1, ""inout_diff"": 0, ""aff_track"": """", ""country_id"": 59, ""balance"": 0, ""client_platform_id"": 82, ""is_can_trade"": true, ""currency_mask"": ""$%s"", ""active_id"": 77, ""balance_id"": 497753323, ""requested_at"": 1788650827231, ""created_at"": 1788650827232, ""updated_at"": 1788650827303}}}"
2026-09-05 19:27:08,CERRADA,14234762129,WLDUSD-OTC,turbo,call,24,CHOCH alcista,53.4,-25.0,"ESTRATEGIA: CHOCH alcista, CHOCH alcista confirmado: ruptura con cuerpo, EMA favorece compra, CHOCH con contexto confirmado, rechazo histórico: sin rechazo histórico dominante, presión: presión alcista reciente, patrón contexto: patrón alcista válido en soporte con contexto, RSI: 53.4, CHOCH apoyado en soporte, envolvente alcista, price action profesional favorece CALL: impulso alcista fuerte: avance limpio, cierres altos y fuerza sostenida, micro contexto: impulso alcista, calidad A+, memoria permite operación, ubicación válida, MERCADO: TENDENCIA_ALCISTA - tendencia alcista confirmada por estructura, EMA e impulso, CALIDAD MERCADO: NORMAL score 57, TENDENCIA AVANZADA: ALCISTA_FUERTE fuerza 74.14, VALIDACIÓN MERCADO: CHOCH permitido a favor de tendencia con confirmación, ZONA SR: CALL permitido: señal fuerte cerca de resistencia, ACCION PRECIO: acción precio: CALL con resistencia cerca; decisión delegada a zonas, RUPTURA: sin ruptura confirmada de resistencia",PROBABILIDAD_HISTORICA_V3,OPERAR_CON_PROTOCOLO_SOMBRA,False,,True,True,CHOCH permitido a favor de tendencia con confirmación,6,7,0.569,1788650828.1239307,1788650828.6928265,1,,,,,,"{""option-opened"": {""name"": ""option-opened"", ""microserviceName"": ""binary-options"", ""msg"": {""index"": 10350091311, ""option_id"": 14234762129, ""user_id"": 100593322, ""user_group_id"": 191, ""open_time"": 1788650827, ""open_time_millisecond"": 1788650827880, ""expiration_time"": 1788650880, ""amount"": 25, ""enrolled_amount"": 25, ""currency"": ""USD"", ""profit_amount"": 0, ""profit_percent"": 187, ""option_type"": ""turbo"", ""option_type_id"": 3, ""direction"": ""call"", ""value"": 0.426485, ""active"": ""WLDUSD-OTC"", ""params"": null, ""platform_id"": 82, ""is_demo"": false, ""aff_id"": 0, ""balance_type_id"": 4, ""robot_id"": null, ""tournament_id"": null, ""bonus_rate"": 1, ""inout_diff"": 0, ""aff_track"": """", ""country_id"": 59, ""balance"": 0, ""client_platform_id"": 82, ""is_can_trade"": true, ""currency_mask"": ""$%s"", ""active_id"": 2157, ""balance_id"": 497753323, ""requested_at"": 1788650827879, ""created_at"": 1788650827880, ""updated_at"": 1788650827948}}}"
2026-09-05 19:44:07,CERRADA,14234803680,IMXUSD-OTC,turbo,call,23,liquidity sweep alcista,43.63,21.75,"ESTRATEGIA: liquidity sweep alcista, liquidity sweep alcista: barrida de mínimos | vela verde confirma rechazo | cierre en zona alta de la vela | rango de vela válido | cuerpo de vela suficiente | cierre actual confirma presión alcista | estructura inmediata rechaza mínimos | score_sweep=70, barrida de mínimos con recuperación confirmada, presión: presión bajista reciente, RSI: 43.63, morning star alcista, calidad A+, memoria permite operación, advertencia mercado: sweep contra tendencia bloqueado: sin agotamiento suficiente, enviada al cerebro único como evidencia, ubicación válida, MERCADO: TENDENCIA_BAJISTA - tendencia bajista moderada por avance predominante, CALIDAD MERCADO: LIMPIO score 75, TENDENCIA AVANZADA: BAJISTA_DEBIL fuerza 42.05, VALIDACIÓN MERCADO: sweep contra tendencia bloqueado: sin agotamiento suficiente, ZONA SR: CALL permitido: cerca de soporte, ACCION PRECIO: acción precio: CALL con resistencia cerca; decisión delegada a zonas, RUPTURA: sin ruptura confirmada de resistencia",D6_6_CORE4_OOS,NO_OPERAR_SOMBRA,True,R2_RECHAZO_COMPRADOR_CONFIRMADO,True,False,sweep contra tendencia bloqueado: sin agotamiento suficiente,5,6,0.567,1788651847.2256005,1788651847.7925396,1,,,,,,"{""option-opened"": {""name"": ""option-opened"", ""microserviceName"": ""binary-options"", ""msg"": {""index"": 10350129561, ""option_id"": 14234803680, ""user_id"": 100593322, ""user_group_id"": 191, ""open_time"": 1788651846, ""open_time_millisecond"": 1788651846999, ""expiration_time"": 1788651900, ""amount"": 25, ""enrolled_amount"": 25, ""currency"": ""USD"", ""profit_amount"": 0, ""profit_percent"": 187, ""option_type"": ""turbo"", ""option_type_id"": 3, ""direction"": ""call"", ""value"": 0.130525, ""active"": ""IMXUSD-OTC"", ""params"": null, ""platform_id"": 82, ""is_demo"": false, ""aff_id"": 0, ""balance_type_id"": 4, ""robot_id"": null, ""tournament_id"": null, ""bonus_rate"": 1, ""inout_diff"": 0, ""aff_track"": """", ""country_id"": 59, ""balance"": 0, ""client_platform_id"": 82, ""is_can_trade"": true, ""currency_mask"": ""$%s"", ""active_id"": 2140, ""balance_id"": 497753323, ""requested_at"": 1788651846998, ""created_at"": 1788651846999, ""updated_at"": 1788651847075}}}"
2026-09-05 20:22:10,CERRADA,14234899343,TAOUSD-OTC,turbo,put,11,continuación bajista con tendencia,41.74,-25.0,"ESTRATEGIA: continuación bajista con tendencia, tendencia bajista, estructura bajista, EMA favorece venta, micro tendencia bajista, presión: presión bajista reciente, RSI: 41.74, calidad B, memoria permite operación, advertencia zona SR: PUT bloqueado: soporte cerca sin ruptura confirmada, enviada al cerebro único como evidencia, ubicación válida, MERCADO: TENDENCIA_BAJISTA - tendencia bajista confirmada por estructura, EMA e impulso, CALIDAD MERCADO: NORMAL score 74, TENDENCIA AVANZADA: BAJISTA_FUERTE fuerza 81.68, VALIDACIÓN MERCADO: PUT permitido a favor de tendencia bajista, ZONA SR: PUT bloqueado: soporte cerca sin ruptura confirmada, ACCION PRECIO: acción precio: PUT con soporte cerca; decisión delegada a zonas, RUPTURA: sin ruptura confirmada de soporte",D6_6_CORE4_OOS,NO_OPERAR_SOMBRA,True,R6_CONT_BAJISTA_IMPULSO_FUERTE,True,True,PUT permitido a favor de tendencia bajista,8,8,0.528,1788654129.483912,1788654130.0115216,1,,,,,,"{""option-opened"": {""name"": ""option-opened"", ""microserviceName"": ""binary-options"", ""msg"": {""index"": 10350218657, ""option_id"": 14234899343, ""user_id"": 100593322, ""user_group_id"": 191, ""open_time"": 1788654129, ""open_time_millisecond"": 1788654129249, ""expiration_time"": 1788654180, ""amount"": 25, ""enrolled_amount"": 25, ""currency"": ""USD"", ""profit_amount"": 0, ""profit_percent"": 187, ""option_type"": ""turbo"", ""option_type_id"": 3, ""direction"": ""put"", ""value"": 239.145395, ""active"": ""TAOUSD-OTC"", ""params"": null, ""platform_id"": 82, ""is_demo"": false, ""aff_id"": 0, ""balance_type_id"": 4, ""robot_id"": null, ""tournament_id"": null, ""bonus_rate"": 1, ""inout_diff"": 0, ""aff_track"": """", ""country_id"": 59, ""balance"": 0, ""client_platform_id"": 82, ""is_can_trade"": true, ""currency_mask"": ""$%s"", ""active_id"": 2291, ""balance_id"": 497753323, ""requested_at"": 1788654129248, ""created_at"": 1788654129249, ""updated_at"": 1788654129323}}}"
2026-09-05 21:15:05,CERRADA,14235026393,JPM-OTC,turbo,call,23,reacción compradora en soporte,49.15,-25.0,"ESTRATEGIA: reacción compradora en soporte, CALL válido por price action profesional: rechazo comprador confirmado: soporte + cierre alto + confirmación sin resistencia inmediata | impulso bajista con pérdida de fuerza | impulso previo contrario compatible con reversión confirmada | evidencias CALL: RECHAZO_COMPRADOR_CONFIRMADO | evidencias PUT: IMPULSO_BAJISTA_AGOTANDOSE | contradicciones: existen evidencias direccionales CALL y PUT, precio reaccionando en soporte, presión: presión neutral, RSI: 49.15, envolvente alcista, patrón contexto: patrón alcista válido en soporte con contexto, calidad A+, memoria permite operación, ubicación válida, MERCADO: RANGO - precio lateral o sin avance direccional fuerte, CALIDAD MERCADO: NORMAL score 73, TENDENCIA AVANZADA: ALCISTA_NORMAL fuerza 52.25, VALIDACIÓN MERCADO: mercado permitido, ZONA SR: zona válida, ACCION PRECIO: acción precio: CALL con resistencia cerca; decisión delegada a zonas, RUPTURA: sin ruptura confirmada de resistencia",D6_6_CORE4_OOS,NO_OPERAR_SOMBRA,True,R1_INDEFINIDO_PREMIUM|R2_RECHAZO_COMPRADOR_CONFIRMADO,True,True,mercado permitido,4,5,0.513,1788657305.3744087,1788657305.8878136,1,,,,,,"{""option-opened"": {""name"": ""option-opened"", ""microserviceName"": ""binary-options"", ""msg"": {""index"": 10350336019, ""option_id"": 14235026393, ""user_id"": 100593322, ""user_group_id"": 191, ""open_time"": 1788657305, ""open_time_millisecond"": 1788657305186, ""expiration_time"": 1788657360, ""amount"": 25, ""enrolled_amount"": 25, ""currency"": ""USD"", ""profit_amount"": 0, ""profit_percent"": 187, ""option_type"": ""turbo"", ""option_type_id"": 3, ""direction"": ""call"", ""value"": 341.3355, ""active"": ""JPM-OTC"", ""params"": null, ""platform_id"": 82, ""is_demo"": false, ""aff_id"": 0, ""balance_type_id"": 4, ""robot_id"": null, ""tournament_id"": null, ""bonus_rate"": 1, ""inout_diff"": 0, ""aff_track"": """", ""country_id"": 59, ""balance"": 0, ""client_platform_id"": 82, ""is_can_trade"": true, ""currency_mask"": ""$%s"", ""active_id"": 2102, ""balance_id"": 497753323, ""requested_at"": 1788657305185, ""created_at"": 1788657305186, ""updated_at"": 1788657305264}}, ""position-changed"": {""name"": ""position-changed"", ""microserviceName"": ""portfolio"", ""msg"": {""version"": 45549602270, ""id"": ""b30e40558064e251ddee4e023007f851"", ""user_id"": 100593322, ""user_balance_id"": 497753323, ""platform_id"": 82, ""external_id"": 14235026393, ""active_id"": 2102, ""instrument_id"": ""2102"", ""source"": ""binary-options"", ""instrument_type"": ""turbo-option"", ""status"": ""open"", ""open_time"": 1788657305186, ""open_quote"": 341.3355, ""invest"": 25, ""invest_enrolled"": 25, ""sell_profit"": 8.8825, ""sell_profit_enrolled"": 8.8825, ""expected_profit"": 25, ""expected_profit_enrolled"": 25, ""pnl"": -16.1175, ""pnl_net"": -16.1175, ""current_price"": 341.3355, ""quote_timestamp"": 1788657305066, ""swap"": 0, ""raw_event"": {""index"": 13845747097, ""option_id"": 14235026393, ""user_id"": 100593322, ""balance_id"": 497753323, ""option_type_id"": 3, ""option_type"": ""turbo"", ""active_id"": 2102, ""platform_id"": 82, ""profit_percent"": 187, ""user_balance_type"": 4, ""currency"": ""USD"", ""direction"": ""call"", ""result"": ""opened"", ""amount"": 25, ""enrolled_amount"": 25, ""profit_amount"": null, ""win_enrolled_amount"": null, ""value"": 341.3355, ""expiration_value"": null, ""open_time"": 1788657305, ""open_time_millisecond"": 1788657305186, ""expiration_time"": 1788657360, ""initial_expiration_count"": 1, ""actual_expire"": null, ""user_group_id"": 191, ""requested_at"": 1788657305185, ""created_at"": 1788657305186, ""updated_at"": 1788657305264}}}}"
2026-09-05 21:16:06,CERRADA,14235029033,DASHUSD-OTC,turbo,call,21,CHOCH alcista,61.75,21.75,"ESTRATEGIA: CHOCH alcista, CHOCH alcista confirmado: ruptura con cuerpo, EMA favorece compra, CHOCH con contexto confirmado, rechazo histórico: sin rechazo histórico dominante, presión: presión alcista reciente, patrón contexto: patrón alcista sin contexto suficiente, RSI: 61.75, CHOCH apoyado en soporte, price action profesional favorece CALL: impulso alcista fuerte: avance limpio, cierres altos y fuerza sostenida, micro contexto: impulso alcista, calidad A+, memoria permite operación, advertencia mercado: tendencia sucia: CHOCH débil bloqueado, enviada al cerebro único como evidencia, ubicación válida, MERCADO: TENDENCIA_ALCISTA - tendencia alcista confirmada por estructura, EMA e impulso, CALIDAD MERCADO: NORMAL score 73, TENDENCIA AVANZADA: ALCISTA_FUERTE fuerza 74.71, VALIDACIÓN MERCADO: tendencia sucia: CHOCH débil bloqueado, ZONA SR: CALL permitido: señal fuerte cerca de resistencia, ACCION PRECIO: acción precio: CALL con resistencia cerca; decisión delegada a zonas, RUPTURA: sin ruptura confirmada de resistencia",PROBABILIDAD_HISTORICA_V3,OPERAR_CON_PROTOCOLO_SOMBRA,False,,True,False,tendencia sucia: CHOCH débil bloqueado,4,4,0.459,1788657365.7427402,1788657366.2014866,1,,,,,,"{""option-opened"": {""name"": ""option-opened"", ""microserviceName"": ""binary-options"", ""msg"": {""index"": 10350338431, ""option_id"": 14235029033, ""user_id"": 100593322, ""user_group_id"": 191, ""open_time"": 1788657365, ""open_time_millisecond"": 1788657365549, ""expiration_time"": 1788657420, ""amount"": 25, ""enrolled_amount"": 25, ""currency"": ""USD"", ""profit_amount"": 0, ""profit_percent"": 187, ""option_type"": ""turbo"", ""option_type_id"": 3, ""direction"": ""call"", ""value"": 67.148525, ""active"": ""DASHUSD-OTC"", ""params"": null, ""platform_id"": 82, ""is_demo"": false, ""aff_id"": 0, ""balance_type_id"": 4, ""robot_id"": null, ""tournament_id"": null, ""bonus_rate"": 1, ""inout_diff"": 0, ""aff_track"": """", ""country_id"": 59, ""balance"": 0, ""client_platform_id"": 82, ""is_can_trade"": true, ""currency_mask"": ""$%s"", ""active_id"": 2155, ""balance_id"": 497753323, ""requested_at"": 1788657365548, ""created_at"": 1788657365549, ""updated_at"": 1788657365624}}}"
2026-09-05 21:45:07,CERRADA,14235100383,USDMXN-OTC,turbo,call,23,liquidity sweep alcista,34.4,21.75,"ESTRATEGIA: liquidity sweep alcista, liquidity sweep alcista: barrida de mínimos | vela verde confirma rechazo | cierre en zona alta de la vela | barrida con exceso suficiente | rango de vela válido | cuerpo de vela suficiente | cierre actual confirma presión alcista | estructura inmediata rechaza mínimos | score_sweep=80, barrida de mínimos con recuperación confirmada, presión: presión bajista reciente, RSI: 34.4, morning star alcista, calidad A+, memoria permite operación, advertencia mercado: sweep contra tendencia bloqueado: sin agotamiento suficiente, enviada al cerebro único como evidencia, ubicación válida, MERCADO: TENDENCIA_BAJISTA - tendencia bajista confirmada por estructura, EMA e impulso, CALIDAD MERCADO: NORMAL score 56, TENDENCIA AVANZADA: BAJISTA_NORMAL fuerza 66.4, VALIDACIÓN MERCADO: sweep contra tendencia bloqueado: sin agotamiento suficiente, ZONA SR: zona válida, ACCION PRECIO: acción precio: CALL con resistencia cerca; decisión delegada a zonas, RUPTURA: sin ruptura confirmada de resistencia",D6_6_CORE4_OOS,NO_OPERAR_SOMBRA,True,R2_RECHAZO_COMPRADOR_CONFIRMADO,True,False,sweep contra tendencia bloqueado: sin agotamiento suficiente,6,6,0.533,1788659106.6436384,1788659107.1765654,1,,,,,,"{""option-opened"": {""name"": ""option-opened"", ""microserviceName"": ""binary-options"", ""msg"": {""index"": 10350403925, ""option_id"": 14235100383, ""user_id"": 100593322, ""user_group_id"": 191, ""open_time"": 1788659106, ""open_time_millisecond"": 1788659106466, ""expiration_time"": 1788659160, ""amount"": 25, ""enrolled_amount"": 25, ""currency"": ""USD"", ""profit_amount"": 0, ""profit_percent"": 187, ""option_type"": ""turbo"", ""option_type_id"": 3, ""direction"": ""call"", ""value"": 17.007055, ""active"": ""USDMXN-OTC"", ""params"": null, ""platform_id"": 82, ""is_demo"": false, ""aff_id"": 0, ""balance_type_id"": 4, ""robot_id"": null, ""tournament_id"": null, ""bonus_rate"": 1, ""inout_diff"": 0, ""aff_track"": """", ""country_id"": 59, ""balance"": 0, ""client_platform_id"": 82, ""is_can_trade"": true, ""currency_mask"": ""$%s"", ""active_id"": 2300, ""balance_id"": 497753323, ""requested_at"": 1788659106465, ""created_at"": 1788659106466, ""updated_at"": 1788659106539}}}"
2026-09-05 22:08:07,CERRADA,14235163332,TRON-OTC,turbo,put,20,pullback bajista a EMA,42.6,-25.0,"ESTRATEGIA: pullback bajista a EMA, pullback bajista válido, EMA favorece venta, presión: presión neutral, RSI: 42.6, rechazo vendedor por recuperación fallida, pin bar bajista, patrón contexto: patrón bajista válido en resistencia con contexto, calidad A+, memoria permite operación, advertencia acción precio: acción precio: lectura avanzada contradice PUT, enviada al cerebro único como evidencia, ubicación válida, MERCADO: TENDENCIA_BAJISTA - tendencia bajista moderada por avance predominante, CALIDAD MERCADO: NORMAL score 62, TENDENCIA AVANZADA: BAJISTA_NORMAL fuerza 69.11, VALIDACIÓN MERCADO: tendencia sucia: pullback bajista permitido con puntaje alto, ZONA SR: PUT permitido: señal fuerte cerca de soporte, ACCION PRECIO: acción precio: lectura avanzada contradice PUT, RUPTURA: sin ruptura confirmada de soporte",D6_6_CORE4_OOS,NO_OPERAR_SOMBRA,True,R4_PULLBACK_BAJISTA_PREMIUM,True,True,tendencia sucia: pullback bajista permitido con puntaje alto,5,6,0.5,1788660486.7657156,1788660487.2655652,1,,,,,,"{""option-opened"": {""name"": ""option-opened"", ""microserviceName"": ""binary-options"", ""msg"": {""index"": 10350462326, ""option_id"": 14235163332, ""user_id"": 100593322, ""user_group_id"": 191, ""open_time"": 1788660486, ""open_time_millisecond"": 1788660486659, ""expiration_time"": 1788660540, ""amount"": 25, ""enrolled_amount"": 25, ""currency"": ""USD"", ""profit_amount"": 0, ""profit_percent"": 187, ""option_type"": ""turbo"", ""option_type_id"": 3, ""direction"": ""put"", ""value"": 0.276955, ""active"": ""TRON-OTC"", ""params"": null, ""platform_id"": 82, ""is_demo"": false, ""aff_id"": 0, ""balance_type_id"": 4, ""robot_id"": null, ""tournament_id"": null, ""bonus_rate"": 1, ""inout_diff"": 0, ""aff_track"": """", ""country_id"": 59, ""balance"": 0, ""client_platform_id"": 82, ""is_can_trade"": true, ""currency_mask"": ""$%s"", ""active_id"": 1976, ""balance_id"": 497753323, ""requested_at"": 1788660486658, ""created_at"": 1788660486658, ""updated_at"": 1788660486729}}}"
2026-09-05 22:12:07,CERRADA,14235173644,AUDUSD-OTC,turbo,call,23,reacción compradora en soporte,48.29,-25.0,"ESTRATEGIA: reacción compradora en soporte, CALL válido por price action profesional: rechazo comprador confirmado: soporte + cierre alto + confirmación sin resistencia inmediata | impulso alcista medio: avance válido pero no dominante, precio reaccionando en soporte, presión: presión alcista reciente, RSI: 48.29, morning star alcista, patrón contexto: morning star válido en soporte, calidad C, memoria permite operación, ubicación válida, MERCADO: TENDENCIA_ALCISTA - tendencia alcista moderada por avance predominante, CALIDAD MERCADO: NORMAL score 67, TENDENCIA AVANZADA: ALCISTA_FUERTE fuerza 84.48, VALIDACIÓN MERCADO: CALL permitido a favor de tendencia alcista, ZONA SR: CALL permitido: cerca de soporte, ACCION PRECIO: acción precio: CALL sin conflicto fuerte de zona, RUPTURA: sin ruptura confirmada de resistencia",D7_5_REACCION_ZONA_ALCISTA,NO_OPERAR_SOMBRA,False,,True,True,CALL permitido a favor de tendencia alcista,5,6,0.485,1788660727.2268016,1788660727.7119813,1,,,,,,"{""option-opened"": {""name"": ""option-opened"", ""microserviceName"": ""binary-options"", ""msg"": {""index"": 10350471818, ""option_id"": 14235173644, ""user_id"": 100593322, ""user_group_id"": 191, ""open_time"": 1788660727, ""open_time_millisecond"": 1788660727071, ""expiration_time"": 1788660780, ""amount"": 25, ""enrolled_amount"": 25, ""currency"": ""USD"", ""profit_amount"": 0, ""profit_percent"": 187, ""option_type"": ""turbo"", ""option_type_id"": 3, ""direction"": ""call"", ""value"": 0.721085, ""active"": ""AUDUSD-OTC"", ""params"": null, ""platform_id"": 82, ""is_demo"": false, ""aff_id"": 0, ""balance_type_id"": 4, ""robot_id"": null, ""tournament_id"": null, ""bonus_rate"": 1, ""inout_diff"": 0, ""aff_track"": """", ""country_id"": 59, ""balance"": 0, ""client_platform_id"": 82, ""is_can_trade"": true, ""currency_mask"": ""$%s"", ""active_id"": 2111, ""balance_id"": 497753323, ""requested_at"": 1788660727070, ""created_at"": 1788660727071, ""updated_at"": 1788660727143}}, ""position-changed"": {""name"": ""position-changed"", ""microserviceName"": ""portfolio"", ""msg"": {""version"": 45550097141, ""id"": ""a693ae7e7e5ade6de1d2723e0c3bc46d"", ""user_id"": 100593322, ""user_balance_id"": 497753323, ""platform_id"": 82, ""external_id"": 14235173644, ""active_id"": 2111, ""instrument_id"": ""2111"", ""source"": ""binary-options"", ""instrument_type"": ""turbo-option"", ""status"": ""open"", ""open_time"": 1788660727071, ""open_quote"": 0.721085, ""invest"": 25, ""invest_enrolled"": 25, ""sell_profit"": 13.090000000000002, ""sell_profit_enrolled"": 13.090000000000002, ""expected_profit"": 25, ""expected_profit_enrolled"": 25, ""pnl"": -11.909999999999998, ""pnl_net"": -11.909999999999998, ""current_price"": 0.721085, ""quote_timestamp"": 1788660726626, ""swap"": 0, ""raw_event"": {""index"": 13846029950, ""option_id"": 14235173644, ""user_id"": 100593322, ""balance_id"": 497753323, ""option_type_id"": 3, ""option_type"": ""turbo"", ""active_id"": 2111, ""platform_id"": 82, ""profit_percent"": 187, ""user_balance_type"": 4, ""currency"": ""USD"", ""direction"": ""call"", ""result"": ""opened"", ""amount"": 25, ""enrolled_amount"": 25, ""profit_amount"": null, ""win_enrolled_amount"": null, ""value"": 0.721085, ""expiration_value"": null, ""open_time"": 1788660727, ""open_time_millisecond"": 1788660727071, ""expiration_time"": 1788660780, ""initial_expiration_count"": 1, ""actual_expire"": null, ""user_group_id"": 191, ""requested_at"": 1788660727070, ""created_at"": 1788660727071, ""updated_at"": 1788660727143}}}}"
2026-09-05 22:15:07,CERRADA,14235181059,MCDON-OTC,turbo,put,11,continuación bajista con tendencia,46.53,-25.0,"ESTRATEGIA: continuación bajista con tendencia, tendencia bajista, estructura bajista, EMA favorece venta, micro tendencia bajista, presión: presión bajista reciente, RSI: 46.53, calidad B, memoria permite operación, advertencia zona SR: PUT bloqueado: soporte cerca sin ruptura confirmada, enviada al cerebro único como evidencia, ubicación válida, MERCADO: TENDENCIA_BAJISTA - tendencia bajista moderada por avance predominante, CALIDAD MERCADO: NORMAL score 70, TENDENCIA AVANZADA: BAJISTA_FUERTE fuerza 74.64, VALIDACIÓN MERCADO: PUT permitido a favor de tendencia bajista, ZONA SR: PUT bloqueado: soporte cerca sin ruptura confirmada, ACCION PRECIO: acción precio: PUT con soporte cerca; decisión delegada a zonas, RUPTURA: sin ruptura confirmada de soporte",D6_6_CORE4_OOS,NO_OPERAR_SOMBRA,True,R6_CONT_BAJISTA_IMPULSO_FUERTE,True,True,PUT permitido a favor de tendencia bajista,6,6,0.505,1788660907.0755992,1788660907.5808592,1,,,,,,"{""option-opened"": {""name"": ""option-opened"", ""microserviceName"": ""binary-options"", ""msg"": {""index"": 10350478512, ""option_id"": 14235181059, ""user_id"": 100593322, ""user_group_id"": 191, ""open_time"": 1788660906, ""open_time_millisecond"": 1788660906909, ""expiration_time"": 1788660960, ""amount"": 25, ""enrolled_amount"": 25, ""currency"": ""USD"", ""profit_amount"": 0, ""profit_percent"": 187, ""option_type"": ""turbo"", ""option_type_id"": 3, ""direction"": ""put"", ""value"": 183.365, ""active"": ""MCDON-OTC"", ""params"": null, ""platform_id"": 82, ""is_demo"": false, ""aff_id"": 0, ""balance_type_id"": 4, ""robot_id"": null, ""tournament_id"": null, ""bonus_rate"": 1, ""inout_diff"": 0, ""aff_track"": """", ""country_id"": 59, ""balance"": 0, ""client_platform_id"": 82, ""is_can_trade"": true, ""currency_mask"": ""$%s"", ""active_id"": 2103, ""balance_id"": 497753323, ""requested_at"": 1788660906908, ""created_at"": 1788660906909, ""updated_at"": 1788660906980}}}"
2026-09-05 22:16:06,CERRADA,14235183447,RENDERUSD-OTC,turbo,call,18,reacción compradora en soporte,38.78,-25.0,"ESTRATEGIA: reacción compradora en soporte, CALL válido por price action profesional: rechazo comprador confirmado: soporte + cierre alto + confirmación sin resistencia inmediata | impulso alcista medio: avance válido pero no dominante, precio reaccionando en soporte, presión: presión alcista reciente, RSI: 38.78, calidad C, memoria permite operación, ubicación válida, MERCADO: RANGO - precio lateral o sin avance direccional fuerte, CALIDAD MERCADO: NORMAL score 63, TENDENCIA AVANZADA: ALCISTA_DEBIL fuerza 44.4, VALIDACIÓN MERCADO: mercado permitido, ZONA SR: CALL permitido: cerca de soporte, ACCION PRECIO: acción precio: CALL con resistencia cerca; decisión delegada a zonas, RUPTURA: sin ruptura confirmada de resistencia",D6_6_CORE4_OOS,NO_OPERAR_SOMBRA,True,R2_RECHAZO_COMPRADOR_CONFIRMADO,True,True,mercado permitido,5,5,0.46,1788660966.151202,1788660966.611516,1,,,,,,"{""option-opened"": {""name"": ""option-opened"", ""microserviceName"": ""binary-options"", ""msg"": {""index"": 10350480678, ""option_id"": 14235183447, ""user_id"": 100593322, ""user_group_id"": 191, ""open_time"": 1788660965, ""open_time_millisecond"": 1788660965989, ""expiration_time"": 1788661020, ""amount"": 25, ""enrolled_amount"": 25, ""currency"": ""USD"", ""profit_amount"": 0, ""profit_percent"": 187, ""option_type"": ""turbo"", ""option_type_id"": 3, ""direction"": ""call"", ""value"": 1.472935, ""active"": ""RENDERUSD-OTC"", ""params"": null, ""platform_id"": 82, ""is_demo"": false, ""aff_id"": 0, ""balance_type_id"": 4, ""robot_id"": null, ""tournament_id"": null, ""bonus_rate"": 1, ""inout_diff"": 0, ""aff_track"": """", ""country_id"": 59, ""balance"": 0, ""client_platform_id"": 82, ""is_can_trade"": true, ""currency_mask"": ""$%s"", ""active_id"": 2290, ""balance_id"": 497753323, ""requested_at"": 1788660965988, ""created_at"": 1788660965988, ""updated_at"": 1788660966085}}, ""position-changed"": {""name"": ""position-changed"", ""microserviceName"": ""portfolio"", ""msg"": {""version"": 45550133319, ""id"": ""d969954f141a9e2da192327e4c7b842d"", ""user_id"": 100593322, ""user_balance_id"": 497753323, ""platform_id"": 82, ""external_id"": 14235183447, ""active_id"": 2290, ""instrument_id"": ""2290"", ""source"": ""binary-options"", ""instrument_type"": ""turbo-option"", ""status"": ""open"", ""open_time"": 1788660965989, ""open_quote"": 1.472935, ""invest"": 25, ""invest_enrolled"": 25, ""sell_profit"": 8.8825, ""sell_profit_enrolled"": 8.8825, ""expected_profit"": 25, ""expected_profit_enrolled"": 25, ""pnl"": -16.1175, ""pnl_net"": -16.1175, ""current_price"": 1.472935, ""quote_timestamp"": 1788660965369, ""swap"": 0, ""raw_event"": {""index"": 13846049276, ""option_id"": 14235183447, ""user_id"": 100593322, ""balance_id"": 497753323, ""option_type_id"": 3, ""option_type"": ""turbo"", ""active_id"": 2290, ""platform_id"": 82, ""profit_percent"": 187, ""user_balance_type"": 4, ""currency"": ""USD"", ""direction"": ""call"", ""result"": ""opened"", ""amount"": 25, ""enrolled_amount"": 25, ""profit_amount"": null, ""win_enrolled_amount"": null, ""value"": 1.472935, ""expiration_value"": null, ""open_time"": 1788660965, ""open_time_millisecond"": 1788660965989, ""expiration_time"": 1788661020, ""initial_expiration_count"": 1, ""actual_expire"": null, ""user_group_id"": 191, ""requested_at"": 1788660965988, ""created_at"": 1788660965988, ""updated_at"": 1788660966085}}}}"
2026-09-05 22:19:07,CERRADA,14235190006,ARBUSD-OTC,turbo,call,19,CHOCH alcista,58.88,-25.0,"ESTRATEGIA: CHOCH alcista, CHOCH alcista confirmado: ruptura con cuerpo, EMA favorece compra, CHOCH con contexto confirmado, rechazo histórico: sin rechazo histórico dominante, presión: presión alcista reciente, patrón contexto: patrón alcista sin contexto suficiente, RSI: 58.88, price action profesional favorece CALL: impulso alcista fuerte: avance limpio, cierres altos y fuerza sostenida, micro contexto: impulso alcista, calidad A, memoria permite operación, advertencia mercado: tendencia sucia: CHOCH débil bloqueado, enviada al cerebro único como evidencia, ubicación válida, MERCADO: TENDENCIA_ALCISTA - tendencia alcista confirmada por estructura, EMA e impulso, CALIDAD MERCADO: NORMAL score 69, TENDENCIA AVANZADA: ALCISTA_NORMAL fuerza 64.14, VALIDACIÓN MERCADO: tendencia sucia: CHOCH débil bloqueado, ZONA SR: CALL permitido: señal fuerte cerca de resistencia, ACCION PRECIO: acción precio: CALL con resistencia cerca; decisión delegada a zonas, RUPTURA: sin ruptura confirmada de resistencia",PROBABILIDAD_HISTORICA_V3,OPERAR_CON_PROTOCOLO_SOMBRA,False,,True,False,tendencia sucia: CHOCH débil bloqueado,5,6,0.457,1788661147.2873008,1788661147.743915,1,,,,,,"{""option-opened"": {""name"": ""option-opened"", ""microserviceName"": ""binary-options"", ""msg"": {""index"": 10350486594, ""option_id"": 14235190006, ""user_id"": 100593322, ""user_group_id"": 191, ""open_time"": 1788661147, ""open_time_millisecond"": 1788661147120, ""expiration_time"": 1788661200, ""amount"": 25, ""enrolled_amount"": 25, ""currency"": ""USD"", ""profit_amount"": 0, ""profit_percent"": 187, ""option_type"": ""turbo"", ""option_type_id"": 3, ""direction"": ""call"", ""value"": 0.118155, ""active"": ""ARBUSD-OTC"", ""params"": null, ""platform_id"": 82, ""is_demo"": false, ""aff_id"": 0, ""balance_type_id"": 4, ""robot_id"": null, ""tournament_id"": null, ""bonus_rate"": 1, ""inout_diff"": 0, ""aff_track"": """", ""country_id"": 59, ""balance"": 0, ""client_platform_id"": 82, ""is_can_trade"": true, ""currency_mask"": ""$%s"", ""active_id"": 2156, ""balance_id"": 497753323, ""requested_at"": 1788661147119, ""created_at"": 1788661147131, ""updated_at"": 1788661147204}}, ""position-changed"": {""name"": ""position-changed"", ""microserviceName"": ""portfolio"", ""msg"": {""version"": 45550156722, ""id"": ""cd3d3e7b81e460d35f6ccc80b2857ad3"", ""user_id"": 100593322, ""user_balance_id"": 497753323, ""platform_id"": 82, ""external_id"": 14235190006, ""active_id"": 2156, ""instrument_id"": ""2156"", ""source"": ""binary-options"", ""instrument_type"": ""turbo-option"", ""status"": ""open"", ""open_time"": 1788661147120, ""open_quote"": 0.118155, ""invest"": 25, ""invest_enrolled"": 25, ""sell_profit"": 10.285, ""sell_profit_enrolled"": 10.285, ""expected_profit"": 0, ""expected_profit_enrolled"": 0, ""pnl"": -14.715, ""pnl_net"": -14.715, ""current_price"": 0.118075, ""quote_timestamp"": 1788661147000, ""swap"": 0, ""raw_event"": {""index"": 13846062023, ""option_id"": 14235190006, ""user_id"": 100593322, ""balance_id"": 497753323, ""option_type_id"": 3, ""option_type"": ""turbo"", ""active_id"": 2156, ""platform_id"": 82, ""profit_percent"": 187, ""user_balance_type"": 4, ""currency"": ""USD"", ""direction"": ""call"", ""result"": ""opened"", ""amount"": 25, ""enrolled_amount"": 25, ""profit_amount"": null, ""win_enrolled_amount"": null, ""value"": 0.118155, ""expiration_value"": null, ""open_time"": 1788661147, ""open_time_millisecond"": 1788661147120, ""expiration_time"": 1788661200, ""initial_expiration_count"": 1, ""actual_expire"": null, ""user_group_id"": 191, ""requested_at"": 1788661147119, ""created_at"": 1788661147131, ""updated_at"": 1788661147204}}}}"
2026-09-05 22:23:07,CERRADA,14235199071,LABUBUUSD-OTC,turbo,put,11,continuación bajista con tendencia,41.19,-25.0,"ESTRATEGIA: continuación bajista con tendencia, tendencia bajista, estructura bajista, EMA favorece venta, micro tendencia bajista, presión: presión bajista reciente, RSI: 41.19, calidad B, memoria permite operación, advertencia zona SR: PUT bloqueado: soporte cerca sin ruptura confirmada, enviada al cerebro único como evidencia, ubicación válida, MERCADO: TENDENCIA_BAJISTA - tendencia bajista confirmada por estructura, EMA e impulso, CALIDAD MERCADO: NORMAL score 68, TENDENCIA AVANZADA: BAJISTA_NORMAL fuerza 53.66, VALIDACIÓN MERCADO: PUT permitido a favor de tendencia bajista, ZONA SR: PUT bloqueado: soporte cerca sin ruptura confirmada, ACCION PRECIO: acción precio: PUT con soporte cerca; decisión delegada a zonas, RUPTURA: sin ruptura confirmada de soporte",D6_6_CORE4_OOS,NO_OPERAR_SOMBRA,True,R6_CONT_BAJISTA_IMPULSO_FUERTE,True,True,PUT permitido a favor de tendencia bajista,6,6,0.404,1788661386.7876558,1788661387.1919286,1,,,,,,"{""option-opened"": {""name"": ""option-opened"", ""microserviceName"": ""binary-options"", ""msg"": {""index"": 10350495095, ""option_id"": 14235199071, ""user_id"": 100593322, ""user_group_id"": 191, ""open_time"": 1788661386, ""open_time_millisecond"": 1788661386624, ""expiration_time"": 1788661440, ""amount"": 25, ""enrolled_amount"": 25, ""currency"": ""USD"", ""profit_amount"": 0, ""profit_percent"": 187, ""option_type"": ""turbo"", ""option_type_id"": 3, ""direction"": ""put"", ""value"": 0.468045, ""active"": ""LABUBUUSD-OTC"", ""params"": null, ""platform_id"": 82, ""is_demo"": false, ""aff_id"": 0, ""balance_type_id"": 4, ""robot_id"": null, ""tournament_id"": null, ""bonus_rate"": 1, ""inout_diff"": 0, ""aff_track"": """", ""country_id"": 59, ""balance"": 0, ""client_platform_id"": 82, ""is_can_trade"": true, ""currency_mask"": ""$%s"", ""active_id"": 2304, ""balance_id"": 497753323, ""requested_at"": 1788661386623, ""created_at"": 1788661386623, ""updated_at"": 1788661386696}}, ""position-changed"": {""name"": ""position-changed"", ""microserviceName"": ""portfolio"", ""msg"": {""version"": 45550188944, ""id"": ""f6d0a5f6a5e460d35f6ccc80b2857ad3"", ""user_id"": 100593322, ""user_balance_id"": 497753323, ""platform_id"": 82, ""external_id"": 14235199071, ""active_id"": 2304, ""instrument_id"": ""2304"", ""source"": ""binary-options"", ""instrument_type"": ""turbo-option"", ""status"": ""open"", ""open_time"": 1788661386624, ""open_quote"": 0.468045, ""invest"": 25, ""invest_enrolled"": 25, ""sell_profit"": 7.0125, ""sell_profit_enrolled"": 7.0125, ""expected_profit"": 25, ""expected_profit_enrolled"": 25, ""pnl"": -17.9875, ""pnl_net"": -17.9875, ""current_price"": 0.468045, ""quote_timestamp"": 1788661386000, ""swap"": 0, ""raw_event"": {""index"": 13846079122, ""option_id"": 14235199071, ""user_id"": 100593322, ""balance_id"": 497753323, ""option_type_id"": 3, ""option_type"": ""turbo"", ""active_id"": 2304, ""platform_id"": 82, ""profit_percent"": 187, ""user_balance_type"": 4, ""currency"": ""USD"", ""direction"": ""put"", ""result"": ""opened"", ""amount"": 25, ""enrolled_amount"": 25, ""profit_amount"": null, ""win_enrolled_amount"": null, ""value"": 0.468045, ""expiration_value"": null, ""open_time"": 1788661386, ""open_time_millisecond"": 1788661386624, ""expiration_time"": 1788661440, ""initial_expiration_count"": 1, ""actual_expire"": null, ""user_group_id"": 191, ""requested_at"": 1788661386623, ""created_at"": 1788661386623, ""updated_at"": 1788661386696}}}}"
2026-09-05 22:36:07,CERRADA,14235232163,KLARNA-OTC,turbo,put,23,reacción vendedora en resistencia,58.44,-25.0,"ESTRATEGIA: reacción vendedora en resistencia, PUT válido por price action profesional: rechazo vendedor confirmado: resistencia + cierre bajo + confirmación sin soporte inmediato | rechazo vendedor observado, sin estructura completa, precio reaccionando en resistencia, presión: presión vendedora por mechas superiores, RSI: 58.44, evening star bajista, patrón contexto: evening star válido en resistencia, calidad A+, memoria permite operación, advertencia mercado: PUT bloqueado contra tendencia alcista, enviada al cerebro único como evidencia, ubicación válida, MERCADO: TENDENCIA_ALCISTA - tendencia alcista confirmada por estructura, EMA e impulso, CALIDAD MERCADO: NORMAL score 62, TENDENCIA AVANZADA: ALCISTA_NORMAL fuerza 53.81, VALIDACIÓN MERCADO: PUT bloqueado contra tendencia alcista, ZONA SR: zona válida, ACCION PRECIO: acción precio: PUT con soporte cerca; decisión delegada a zonas, RUPTURA: sin ruptura confirmada de soporte",D6_6_CORE4_OOS,NO_OPERAR_SOMBRA,True,R1_INDEFINIDO_PREMIUM,True,False,PUT bloqueado contra tendencia alcista,6,6,0.496,1788662167.4823785,1788662167.978338,1,,,,,,"{""option-opened"": {""name"": ""option-opened"", ""microserviceName"": ""binary-options"", ""msg"": {""index"": 10350525379, ""option_id"": 14235232163, ""user_id"": 100593322, ""user_group_id"": 191, ""open_time"": 1788662167, ""open_time_millisecond"": 1788662167360, ""expiration_time"": 1788662220, ""amount"": 25, ""enrolled_amount"": 25, ""currency"": ""USD"", ""profit_amount"": 0, ""profit_percent"": 187, ""option_type"": ""turbo"", ""option_type_id"": 3, ""direction"": ""put"", ""value"": 12.7765, ""active"": ""KLARNA-OTC"", ""params"": null, ""platform_id"": 82, ""is_demo"": false, ""aff_id"": 0, ""balance_type_id"": 4, ""robot_id"": null, ""tournament_id"": null, ""bonus_rate"": 1, ""inout_diff"": 0, ""aff_track"": """", ""country_id"": 59, ""balance"": 0, ""client_platform_id"": 82, ""is_can_trade"": true, ""currency_mask"": ""$%s"", ""active_id"": 2311, ""balance_id"": 497753323, ""requested_at"": 1788662167359, ""created_at"": 1788662167359, ""updated_at"": 1788662167432}}}"
2026-09-05 22:42:07,CERRADA,14235247078,INTEL-OTC,turbo,put,20,pullback bajista a EMA,55.34,-25.0,"ESTRATEGIA: pullback bajista a EMA, pullback bajista válido, EMA favorece venta, presión: presión bajista reciente, RSI: 55.34, rechazo vendedor por recuperación fallida, pin bar bajista, patrón contexto: patrón bajista válido en resistencia con contexto, calidad A+, memoria permite operación, ubicación válida, MERCADO: TENDENCIA_BAJISTA - tendencia bajista moderada por avance predominante, CALIDAD MERCADO: NORMAL score 63, TENDENCIA AVANZADA: BAJISTA_DEBIL fuerza 43.98, VALIDACIÓN MERCADO: tendencia sucia: pullback bajista permitido con puntaje alto, ZONA SR: PUT permitido: señal fuerte cerca de soporte, ACCION PRECIO: acción precio: rechazo vendedor en resistencia, RUPTURA: sin ruptura confirmada de soporte",D6_6_CORE4_OOS,NO_OPERAR_SOMBRA,True,R4_PULLBACK_BAJISTA_PREMIUM,True,True,tendencia sucia: pullback bajista permitido con puntaje alto,5,6,0.467,1788662526.7137957,1788662527.1809373,1,,,,,,"{""option-opened"": {""name"": ""option-opened"", ""microserviceName"": ""binary-options"", ""msg"": {""index"": 10350539040, ""option_id"": 14235247078, ""user_id"": 100593322, ""user_group_id"": 191, ""open_time"": 1788662526, ""open_time_millisecond"": 1788662526581, ""expiration_time"": 1788662580, ""amount"": 25, ""enrolled_amount"": 25, ""currency"": ""USD"", ""profit_amount"": 0, ""profit_percent"": 187, ""option_type"": ""turbo"", ""option_type_id"": 3, ""direction"": ""put"", ""value"": 78.4215, ""active"": ""INTEL-OTC"", ""params"": null, ""platform_id"": 82, ""is_demo"": false, ""aff_id"": 0, ""balance_type_id"": 4, ""robot_id"": null, ""tournament_id"": null, ""bonus_rate"": 1, ""inout_diff"": 0, ""aff_track"": """", ""country_id"": 59, ""balance"": 0, ""client_platform_id"": 82, ""is_can_trade"": true, ""currency_mask"": ""$%s"", ""active_id"": 2098, ""balance_id"": 497753323, ""requested_at"": 1788662526580, ""created_at"": 1788662526580, ""updated_at"": 1788662526652}}}"
2026-09-05 22:52:06,CERRADA,14235270671,SEIUSD-OTC,turbo,put,20,pullback bajista a EMA,43.89,21.75,"ESTRATEGIA: pullback bajista a EMA, pullback bajista válido, EMA favorece venta, presión: presión bajista reciente, RSI: 43.89, rechazo vendedor por recuperación fallida, pin bar bajista, patrón contexto: patrón bajista válido en resistencia con contexto, calidad A+, memoria permite operación, ubicación válida, MERCADO: TENDENCIA_BAJISTA - tendencia bajista confirmada por estructura, EMA e impulso, CALIDAD MERCADO: NORMAL score 66, TENDENCIA AVANZADA: BAJISTA_FUERTE fuerza 71.75, VALIDACIÓN MERCADO: tendencia sucia: pullback bajista permitido con puntaje alto, ZONA SR: PUT permitido: señal fuerte cerca de soporte, ACCION PRECIO: acción precio: rechazo vendedor en resistencia, RUPTURA: sin ruptura confirmada de soporte",D6_6_CORE4_OOS,NO_OPERAR_SOMBRA,True,R4_PULLBACK_BAJISTA_PREMIUM,True,True,tendencia sucia: pullback bajista permitido con puntaje alto,5,5,0.524,1788663125.927081,1788663126.451329,1,,,,,,"{""option-opened"": {""name"": ""option-opened"", ""microserviceName"": ""binary-options"", ""msg"": {""index"": 10350560719, ""option_id"": 14235270671, ""user_id"": 100593322, ""user_group_id"": 191, ""open_time"": 1788663125, ""open_time_millisecond"": 1788663125804, ""expiration_time"": 1788663180, ""amount"": 25, ""enrolled_amount"": 25, ""currency"": ""USD"", ""profit_amount"": 0, ""profit_percent"": 187, ""option_type"": ""turbo"", ""option_type_id"": 3, ""direction"": ""put"", ""value"": 0.028675, ""active"": ""SEIUSD-OTC"", ""params"": null, ""platform_id"": 82, ""is_demo"": false, ""aff_id"": 0, ""balance_type_id"": 4, ""robot_id"": null, ""tournament_id"": null, ""bonus_rate"": 1, ""inout_diff"": 0, ""aff_track"": """", ""country_id"": 59, ""balance"": 0, ""client_platform_id"": 82, ""is_can_trade"": true, ""currency_mask"": ""$%s"", ""active_id"": 2152, ""balance_id"": 497753323, ""requested_at"": 1788663125803, ""created_at"": 1788663125804, ""updated_at"": 1788663125879}}}"
2026-09-05 22:54:06,CERRADA,14235274711,GOOGLE-OTC,turbo,put,23,reacción vendedora en resistencia,51.13,-25.0,"ESTRATEGIA: reacción vendedora en resistencia, PUT válido por price action profesional: rechazo vendedor confirmado: resistencia + cierre bajo + confirmación sin soporte inmediato | impulso bajista medio: caída válida pero con fuerza moderada | rechazo vendedor observado, sin estructura completa, precio reaccionando en resistencia, presión: presión bajista reciente, RSI: 51.13, evening star bajista, patrón contexto: evening star válido en resistencia, calidad C, memoria permite operación, advertencia mercado: PUT bloqueado contra tendencia alcista, enviada al cerebro único como evidencia, ubicación válida, MERCADO: TENDENCIA_ALCISTA - tendencia alcista moderada por avance predominante, CALIDAD MERCADO: NORMAL score 61, TENDENCIA AVANZADA: ALCISTA_NORMAL fuerza 56.15, VALIDACIÓN MERCADO: PUT bloqueado contra tendencia alcista, ZONA SR: zona válida, ACCION PRECIO: acción precio: PUT con soporte cerca; decisión delegada a zonas, RUPTURA: sin ruptura confirmada de soporte",D6_6_CORE4_OOS,NO_OPERAR_SOMBRA,True,R1_INDEFINIDO_PREMIUM,True,False,PUT bloqueado contra tendencia alcista,5,6,0.437,1788663246.4860983,1788663246.9229722,1,,,,,,"{""option-opened"": {""name"": ""option-opened"", ""microserviceName"": ""binary-options"", ""msg"": {""index"": 10350564416, ""option_id"": 14235274711, ""user_id"": 100593322, ""user_group_id"": 191, ""open_time"": 1788663246, ""open_time_millisecond"": 1788663246367, ""expiration_time"": 1788663300, ""amount"": 25, ""enrolled_amount"": 25, ""currency"": ""USD"", ""profit_amount"": 0, ""profit_percent"": 185, ""option_type"": ""turbo"", ""option_type_id"": 3, ""direction"": ""put"", ""value"": 335.604235, ""active"": ""GOOGLE-OTC"", ""params"": null, ""platform_id"": 82, ""is_demo"": false, ""aff_id"": 0, ""balance_type_id"": 4, ""robot_id"": null, ""tournament_id"": null, ""bonus_rate"": 1, ""inout_diff"": 0, ""aff_track"": """", ""country_id"": 59, ""balance"": 0, ""client_platform_id"": 82, ""is_can_trade"": true, ""currency_mask"": ""$%s"", ""active_id"": 1933, ""balance_id"": 497753323, ""requested_at"": 1788663246366, ""created_at"": 1788663246366, ""updated_at"": 1788663246440}}, ""position-changed"": {""name"": ""position-changed"", ""microserviceName"": ""portfolio"", ""msg"": {""version"": 45550461064, ""id"": ""5f7e2668b3199b28a497377b497e8128"", ""user_id"": 100593322, ""user_balance_id"": 497753323, ""platform_id"": 82, ""external_id"": 14235274711, ""active_id"": 1933, ""instrument_id"": ""1933"", ""source"": ""binary-options"", ""instrument_type"": ""turbo-option"", ""status"": ""open"", ""open_time"": 1788663246367, ""open_quote"": 335.604235, ""invest"": 25, ""invest_enrolled"": 25, ""sell_profit"": 5.55, ""sell_profit_enrolled"": 5.55, ""expected_profit"": 25, ""expected_profit_enrolled"": 25, ""pnl"": -19.45, ""pnl_net"": -19.45, ""current_price"": 335.604235, ""quote_timestamp"": 1788663246293, ""swap"": 0, ""raw_event"": {""index"": 13846224538, ""option_id"": 14235274711, ""user_id"": 100593322, ""balance_id"": 497753323, ""option_type_id"": 3, ""option_type"": ""turbo"", ""active_id"": 1933, ""platform_id"": 82, ""profit_percent"": 185, ""user_balance_type"": 4, ""currency"": ""USD"", ""direction"": ""put"", ""result"": ""opened"", ""amount"": 25, ""enrolled_amount"": 25, ""profit_amount"": null, ""win_enrolled_amount"": null, ""value"": 335.604235, ""expiration_value"": null, ""open_time"": 1788663246, ""open_time_millisecond"": 1788663246367, ""expiration_time"": 1788663300, ""initial_expiration_count"": 1, ""actual_expire"": null, ""user_group_id"": 191, ""requested_at"": 1788663246366, ""created_at"": 1788663246366, ""updated_at"": 1788663246440}}}}"
2026-09-05 22:59:06,CERRADA,14235285676,USDCLP-OTC,turbo,call,20,reacción compradora en soporte,54.78,21.75,"ESTRATEGIA: reacción compradora en soporte, CALL válido por price action profesional: rechazo comprador confirmado: soporte + cierre alto + confirmación sin resistencia inmediata | rechazo comprador observado, sin estructura completa, precio reaccionando en soporte, presión: presión alcista reciente, RSI: 54.78, rechazo comprador fuerte, calidad A+, memoria permite operación, ubicación válida, MERCADO: TENDENCIA_ALCISTA - tendencia alcista moderada por avance predominante, CALIDAD MERCADO: NORMAL score 66, TENDENCIA AVANZADA: ALCISTA_FUERTE fuerza 70.03, VALIDACIÓN MERCADO: CALL permitido a favor de tendencia alcista, ZONA SR: zona válida, ACCION PRECIO: acción precio: CALL con resistencia cerca; decisión delegada a zonas, RUPTURA: sin ruptura confirmada de resistencia",D6_6_CORE4_OOS,NO_OPERAR_SOMBRA,True,R2_RECHAZO_COMPRADOR_CONFIRMADO,True,True,CALL permitido a favor de tendencia alcista,5,6,0.485,1788663546.2961452,1788663546.781331,1,,,,,,"{""option-opened"": {""name"": ""option-opened"", ""microserviceName"": ""binary-options"", ""msg"": {""index"": 10350574442, ""option_id"": 14235285676, ""user_id"": 100593322, ""user_group_id"": 191, ""open_time"": 1788663546, ""open_time_millisecond"": 1788663546175, ""expiration_time"": 1788663600, ""amount"": 25, ""enrolled_amount"": 25, ""currency"": ""USD"", ""profit_amount"": 0, ""profit_percent"": 187, ""option_type"": ""turbo"", ""option_type_id"": 3, ""direction"": ""call"", ""value"": 923.81725, ""active"": ""USDCLP-OTC"", ""params"": null, ""platform_id"": 82, ""is_demo"": false, ""aff_id"": 0, ""balance_type_id"": 4, ""robot_id"": null, ""tournament_id"": null, ""bonus_rate"": 1, ""inout_diff"": 0, ""aff_track"": """", ""country_id"": 59, ""balance"": 0, ""client_platform_id"": 82, ""is_can_trade"": true, ""currency_mask"": ""$%s"", ""active_id"": 2438, ""balance_id"": 497753323, ""requested_at"": 1788663546174, ""created_at"": 1788663546175, ""updated_at"": 1788663546260}}}"
2026-09-05 23:01:06,CERRADA,14235290127,USDCLP-OTC,turbo,call,23,reacción compradora en soporte,55.85,21.75,"ESTRATEGIA: reacción compradora en soporte, CALL válido por price action profesional: rechazo comprador confirmado: soporte + cierre alto + confirmación sin resistencia inmediata | impulso alcista medio: avance válido pero no dominante | rechazo comprador histórico real: zona + cierres altos + estructura alcista, precio reaccionando en soporte, presión: presión compradora por mechas inferiores, RSI: 55.85, envolvente alcista, patrón contexto: patrón alcista válido en soporte con contexto, calidad A+, memoria permite operación, ubicación válida, MERCADO: TENDENCIA_ALCISTA - tendencia alcista confirmada por estructura, EMA e impulso, CALIDAD MERCADO: NORMAL score 62, TENDENCIA AVANZADA: ALCISTA_NORMAL fuerza 60.53, VALIDACIÓN MERCADO: CALL permitido a favor de tendencia alcista, ZONA SR: CALL permitido: cerca de soporte, ACCION PRECIO: acción precio: CALL con resistencia cerca; decisión delegada a zonas, RUPTURA: sin ruptura confirmada de resistencia",D6_6_CORE4_OOS,NO_OPERAR_SOMBRA,True,R1_INDEFINIDO_PREMIUM|R2_RECHAZO_COMPRADOR_CONFIRMADO,True,True,CALL permitido a favor de tendencia alcista,5,6,0.484,1788663666.4389565,1788663666.9226916,1,,,,,,"{""option-opened"": {""name"": ""option-opened"", ""microserviceName"": ""binary-options"", ""msg"": {""index"": 10350578521, ""option_id"": 14235290127, ""user_id"": 100593322, ""user_group_id"": 191, ""open_time"": 1788663666, ""open_time_millisecond"": 1788663666322, ""expiration_time"": 1788663720, ""amount"": 25, ""enrolled_amount"": 25, ""currency"": ""USD"", ""profit_amount"": 0, ""profit_percent"": 187, ""option_type"": ""turbo"", ""option_type_id"": 3, ""direction"": ""call"", ""value"": 925.30245, ""active"": ""USDCLP-OTC"", ""params"": null, ""platform_id"": 82, ""is_demo"": false, ""aff_id"": 0, ""balance_type_id"": 4, ""robot_id"": null, ""tournament_id"": null, ""bonus_rate"": 1, ""inout_diff"": 0, ""aff_track"": """", ""country_id"": 59, ""balance"": 0, ""client_platform_id"": 82, ""is_can_trade"": true, ""currency_mask"": ""$%s"", ""active_id"": 2438, ""balance_id"": 497753323, ""requested_at"": 1788663666321, ""created_at"": 1788663666322, ""updated_at"": 1788663666392}}}"
2026-09-05 23:23:07,CERRADA,14235335537,XPDUSD-OTC,turbo,put,11,continuación bajista con tendencia,48.88,-25.0,"ESTRATEGIA: continuación bajista con tendencia, tendencia bajista, estructura bajista, EMA favorece venta, micro tendencia bajista, presión: presión bajista reciente, RSI: 48.88, calidad B, memoria permite operación, advertencia zona SR: zona bloqueada: mercado delicado requiere mejor confirmación, enviada al cerebro único como evidencia, ubicación válida, MERCADO: RANGO - precio lateral o sin avance direccional fuerte, CALIDAD MERCADO: NORMAL score 71, TENDENCIA AVANZADA: INDEFINIDA fuerza 30.67, VALIDACIÓN MERCADO: mercado permitido, ZONA SR: zona bloqueada: mercado delicado requiere mejor confirmación, ACCION PRECIO: acción precio: PUT con soporte cerca; decisión delegada a zonas, RUPTURA: sin ruptura confirmada de soporte",D6_6_CORE4_OOS,NO_OPERAR_SOMBRA,True,R2_RECHAZO_COMPRADOR_CONFIRMADO,True,True,mercado permitido,5,6,0.5,1788664987.3166108,1788664987.816203,1,,,,,,"{""option-opened"": {""name"": ""option-opened"", ""microserviceName"": ""binary-options"", ""msg"": {""index"": 10350619922, ""option_id"": 14235335537, ""user_id"": 100593322, ""user_group_id"": 191, ""open_time"": 1788664987, ""open_time_millisecond"": 1788664987212, ""expiration_time"": 1788665040, ""amount"": 25, ""enrolled_amount"": 25, ""currency"": ""USD"", ""profit_amount"": 0, ""profit_percent"": 187, ""option_type"": ""turbo"", ""option_type_id"": 3, ""direction"": ""put"", ""value"": 1623.4835, ""active"": ""XPDUSD-OTC"", ""params"": null, ""platform_id"": 82, ""is_demo"": false, ""aff_id"": 0, ""balance_type_id"": 4, ""robot_id"": null, ""tournament_id"": null, ""bonus_rate"": 1, ""inout_diff"": 0, ""aff_track"": """", ""country_id"": 59, ""balance"": 0, ""client_platform_id"": 82, ""is_can_trade"": true, ""currency_mask"": ""$%s"", ""active_id"": 2328, ""balance_id"": 497753323, ""requested_at"": 1788664987211, ""created_at"": 1788664987212, ""updated_at"": 1788664987282}}}"
2026-09-05 23:35:08,CERRADA,14235362415,US2000-OTC,turbo,put,11,continuación bajista con tendencia,43.01,-25.0,"ESTRATEGIA: continuación bajista con tendencia, tendencia bajista, estructura bajista, EMA favorece venta, micro tendencia bajista, presión: presión bajista reciente, RSI: 43.01, calidad B, memoria permite operación, advertencia acción precio: acción precio: lectura avanzada contradice PUT, enviada al cerebro único como evidencia, ubicación válida, MERCADO: TENDENCIA_BAJISTA - tendencia bajista confirmada por estructura, EMA e impulso, CALIDAD MERCADO: NORMAL score 59, TENDENCIA AVANZADA: BAJISTA_FUERTE fuerza 71.05, VALIDACIÓN MERCADO: PUT permitido a favor de tendencia bajista, ZONA SR: PUT permitido: cerca de resistencia, ACCION PRECIO: acción precio: lectura avanzada contradice PUT, RUPTURA: sin ruptura confirmada de soporte",D6_6_CORE4_OOS,NO_OPERAR_SOMBRA,True,R6_CONT_BAJISTA_IMPULSO_FUERTE,True,True,PUT permitido a favor de tendencia bajista,6,6,0.508,1788665707.7309906,1788665708.238586,1,,,,,,"{""option-opened"": {""name"": ""option-opened"", ""microserviceName"": ""binary-options"", ""msg"": {""index"": 10350644428, ""option_id"": 14235362415, ""user_id"": 100593322, ""user_group_id"": 191, ""open_time"": 1788665707, ""open_time_millisecond"": 1788665707651, ""expiration_time"": 1788665760, ""amount"": 25, ""enrolled_amount"": 25, ""currency"": ""USD"", ""profit_amount"": 0, ""profit_percent"": 187, ""option_type"": ""turbo"", ""option_type_id"": 3, ""direction"": ""put"", ""value"": 2883.895, ""active"": ""US2000-OTC"", ""params"": null, ""platform_id"": 82, ""is_demo"": false, ""aff_id"": 0, ""balance_type_id"": 4, ""robot_id"": null, ""tournament_id"": null, ""bonus_rate"": 1, ""inout_diff"": 0, ""aff_track"": """", ""country_id"": 59, ""balance"": 0, ""client_platform_id"": 82, ""is_can_trade"": true, ""currency_mask"": ""$%s"", ""active_id"": 2108, ""balance_id"": 497753323, ""requested_at"": 1788665707650, ""created_at"": 1788665707651, ""updated_at"": 1788665707722}}}"
2026-09-05 23:37:07,CERRADA,14235366402,ORDIUSD-OTC,turbo,put,23,reacción vendedora en resistencia,52.6,-25.0,"ESTRATEGIA: reacción vendedora en resistencia, PUT válido por price action profesional: rechazo vendedor confirmado: resistencia + cierre bajo + confirmación sin soporte inmediato | impulso bajista medio: caída válida pero con fuerza moderada, precio reaccionando en resistencia, presión: presión bajista reciente, RSI: 52.6, evening star bajista, patrón contexto: evening star válido en resistencia, calidad C, memoria permite operación, advertencia mercado: PUT bloqueado contra tendencia alcista, enviada al cerebro único como evidencia, ubicación válida, MERCADO: TENDENCIA_ALCISTA - tendencia alcista moderada por avance predominante, CALIDAD MERCADO: NORMAL score 58, TENDENCIA AVANZADA: ALCISTA_DEBIL fuerza 40.28, VALIDACIÓN MERCADO: PUT bloqueado contra tendencia alcista, ZONA SR: PUT permitido: cerca de resistencia, ACCION PRECIO: acción precio: PUT con soporte cerca; decisión delegada a zonas, RUPTURA: sin ruptura confirmada de soporte",D6_6_CORE4_OOS,NO_OPERAR_SOMBRA,True,R1_INDEFINIDO_PREMIUM,True,False,PUT bloqueado contra tendencia alcista,6,6,0.411,1788665827.0208514,1788665827.4314692,1,,,,,,"{""option-opened"": {""name"": ""option-opened"", ""microserviceName"": ""binary-options"", ""msg"": {""index"": 10350648028, ""option_id"": 14235366402, ""user_id"": 100593322, ""user_group_id"": 191, ""open_time"": 1788665826, ""open_time_millisecond"": 1788665826918, ""expiration_time"": 1788665880, ""amount"": 25, ""enrolled_amount"": 25, ""currency"": ""USD"", ""profit_amount"": 0, ""profit_percent"": 187, ""option_type"": ""turbo"", ""option_type_id"": 3, ""direction"": ""put"", ""value"": 3.207195, ""active"": ""ORDIUSD-OTC"", ""params"": null, ""platform_id"": 82, ""is_demo"": false, ""aff_id"": 0, ""balance_type_id"": 4, ""robot_id"": null, ""tournament_id"": null, ""bonus_rate"": 1, ""inout_diff"": 0, ""aff_track"": """", ""country_id"": 59, ""balance"": 0, ""client_platform_id"": 82, ""is_can_trade"": true, ""currency_mask"": ""$%s"", ""active_id"": 2158, ""balance_id"": 497753323, ""requested_at"": 1788665826917, ""created_at"": 1788665826918, ""updated_at"": 1788665826991}}, ""position-changed"": {""name"": ""position-changed"", ""microserviceName"": ""portfolio"", ""msg"": {""version"": 45550809709, ""id"": ""4ca040e1ef3cbd0e82b1115d6f58a70e"", ""user_id"": 100593322, ""user_balance_id"": 497753323, ""platform_id"": 82, ""external_id"": 14235366402, ""active_id"": 2158, ""instrument_id"": ""2158"", ""source"": ""binary-options"", ""instrument_type"": ""turbo-option"", ""status"": ""open"", ""open_time"": 1788665826918, ""open_quote"": 3.207195, ""invest"": 25, ""invest_enrolled"": 25, ""sell_profit"": 10.7525, ""sell_profit_enrolled"": 10.7525, ""expected_profit"": 25, ""expected_profit_enrolled"": 25, ""pnl"": -14.2475, ""pnl_net"": -14.2475, ""current_price"": 3.207195, ""quote_timestamp"": 1788665826851, ""swap"": 0, ""raw_event"": {""index"": 13846400198, ""option_id"": 14235366402, ""user_id"": 100593322, ""balance_id"": 497753323, ""option_type_id"": 3, ""option_type"": ""turbo"", ""active_id"": 2158, ""platform_id"": 82, ""profit_percent"": 187, ""user_balance_type"": 4, ""currency"": ""USD"", ""direction"": ""put"", ""result"": ""opened"", ""amount"": 25, ""enrolled_amount"": 25, ""profit_amount"": null, ""win_enrolled_amount"": null, ""value"": 3.207195, ""expiration_value"": null, ""open_time"": 1788665826, ""open_time_millisecond"": 1788665826918, ""expiration_time"": 1788665880, ""initial_expiration_count"": 1, ""actual_expire"": null, ""user_group_id"": 191, ""requested_at"": 1788665826917, ""created_at"": 1788665826918, ""updated_at"": 1788665826991}}}}"
2026-09-05 23:44:07,CERRADA,14235381514,USDAED-OTC,turbo,put,20,pullback bajista a EMA,56.89,21.75,"ESTRATEGIA: pullback bajista a EMA, pullback bajista válido, EMA favorece venta, presión: presión neutral, RSI: 56.89, rechazo vendedor por recuperación fallida, pin bar bajista, patrón contexto: patrón bajista válido en resistencia con contexto, calidad A+, memoria permite operación, ubicación válida, MERCADO: TENDENCIA_BAJISTA - tendencia bajista moderada por avance predominante, CALIDAD MERCADO: NORMAL score 59, TENDENCIA AVANZADA: BAJISTA_FUERTE fuerza 70.68, VALIDACIÓN MERCADO: tendencia sucia: pullback bajista permitido con puntaje alto, ZONA SR: zona válida, ACCION PRECIO: acción precio: PUT con soporte cerca; decisión delegada a zonas, RUPTURA: sin ruptura confirmada de soporte",D6_6_CORE4_OOS,NO_OPERAR_SOMBRA,True,R4_PULLBACK_BAJISTA_PREMIUM,True,True,tendencia sucia: pullback bajista permitido con puntaje alto,5,6,0.516,1788666246.865065,1788666247.3808634,1,,,,,,"{""option-opened"": {""name"": ""option-opened"", ""microserviceName"": ""binary-options"", ""msg"": {""index"": 10350661892, ""option_id"": 14235381514, ""user_id"": 100593322, ""user_group_id"": 191, ""open_time"": 1788666246, ""open_time_millisecond"": 1788666246777, ""expiration_time"": 1788666300, ""amount"": 25, ""enrolled_amount"": 25, ""currency"": ""USD"", ""profit_amount"": 0, ""profit_percent"": 187, ""option_type"": ""turbo"", ""option_type_id"": 3, ""direction"": ""put"", ""value"": 3.672335, ""active"": ""USDAED-OTC"", ""params"": null, ""platform_id"": 82, ""is_demo"": false, ""aff_id"": 0, ""balance_type_id"": 4, ""robot_id"": null, ""tournament_id"": null, ""bonus_rate"": 1, ""inout_diff"": 0, ""aff_track"": """", ""country_id"": 59, ""balance"": 0, ""client_platform_id"": 82, ""is_can_trade"": true, ""currency_mask"": ""$%s"", ""active_id"": 2433, ""balance_id"": 497753323, ""requested_at"": 1788666246776, ""created_at"": 1788666246777, ""updated_at"": 1788666246849}}}"
2026-09-05 23:45:07,CERRADA,14235383621,SP500-OTC,turbo,put,18,pullback bajista a EMA,49.09,-25.0,"ESTRATEGIA: pullback bajista a EMA, pullback bajista válido, EMA favorece venta, presión: presión alcista reciente, RSI: 49.09, rechazo vendedor por recuperación fallida, pin bar bajista, calidad A+, memoria permite operación, advertencia mercado: pullback bajista requiere tendencia bajista fuerte o puntaje alto, enviada al cerebro único como evidencia, advertencia vela contraria reciente: PUT bloqueado: martillo/rechazo comprador reciente, enviada al cerebro único como evidencia, ubicación válida, MERCADO: TENDENCIA_BAJISTA - tendencia bajista moderada por avance predominante, CALIDAD MERCADO: NORMAL score 62, TENDENCIA AVANZADA: BAJISTA_NORMAL fuerza 50.39, VALIDACIÓN MERCADO: pullback bajista requiere tendencia bajista fuerte o puntaje alto, ZONA SR: PUT permitido: señal fuerte cerca de soporte, ACCION PRECIO: acción precio: PUT con soporte cerca; decisión delegada a zonas, RUPTURA: sin ruptura confirmada de soporte",D6_6_CORE4_OOS,NO_OPERAR_SOMBRA,True,R4_PULLBACK_BAJISTA_PREMIUM,True,False,pullback bajista requiere tendencia bajista fuerte o puntaje alto,5,6,0.467,1788666306.6930478,1788666307.1595669,1,,,,,,"{""option-opened"": {""name"": ""option-opened"", ""microserviceName"": ""binary-options"", ""msg"": {""index"": 10350663828, ""option_id"": 14235383621, ""user_id"": 100593322, ""user_group_id"": 191, ""open_time"": 1788666306, ""open_time_millisecond"": 1788666306603, ""expiration_time"": 1788666360, ""amount"": 25, ""enrolled_amount"": 25, ""currency"": ""USD"", ""profit_amount"": 0, ""profit_percent"": 187, ""option_type"": ""turbo"", ""option_type_id"": 3, ""direction"": ""put"", ""value"": 7684.761745, ""active"": ""SP500-OTC"", ""params"": null, ""platform_id"": 82, ""is_demo"": false, ""aff_id"": 0, ""balance_type_id"": 4, ""robot_id"": null, ""tournament_id"": null, ""bonus_rate"": 1, ""inout_diff"": 0, ""aff_track"": """", ""country_id"": 59, ""balance"": 0, ""client_platform_id"": 82, ""is_can_trade"": true, ""currency_mask"": ""$%s"", ""active_id"": 1971, ""balance_id"": 497753323, ""requested_at"": 1788666306602, ""created_at"": 1788666306602, ""updated_at"": 1788666306674}}}"
2026-09-05 23:47:07,CERRADA,14235388161,XNGUSD-OTC,turbo,put,20,pullback bajista a EMA,48.33,-25.0,"ESTRATEGIA: pullback bajista a EMA, pullback bajista válido, EMA favorece venta, presión: presión vendedora por mechas superiores, RSI: 48.33, rechazo vendedor fuerte, shooting star bajista, patrón contexto: patrón bajista válido en resistencia con contexto, calidad A+, memoria permite operación, ubicación válida, MERCADO: TENDENCIA_BAJISTA - tendencia bajista moderada por avance predominante, CALIDAD MERCADO: NORMAL score 56, TENDENCIA AVANZADA: BAJISTA_NORMAL fuerza 57.43, VALIDACIÓN MERCADO: tendencia sucia: pullback bajista permitido con puntaje alto, ZONA SR: PUT permitido: cerca de resistencia, ACCION PRECIO: acción precio: rechazo vendedor en resistencia, RUPTURA: sin ruptura confirmada de soporte",D6_6_CORE4_OOS,NO_OPERAR_SOMBRA,True,R4_PULLBACK_BAJISTA_PREMIUM,True,True,tendencia sucia: pullback bajista permitido con puntaje alto,6,6,0.487,1788666427.145127,1788666427.632597,1,,,,,,"{""option-opened"": {""name"": ""option-opened"", ""microserviceName"": ""binary-options"", ""msg"": {""index"": 10350668000, ""option_id"": 14235388161, ""user_id"": 100593322, ""user_group_id"": 191, ""open_time"": 1788666427, ""open_time_millisecond"": 1788666427053, ""expiration_time"": 1788666480, ""amount"": 25, ""enrolled_amount"": 25, ""currency"": ""USD"", ""profit_amount"": 0, ""profit_percent"": 187, ""option_type"": ""turbo"", ""option_type_id"": 3, ""direction"": ""put"", ""value"": 3.27215, ""active"": ""XNGUSD-OTC"", ""params"": null, ""platform_id"": 82, ""is_demo"": false, ""aff_id"": 0, ""balance_type_id"": 4, ""robot_id"": null, ""tournament_id"": null, ""bonus_rate"": 1, ""inout_diff"": 0, ""aff_track"": """", ""country_id"": 59, ""balance"": 0, ""client_platform_id"": 82, ""is_can_trade"": true, ""currency_mask"": ""$%s"", ""active_id"": 1863, ""balance_id"": 497753323, ""requested_at"": 1788666427052, ""created_at"": 1788666427053, ""updated_at"": 1788666427125}}, ""position-changed"": {""name"": ""position-changed"", ""microserviceName"": ""portfolio"", ""msg"": {""version"": 45550888413, ""id"": ""345f8efdf09e1fac2013b3ffcdfa05ac"", ""user_id"": 100593322, ""user_balance_id"": 497753323, ""platform_id"": 82, ""external_id"": 14235388161, ""active_id"": 1863, ""instrument_id"": ""1863"", ""source"": ""binary-options"", ""instrument_type"": ""turbo-option"", ""status"": ""open"", ""open_time"": 1788666427053, ""open_quote"": 3.27215, ""invest"": 25, ""invest_enrolled"": 25, ""sell_profit"": 7.9475, ""sell_profit_enrolled"": 7.9475, ""expected_profit"": 46.75, ""expected_profit_enrolled"": 46.75, ""pnl"": -17.052500000000002, ""pnl_net"": -17.052500000000002, ""current_price"": 3.27005, ""quote_timestamp"": 1788666427000, ""swap"": 0, ""raw_event"": {""index"": 13846441779, ""option_id"": 14235388161, ""user_id"": 100593322, ""balance_id"": 497753323, ""option_type_id"": 3, ""option_type"": ""turbo"", ""active_id"": 1863, ""platform_id"": 82, ""profit_percent"": 187, ""user_balance_type"": 4, ""currency"": ""USD"", ""direction"": ""put"", ""result"": ""opened"", ""amount"": 25, ""enrolled_amount"": 25, ""profit_amount"": null, ""win_enrolled_amount"": null, ""value"": 3.27215, ""expiration_value"": null, ""open_time"": 1788666427, ""open_time_millisecond"": 1788666427053, ""expiration_time"": 1788666480, ""initial_expiration_count"": 1, ""actual_expire"": null, ""user_group_id"": 191, ""requested_at"": 1788666427052, ""created_at"": 1788666427053, ""updated_at"": 1788666427125}}}}"
2026-09-05 23:57:07,CERRADA,14235409944,GEV-OTC,turbo,put,20,pullback bajista a EMA,40.34,21.75,"ESTRATEGIA: pullback bajista a EMA, pullback bajista válido, EMA favorece venta, presión: presión bajista reciente, RSI: 40.34, rechazo vendedor por recuperación fallida, pin bar bajista, patrón contexto: patrón bajista válido en resistencia con contexto, calidad A+, memoria permite operación, ubicación válida, MERCADO: TENDENCIA_BAJISTA - tendencia bajista confirmada por estructura, EMA e impulso, CALIDAD MERCADO: NORMAL score 58, TENDENCIA AVANZADA: BAJISTA_FUERTE fuerza 76.6, VALIDACIÓN MERCADO: tendencia sucia: pullback bajista permitido con puntaje alto, ZONA SR: PUT permitido: cerca de resistencia, ACCION PRECIO: acción precio: rechazo vendedor en resistencia, RUPTURA: sin ruptura confirmada de soporte",D6_6_CORE4_OOS,NO_OPERAR_SOMBRA,True,R4_PULLBACK_BAJISTA_PREMIUM,True,True,tendencia sucia: pullback bajista permitido con puntaje alto,6,6,0.452,1788667026.882311,1788667027.3342297,1,,,,,,"{""option-opened"": {""name"": ""option-opened"", ""microserviceName"": ""binary-options"", ""msg"": {""index"": 10350688049, ""option_id"": 14235409944, ""user_id"": 100593322, ""user_group_id"": 191, ""open_time"": 1788667026, ""open_time_millisecond"": 1788667026810, ""expiration_time"": 1788667080, ""amount"": 25, ""enrolled_amount"": 25, ""currency"": ""USD"", ""profit_amount"": 0, ""profit_percent"": 187, ""option_type"": ""turbo"", ""option_type_id"": 3, ""direction"": ""put"", ""value"": 915.831145, ""active"": ""GEV-OTC"", ""params"": null, ""platform_id"": 82, ""is_demo"": false, ""aff_id"": 0, ""balance_type_id"": 4, ""robot_id"": null, ""tournament_id"": null, ""bonus_rate"": 1, ""inout_diff"": 0, ""aff_track"": """", ""country_id"": 59, ""balance"": 0, ""client_platform_id"": 82, ""is_can_trade"": true, ""currency_mask"": ""$%s"", ""active_id"": 2404, ""balance_id"": 497753323, ""requested_at"": 1788667026809, ""created_at"": 1788667026810, ""updated_at"": 1788667026884}}}"
2026-09-05 23:57:08,CERRADA,14235409958,USDVND-OTC,turbo,put,20,pullback bajista a EMA,47.68,-25.0,"ESTRATEGIA: pullback bajista a EMA, pullback bajista válido, EMA favorece venta, presión: presión vendedora por mechas superiores, RSI: 47.68, rechazo vendedor por recuperación fallida, pin bar bajista, patrón contexto: patrón bajista válido en resistencia con contexto, calidad A+, memoria permite operación, ubicación válida, MERCADO: TENDENCIA_BAJISTA - tendencia bajista moderada por avance predominante, CALIDAD MERCADO: NORMAL score 55, TENDENCIA AVANZADA: BAJISTA_NORMAL fuerza 55.01, VALIDACIÓN MERCADO: tendencia sucia: pullback bajista permitido con puntaje alto, ZONA SR: PUT permitido: señal fuerte cerca de soporte, ACCION PRECIO: acción precio: PUT con soporte cerca; decisión delegada a zonas, RUPTURA: sin ruptura confirmada de soporte",D6_6_CORE4_OOS,NO_OPERAR_SOMBRA,True,R4_PULLBACK_BAJISTA_PREMIUM,True,True,tendencia sucia: pullback bajista permitido con puntaje alto,6,7,0.618,1788667027.4338737,1788667028.0514514,1,,,,,,"{""option-opened"": {""name"": ""option-opened"", ""microserviceName"": ""binary-options"", ""msg"": {""index"": 10350688062, ""option_id"": 14235409958, ""user_id"": 100593322, ""user_group_id"": 191, ""open_time"": 1788667027, ""open_time_millisecond"": 1788667027387, ""expiration_time"": 1788667080, ""amount"": 25, ""enrolled_amount"": 25, ""currency"": ""USD"", ""profit_amount"": 0, ""profit_percent"": 187, ""option_type"": ""turbo"", ""option_type_id"": 3, ""direction"": ""put"", ""value"": 26057.37085, ""active"": ""USDVND-OTC"", ""params"": null, ""platform_id"": 82, ""is_demo"": false, ""aff_id"": 0, ""balance_type_id"": 4, ""robot_id"": null, ""tournament_id"": null, ""bonus_rate"": 1, ""inout_diff"": 0, ""aff_track"": """", ""country_id"": 59, ""balance"": 0, ""client_platform_id"": 82, ""is_can_trade"": true, ""currency_mask"": ""$%s"", ""active_id"": 2434, ""balance_id"": 497753323, ""requested_at"": 1788667027386, ""created_at"": 1788667027387, ""updated_at"": 1788667027457}}}"
2026-09-06 00:49:10,CERRADA,14235511414,EURCAD-OTC,turbo,put,11,continuación bajista con tendencia,39.44,21.75,"ESTRATEGIA: continuación bajista con tendencia, tendencia bajista, estructura bajista, EMA favorece venta, micro tendencia bajista, presión: presión bajista reciente, RSI: 39.44, calidad B, memoria permite operación, advertencia zona SR: PUT bloqueado: soporte cerca sin ruptura confirmada, enviada al cerebro único como evidencia, ubicación válida, MERCADO: TENDENCIA_BAJISTA - tendencia bajista moderada por avance predominante, CALIDAD MERCADO: LIMPIO score 77, TENDENCIA AVANZADA: BAJISTA_FUERTE fuerza 81.9, VALIDACIÓN MERCADO: PUT permitido a favor de tendencia bajista, ZONA SR: PUT bloqueado: soporte cerca sin ruptura confirmada, ACCION PRECIO: acción precio: PUT con soporte cerca; decisión delegada a zonas, RUPTURA: sin ruptura confirmada de soporte",D6_6_CORE4_OOS,NO_OPERAR_SOMBRA,True,R6_CONT_BAJISTA_IMPULSO_FUERTE,True,True,PUT permitido a favor de tendencia bajista,8,9,0.535,1788670149.8931909,1788670150.42803,1,,,,,,"{""option-opened"": {""name"": ""option-opened"", ""microserviceName"": ""binary-options"", ""msg"": {""index"": 10350780103, ""option_id"": 14235511414, ""user_id"": 100593322, ""user_group_id"": 191, ""open_time"": 1788670149, ""open_time_millisecond"": 1788670149850, ""expiration_time"": 1788670200, ""amount"": 25, ""enrolled_amount"": 25, ""currency"": ""USD"", ""profit_amount"": 0, ""profit_percent"": 187, ""option_type"": ""turbo"", ""option_type_id"": 3, ""direction"": ""put"", ""value"": 1.587035, ""active"": ""EURCAD-OTC"", ""params"": null, ""platform_id"": 82, ""is_demo"": false, ""aff_id"": 0, ""balance_type_id"": 4, ""robot_id"": null, ""tournament_id"": null, ""bonus_rate"": 1, ""inout_diff"": 0, ""aff_track"": """", ""country_id"": 59, ""balance"": 0, ""client_platform_id"": 82, ""is_can_trade"": true, ""currency_mask"": ""$%s"", ""active_id"": 2117, ""balance_id"": 497753323, ""requested_at"": 1788670149849, ""created_at"": 1788670149850, ""updated_at"": 1788670149921}}}"
2026-09-06 01:09:09,CERRADA,14235545529,SP500-OTC,turbo,call,21,CHOCH alcista,54.74,-25.0,"ESTRATEGIA: CHOCH alcista, CHOCH alcista confirmado: ruptura con cuerpo, EMA favorece compra, CHOCH con contexto confirmado, rechazo histórico: sin rechazo histórico dominante, presión: presión alcista reciente, patrón contexto: patrón alcista sin contexto suficiente, RSI: 54.74, CHOCH apoyado en soporte, price action profesional favorece CALL: impulso alcista fuerte: avance limpio, cierres altos y fuerza sostenida, micro contexto: impulso alcista, calidad A+, memoria permite operación, advertencia mercado: tendencia sucia: CHOCH débil bloqueado, enviada al cerebro único como evidencia, ubicación válida, MERCADO: TENDENCIA_ALCISTA - tendencia alcista moderada por avance predominante, CALIDAD MERCADO: NORMAL score 66, TENDENCIA AVANZADA: ALCISTA_NORMAL fuerza 57.53, VALIDACIÓN MERCADO: tendencia sucia: CHOCH débil bloqueado, ZONA SR: CALL permitido: señal fuerte cerca de resistencia, ACCION PRECIO: acción precio: CALL con resistencia cerca; decisión delegada a zonas, RUPTURA: sin ruptura confirmada de resistencia",PROBABILIDAD_HISTORICA_V3,OPERAR_CON_PROTOCOLO_SOMBRA,False,,True,False,tendencia sucia: CHOCH débil bloqueado,7,8,0.646,1788671349.0038486,1788671349.6497717,1,,,,,,"{""option-opened"": {""name"": ""option-opened"", ""microserviceName"": ""binary-options"", ""msg"": {""index"": 10350811475, ""option_id"": 14235545529, ""user_id"": 100593322, ""user_group_id"": 191, ""open_time"": 1788671349, ""open_time_millisecond"": 1788671349004, ""expiration_time"": 1788671400, ""amount"": 25, ""enrolled_amount"": 25, ""currency"": ""USD"", ""profit_amount"": 0, ""profit_percent"": 187, ""option_type"": ""turbo"", ""option_type_id"": 3, ""direction"": ""call"", ""value"": 7687.180545, ""active"": ""SP500-OTC"", ""params"": null, ""platform_id"": 82, ""is_demo"": false, ""aff_id"": 0, ""balance_type_id"": 4, ""robot_id"": null, ""tournament_id"": null, ""bonus_rate"": 1, ""inout_diff"": 0, ""aff_track"": """", ""country_id"": 59, ""balance"": 0, ""client_platform_id"": 82, ""is_can_trade"": true, ""currency_mask"": ""$%s"", ""active_id"": 1971, ""balance_id"": 497753323, ""requested_at"": 1788671349003, ""created_at"": 1788671349003, ""updated_at"": 1788671349100}}}"
2026-09-06 01:52:09,CERRADA,14235617991,NVDA-OTC,turbo,call,21,CHOCH alcista,59.99,-25.0,"ESTRATEGIA: CHOCH alcista, CHOCH alcista confirmado: ruptura con cuerpo, EMA favorece compra, CHOCH con contexto confirmado, rechazo histórico: sin rechazo histórico dominante, presión: presión alcista reciente, patrón contexto: patrón alcista sin contexto suficiente, RSI: 59.99, rechazo comprador fuerte, price action profesional favorece CALL: impulso alcista fuerte: avance limpio, cierres altos y fuerza sostenida, micro contexto: impulso alcista, calidad A+, memoria permite operación, advertencia mercado: tendencia sucia: CHOCH débil bloqueado, enviada al cerebro único como evidencia, ubicación válida, MERCADO: TENDENCIA_ALCISTA - tendencia alcista confirmada por estructura, EMA e impulso, CALIDAD MERCADO: NORMAL score 69, TENDENCIA AVANZADA: ALCISTA_FUERTE fuerza 70.32, VALIDACIÓN MERCADO: tendencia sucia: CHOCH débil bloqueado, ZONA SR: CALL permitido: señal fuerte cerca de resistencia, ACCION PRECIO: acción precio: CALL con resistencia cerca; decisión delegada a zonas, RUPTURA: sin ruptura confirmada de resistencia",PROBABILIDAD_HISTORICA_V3,OPERAR_CON_PROTOCOLO_SOMBRA,False,,True,False,tendencia sucia: CHOCH débil bloqueado,7,7,0.586,1788673928.3950276,1788673928.9807472,1,,,,,,"{""option-opened"": {""name"": ""option-opened"", ""microserviceName"": ""binary-options"", ""msg"": {""index"": 10350876257, ""option_id"": 14235617991, ""user_id"": 100593322, ""user_group_id"": 191, ""open_time"": 1788673928, ""open_time_millisecond"": 1788673928406, ""expiration_time"": 1788673980, ""amount"": 25, ""enrolled_amount"": 25, ""currency"": ""USD"", ""profit_amount"": 0, ""profit_percent"": 187, ""option_type"": ""turbo"", ""option_type_id"": 3, ""direction"": ""call"", ""value"": 231.471615, ""active"": ""NVDA-OTC"", ""params"": null, ""platform_id"": 82, ""is_demo"": false, ""aff_id"": 0, ""balance_type_id"": 4, ""robot_id"": null, ""tournament_id"": null, ""bonus_rate"": 1, ""inout_diff"": 0, ""aff_track"": """", ""country_id"": 59, ""balance"": 0, ""client_platform_id"": 82, ""is_can_trade"": true, ""currency_mask"": ""$%s"", ""active_id"": 2403, ""balance_id"": 497753323, ""requested_at"": 1788673928405, ""created_at"": 1788673928406, ""updated_at"": 1788673928477}}}"
2026-09-06 03:52:10,CERRADA,14235810320,SHIBUSD-OTC,turbo,put,11,continuación bajista con tendencia,44.83,21.75,"ESTRATEGIA: continuación bajista con tendencia, tendencia bajista, estructura bajista, EMA favorece venta, micro tendencia bajista, presión: presión bajista reciente, RSI: 44.83, calidad B, memoria permite operación, advertencia zona SR: PUT bloqueado: soporte cerca sin ruptura confirmada, enviada al cerebro único como evidencia, ubicación válida, MERCADO: TENDENCIA_BAJISTA - tendencia bajista moderada por avance predominante, CALIDAD MERCADO: NORMAL score 73, TENDENCIA AVANZADA: BAJISTA_NORMAL fuerza 51.8, VALIDACIÓN MERCADO: PUT permitido a favor de tendencia bajista, ZONA SR: PUT bloqueado: soporte cerca sin ruptura confirmada, ACCION PRECIO: acción precio: PUT con soporte cerca; decisión delegada a zonas, RUPTURA: sin ruptura confirmada de soporte",D6_6_CORE4_OOS,NO_OPERAR_SOMBRA,True,R6_CONT_BAJISTA_IMPULSO_FUERTE,True,True,PUT permitido a favor de tendencia bajista,8,9,0.55,1788681129.481103,1788681130.0312774,1,,,,,,"{""option-opened"": {""name"": ""option-opened"", ""microserviceName"": ""binary-options"", ""msg"": {""index"": 10351049279, ""option_id"": 14235810320, ""user_id"": 100593322, ""user_group_id"": 191, ""open_time"": 1788681129, ""open_time_millisecond"": 1788681129573, ""expiration_time"": 1788681180, ""amount"": 25, ""enrolled_amount"": 25, ""currency"": ""USD"", ""profit_amount"": 0, ""profit_percent"": 187, ""option_type"": ""turbo"", ""option_type_id"": 3, ""direction"": ""put"", ""value"": 0.003215, ""active"": ""SHIBUSD-OTC"", ""params"": null, ""platform_id"": 82, ""is_demo"": false, ""aff_id"": 0, ""balance_type_id"": 4, ""robot_id"": null, ""tournament_id"": null, ""bonus_rate"": 1, ""inout_diff"": 0, ""aff_track"": """", ""country_id"": 59, ""balance"": 0, ""client_platform_id"": 82, ""is_can_trade"": true, ""currency_mask"": ""$%s"", ""active_id"": 1975, ""balance_id"": 497753323, ""requested_at"": 1788681129572, ""created_at"": 1788681129573, ""updated_at"": 1788681129644}}, ""position-changed"": {""name"": ""position-changed"", ""microserviceName"": ""portfolio"", ""msg"": {""version"": 45552509008, ""id"": ""5dfaf2a3bf2258eb6754f4b88abd42eb"", ""user_id"": 100593322, ""user_balance_id"": 497753323, ""platform_id"": 82, ""external_id"": 14235810320, ""active_id"": 1975, ""instrument_id"": ""1975"", ""source"": ""binary-options"", ""instrument_type"": ""turbo-option"", ""status"": ""open"", ""open_time"": 1788681129573, ""open_quote"": 0.003215, ""invest"": 25, ""invest_enrolled"": 25, ""sell_profit"": 6.545000000000001, ""sell_profit_enrolled"": 6.545000000000001, ""expected_profit"": 25, ""expected_profit_enrolled"": 25, ""pnl"": -18.455, ""pnl_net"": -18.455, ""current_price"": 0.003215, ""quote_timestamp"": 1788681129503, ""swap"": 0, ""raw_event"": {""index"": 13847246254, ""option_id"": 14235810320, ""user_id"": 100593322, ""balance_id"": 497753323, ""option_type_id"": 3, ""option_type"": ""turbo"", ""active_id"": 1975, ""platform_id"": 82, ""profit_percent"": 187, ""user_balance_type"": 4, ""currency"": ""USD"", ""direction"": ""put"", ""result"": ""opened"", ""amount"": 25, ""enrolled_amount"": 25, ""profit_amount"": null, ""win_enrolled_amount"": null, ""value"": 0.003215, ""expiration_value"": null, ""open_time"": 1788681129, ""open_time_millisecond"": 1788681129573, ""expiration_time"": 1788681180, ""initial_expiration_count"": 1, ""actual_expire"": null, ""user_group_id"": 191, ""requested_at"": 1788681129572, ""created_at"": 1788681129573, ""updated_at"": 1788681129644}}}}"
2026-09-06 04:16:08,CERRADA,14235841872,APPLE-OTC,turbo,put,20,pullback bajista a EMA,45.37,21.75,"ESTRATEGIA: pullback bajista a EMA, pullback bajista válido, EMA favorece venta, presión: presión neutral, RSI: 45.37, rechazo vendedor por recuperación fallida, pin bar bajista, patrón contexto: patrón bajista válido en resistencia con contexto, calidad A+, memoria permite operación, ubicación válida, MERCADO: TENDENCIA_BAJISTA - tendencia bajista moderada por avance predominante, CALIDAD MERCADO: NORMAL score 57, TENDENCIA AVANZADA: BAJISTA_NORMAL fuerza 55.27, VALIDACIÓN MERCADO: tendencia sucia: pullback bajista permitido con puntaje alto, ZONA SR: PUT permitido: señal fuerte cerca de soporte, ACCION PRECIO: acción precio: PUT con soporte cerca; decisión delegada a zonas, RUPTURA: sin ruptura confirmada de soporte",D6_6_CORE4_OOS,NO_OPERAR_SOMBRA,True,R4_PULLBACK_BAJISTA_PREMIUM,True,True,tendencia sucia: pullback bajista permitido con puntaje alto,7,8,0.545,1788682568.337746,1788682568.8832092,1,,,,,,"{""option-opened"": {""name"": ""option-opened"", ""microserviceName"": ""binary-options"", ""msg"": {""index"": 10351075407, ""option_id"": 14235841872, ""user_id"": 100593322, ""user_group_id"": 191, ""open_time"": 1788682568, ""open_time_millisecond"": 1788682568477, ""expiration_time"": 1788682620, ""amount"": 25, ""enrolled_amount"": 25, ""currency"": ""USD"", ""profit_amount"": 0, ""profit_percent"": 187, ""option_type"": ""turbo"", ""option_type_id"": 3, ""direction"": ""put"", ""value"": 324.323485, ""active"": ""APPLE-OTC"", ""params"": null, ""platform_id"": 82, ""is_demo"": false, ""aff_id"": 0, ""balance_type_id"": 4, ""robot_id"": null, ""tournament_id"": null, ""bonus_rate"": 1, ""inout_diff"": 0, ""aff_track"": """", ""country_id"": 59, ""balance"": 0, ""client_platform_id"": 82, ""is_can_trade"": true, ""currency_mask"": ""$%s"", ""active_id"": 1938, ""balance_id"": 497753323, ""requested_at"": 1788682568476, ""created_at"": 1788682568476, ""updated_at"": 1788682568548}}}"
